# Exported from USD: /armvision/Geometry/world/base_link/basement/basement
mtllib basement.mtl

g basement
v 34.71115875 78.59554291 0.00000000
v 34.71115875 78.59554291 29.00000000
v 32.31232452 77.34678650 29.00000000
v 45.31232452 81.39903259 1.00000000
v 45.31232452 81.39903259 0.00000000
v 47.81232452 81.50000000 0.00000000
v 59.89163208 79.04978943 18.20000076
v 59.89163208 79.04978943 0.00000000
v 60.91348648 78.59554291 0.00000000
v 54.11232376 20.14691353 18.20000076
v 54.11232376 20.14691353 0.00000000
v 53.19541550 19.97096062 0.00000000
v 35.73301315 21.95021629 18.20000076
v 35.73301315 21.95021629 0.00000000
v 34.71115875 22.40446091 0.00000000
v 50.89944839 81.34589386 4.99595547
v 50.97185516 81.33856964 4.98719263
v 53.19541550 81.02904510 29.00000000
v 50.98588181 81.33712006 4.98435402
v 51.04922867 81.33054352 4.97153282
v 51.07096863 81.32823181 4.96531439
v 51.12503815 81.32249451 4.94984674
v 51.14488220 81.32035065 4.94308233
v 51.15421295 81.31933594 4.93936348
v 51.21970749 81.31217194 4.91325617
v 51.23471069 81.31049347 4.90583754
v 51.29090118 81.30421448 4.87804604
v 51.31198120 81.30181122 4.86545324
v 51.35856247 81.29649353 4.83762980
v 51.38546371 81.29337311 4.81853676
v 51.42274094 81.28903961 4.79208040
v 51.43965530 81.28705597 4.77875328
v 51.45471573 81.28526306 4.76559067
v 51.50005341 81.27987671 4.72596884
v 51.51892853 81.27759552 4.70661545
v 51.55525589 81.27321625 4.66936684
v 51.57778549 81.27045441 4.64230061
v 51.60543442 81.26706696 4.60907841
v 51.63085938 81.26391602 4.57314014
v 51.65065765 81.26145935 4.54515839
v 51.66314316 81.25989532 4.52546167
v 51.67770004 81.25806427 4.49963474
v 51.70232773 81.25496674 4.45595455
v 51.71793365 81.25298309 4.42229414
v 51.73540878 81.25076294 4.38459778
v 51.75132370 81.24873352 4.34176254
v 51.76258469 81.24728394 4.31145239
v 53.19541550 81.02904510 0.00000000
v 51.77764130 81.24534607 4.25864553
v 51.78394699 81.24453735 4.23653698
v 51.78929901 81.24384308 4.21336412
v 51.79637527 81.24292755 4.17351389
v 51.80301666 81.24206543 4.13612652
v 51.80781555 81.24144745 4.08708668
v 51.81060791 81.24108124 4.05857611
v 51.81232452 81.24085236 4.00000000
v 51.81232452 81.24085236 3.00000000
v 51.80915070 81.24126434 2.92040610
v 51.80825424 81.24138641 2.91287613
v 51.79982758 81.24247742 2.84239030
v 51.79663849 81.24288940 2.82645011
v 51.78453827 81.24445343 2.76589727
v 51.77760315 81.24534607 2.74136257
v 51.76335144 81.24718475 2.69089890
v 51.75662994 81.24805450 2.67093110
v 51.75159073 81.24869537 2.65814686
v 51.72730255 81.25180054 2.59649324
v 51.71808624 81.25296021 2.57764888
v 51.69261932 81.25619507 2.52557731
v 51.67773056 81.25805664 2.50036597
v 51.65275192 81.26119232 2.45807600
v 51.63084793 81.26391602 2.42686415
v 51.60774612 81.26678467 2.39394665
v 51.59611893 81.26821136 2.37897992
v 51.57780838 81.27044678 2.35769176
v 51.54368591 81.27461243 2.31801081
v 51.51888275 81.27760315 2.29344440
v 51.48731995 81.28140259 2.26217794
v 51.45461655 81.28527069 2.23454380
v 51.42713928 81.28852081 2.21132898
v 51.38548660 81.29337311 2.18141985
v 51.36319351 81.29596710 2.16540861
v 51.27820969 81.30564880 2.11515641
v 52.08732605 81.17492676 0.00000000
v 51.31191635 81.30181885 2.13467717
v 51.34797668 81.29771423 2.15556359
v 51.23461914 81.31049347 2.09437323
v 51.20643234 81.31363678 2.08093596
v 51.15411377 81.31933594 2.06090713
v 51.13270950 81.32166290 2.05271292
v 51.07101059 81.32823181 2.03452253
v 51.05707550 81.32971954 2.03041410
v 50.95996094 81.33979034 2.01095819
v 50.51414871 81.38203430 0.00000000
v 50.98584366 81.33711243 2.01588082
v 51.03808594 81.33171844 2.02581763
v 50.89942169 81.34588623 2.00435185
v 50.88147736 81.34769440 2.00239396
v 50.81232452 81.35449982 2.00000000
v 43.81639481 81.24138641 4.08712339
v 42.42922974 81.02904510 29.00000000
v 43.81549835 81.24126434 4.07959366
v 42.42922974 81.02904510 0.00000000
v 43.81232452 81.24085236 4.00000000
v 43.53732300 81.19873810 0.00000000
v 43.81232452 81.24085236 0.00000000
v 43.82482147 81.24247742 4.15760994
v 43.82801056 81.24288940 4.17354965
v 43.84011078 81.24445343 4.23410320
v 43.84704208 81.24534607 4.25863743
v 43.86129761 81.24718475 4.30910110
v 43.86801529 81.24805450 4.32906866
v 43.87305832 81.24869537 4.34185314
v 43.89734650 81.25180054 4.40350676
v 43.90656281 81.25296021 4.42235136
v 43.93202972 81.25619507 4.47442245
v 43.94691849 81.25805664 4.49963427
v 43.97189713 81.26119232 4.54192352
v 43.99380112 81.26391602 4.57313585
v 44.01690292 81.26678467 4.60605335
v 44.02852631 81.26821136 4.62101984
v 44.04683685 81.27044678 4.64230824
v 44.08096313 81.27461243 4.68198919
v 44.10576630 81.27760315 4.70655537
v 44.13732910 81.28140259 4.73782253
v 44.17003250 81.28527069 4.76545620
v 44.19750595 81.28852081 4.78867054
v 44.23915863 81.29337311 4.81858015
v 44.26145554 81.29596710 4.83459139
v 44.27666855 81.29771423 4.84443665
v 44.31272888 81.30181885 4.86532259
v 44.34643555 81.30564880 4.88484383
v 45.11049652 81.38203430 29.00000000
v 44.39002991 81.31049347 4.90562725
v 44.41821671 81.31363678 4.91906404
v 44.47053528 81.31933594 4.93909264
v 44.49193954 81.32166290 4.94728708
v 44.55363846 81.32823181 4.96547699
v 44.56757355 81.32971954 4.96958637
v 44.58656311 81.33171844 4.97418213
v 44.63880539 81.33711243 4.98411942
v 44.66468811 81.33979034 4.98904181
v 44.81232452 81.35449982 5.00000000
v 45.11049652 81.38203430 5.00000000
v 47.81232452 81.50000000 5.00000000
v 47.81232452 81.50000000 29.00000000
v 50.51414871 81.38203430 5.00000000
v 50.51414871 81.38203430 29.00000000
v 50.81232452 81.35449982 5.00000000
v 50.89290237 81.34655762 4.99674797
v 44.72522736 81.34588623 4.99564838
v 44.74316788 81.34769440 4.99760580
v 41.51232529 80.85308838 0.00000000
v 41.51232529 80.85308838 18.20000076
v 39.78893280 80.44370270 18.20000076
v 39.78893280 80.44370270 29.00000000
v 37.20970154 79.63047028 29.00000000
v 35.73301315 79.04978943 0.00000000
v 35.73301315 79.04978943 18.20000076
v 37.20970154 79.63047028 18.20000076
v 37.20970154 21.36952972 18.20000076
v 34.71115875 22.40446091 29.00000000
v 37.20970154 21.36952972 29.00000000
v 39.78893280 20.55630112 29.00000000
v 39.78893280 20.55630112 18.20000076
v 41.51232529 20.14691353 18.20000076
v 42.42922974 19.97096062 29.00000000
v 41.51232529 20.14691353 0.00000000
v 53.19541550 19.97096062 29.00000000
v 55.83571625 20.55630112 18.20000076
v 55.83571625 20.55630112 29.00000000
v 58.41494751 21.36952972 29.00000000
v 60.91348648 22.40446091 29.00000000
v 59.89163208 21.95021629 18.20000076
v 58.41494751 21.36952972 18.20000076
v 60.91348648 78.59554291 29.00000000
v 58.41494751 79.63047028 18.20000076
v 58.41494751 79.63047028 29.00000000
v 55.83571625 80.44370270 29.00000000
v 54.11232376 80.85308838 0.00000000
v 54.11232376 80.85308838 18.20000076
v 55.83571625 80.44370270 18.20000076
v 46.22519684 81.45933533 1.99594676
v 46.15339279 81.45558167 1.98728943
v 46.13877106 81.45478058 1.98434150
v 46.00074768 81.44702148 1.95022106
v 46.05368042 81.45005798 1.96530318
v 46.07629776 81.45135498 1.97174633
v 45.70341873 81.42818451 1.79324162
v 45.68696594 81.42706299 1.78033781
v 45.66996002 81.42587280 1.76555359
v 45.88994980 81.44032288 1.90581071
v 45.83513641 81.43688965 1.87880182
v 45.81267548 81.43542480 1.86543536
v 45.90621185 81.44134521 1.91382337
v 45.97044754 81.44522095 1.93933165
v 45.98088455 81.44585419 1.94347739
v 45.76755142 81.43249512 1.83858502
v 45.73918915 81.43058777 1.81853044
v 45.62640762 81.42283630 1.72768378
v 45.60573959 81.42136383 1.70659399
v 45.57102966 81.41886902 1.67117751
v 45.54687119 81.41709900 1.64229381
v 45.52065277 81.41517639 1.61094666
v 45.44697571 81.40962219 1.49961388
v 45.42398834 81.40785980 1.45919240
v 45.40672302 81.40651703 1.42228830
v 45.46357727 81.41089630 1.52879775
v 45.47521973 81.41178131 1.54704154
v 45.49377823 81.41316223 1.57314587
v 45.39052582 81.40525818 1.38767862
v 45.37330627 81.40390015 1.34176755
v 45.32826614 81.40032196 1.17351162
v 45.32218170 81.39982605 1.14008427
v 45.31679153 81.39939880 1.08708811
v 45.36301041 81.40309143 1.31432068
v 45.34696579 81.40180969 1.25865602
v 45.34133911 81.40135956 1.23914039
v 45.31425858 81.39918518 1.06216121
v 45.33630371 81.40096283 1.21767545
v 50.51414871 81.38203430 2.00000000
v 47.81232452 81.50000000 2.00000000
v 46.31232452 81.46369171 2.00000000
v 46.23205185 81.45970154 1.99677300
v 63.31232071 77.34678650 0.00000000
v 63.31232071 77.34678650 29.00000000
v 64.67458344 76.47893524 0.00000000
v 65.59320068 75.89371490 29.00000000
v 65.59320068 75.89371490 0.00000000
v 67.73873901 74.24737549 0.00000000
v 67.73873901 74.24737549 29.00000000
v 69.73263550 72.42031097 0.00000000
v 69.73263550 72.42031097 29.00000000
v 71.55970001 70.42642212 0.00000000
v 71.55970001 70.42642212 29.00000000
v 73.20603943 68.28087616 0.00000000
v 73.20603943 68.28087616 29.00000000
v 74.65911102 66.00000000 0.00000000
v 74.65911102 66.00000000 29.00000000
v 75.90786743 63.60116577 0.00000000
v 75.90786743 63.60116577 29.00000000
v 76.94279480 61.10262680 0.00000000
v 76.94279480 61.10262680 29.00000000
v 77.75602722 58.52339554 0.00000000
v 77.75602722 58.52339554 29.00000000
v 78.34136200 55.88309479 0.00000000
v 78.34136200 55.88309479 29.00000000
v 78.69435883 53.20182800 0.00000000
v 78.69435883 53.20182800 29.00000000
v 78.81232452 50.50000000 0.00000000
v 78.81232452 50.50000000 29.00000000
v 78.73264313 48.67499924 0.00000000
v 78.69435883 47.79817581 29.00000000
v 78.69435883 47.79817581 0.00000000
v 78.34136200 45.11690903 0.00000000
v 78.34136200 45.11690903 29.00000000
v 77.75602722 42.47660828 0.00000000
v 77.75602722 42.47661209 29.00000000
v 76.94279480 39.89737701 0.00000000
v 76.94279480 39.89737701 29.00000000
v 75.90786743 37.39883804 0.00000000
v 75.90786743 37.39883804 29.00000000
v 74.65911102 35.00000381 0.00000000
v 74.65911102 35.00000381 29.00000000
v 73.20603943 32.71913147 0.00000000
v 73.20603943 32.71913147 29.00000000
v 71.55970001 30.57358551 0.00000000
v 71.55970001 30.57358551 29.00000000
v 69.73263550 28.57969093 0.00000000
v 69.73263550 28.57969093 29.00000000
v 67.73873901 26.75262451 0.00000000
v 67.73873901 26.75262451 29.00000000
v 65.59320068 25.10628891 0.00000000
v 65.59320068 25.10628891 29.00000000
v 63.31232071 23.65321541 0.00000000
v 63.31232071 23.65321541 29.00000000
v 60.91348648 22.40446091 0.00000000
v 59.89163208 21.95021629 0.00000000
v 52.08732605 19.82507896 0.00000000
v 50.51414871 19.61796570 29.00000000
v 50.51414871 19.61796570 0.00000000
v 47.81232452 19.50000191 0.00000000
v 47.81232452 19.50000191 29.00000000
v 45.11049652 19.61796570 0.00000000
v 45.11049652 19.61796570 29.00000000
v 43.53732300 19.82507896 0.00000000
v 42.42922974 19.97096062 0.00000000
v 32.31232452 23.65321541 0.00000000
v 32.31232452 23.65321541 29.00000000
v 30.03145409 25.10628891 0.00000000
v 30.03145409 25.10628891 29.00000000
v 27.88590813 26.75262451 0.00000000
v 27.88590813 26.75262451 29.00000000
v 25.89201355 28.57969093 0.00000000
v 25.89201355 28.57969093 29.00000000
v 24.06494713 30.57358551 0.00000000
v 24.06494713 30.57358551 29.00000000
v 22.41861153 32.71913147 0.00000000
v 22.41861153 32.71913147 29.00000000
v 20.96553612 35.00000381 0.00000000
v 20.96553612 35.00000381 29.00000000
v 19.71678162 37.39883804 0.00000000
v 19.71678162 37.39883804 29.00000000
v 18.68185234 39.89737701 0.00000000
v 18.68185234 39.89737701 29.00000000
v 17.86862373 42.47660828 0.00000000
v 17.86862373 42.47661209 29.00000000
v 17.28328323 45.11690903 0.00000000
v 17.28328323 45.11690903 29.00000000
v 16.93028831 47.79817581 0.00000000
v 16.93028831 47.79817581 29.00000000
v 16.89200401 48.67499924 0.00000000
v 16.81232452 50.50000000 29.00000000
v 16.81232452 50.50000000 0.00000000
v 16.93028831 53.20182800 0.00000000
v 16.93028831 53.20182800 29.00000000
v 17.28328323 55.88309479 0.00000000
v 17.28328323 55.88309479 29.00000000
v 17.86862373 58.52339554 0.00000000
v 17.86862373 58.52339554 29.00000000
v 18.68185234 61.10262680 0.00000000
v 18.68185234 61.10262680 29.00000000
v 19.71678162 63.60116577 0.00000000
v 19.71678162 63.60116577 29.00000000
v 20.96553612 66.00000000 0.00000000
v 20.96553612 66.00000000 29.00000000
v 22.41861153 68.28087616 0.00000000
v 22.41861153 68.28087616 29.00000000
v 24.06494713 70.42642212 0.00000000
v 24.06494713 70.42642212 29.00000000
v 25.89201355 72.42031097 0.00000000
v 25.89201355 72.42031097 29.00000000
v 27.88590813 74.24737549 0.00000000
v 27.88590813 74.24737549 29.00000000
v 30.03145409 75.89371490 0.00000000
v 30.03145409 75.89371490 29.00000000
v 30.95006371 76.47893524 0.00000000
v 32.31232452 77.34678650 0.00000000
v 50.51414871 19.61796570 0.00000000
v 52.08732605 15.12500286 0.00000000
v 90.26316071 76.91829681 0.00000000
v 90.51683044 76.47893524 0.00000000
v 80.37385559 76.47893524 0.00000000
v 78.69435883 47.79817581 0.00000000
v 80.37385559 48.67499924 0.00000000
v 9.90308857 44.30527878 0.00000000
v 6.26712656 48.67499924 0.00000000
v 15.25079060 48.67499924 0.00000000
v 54.11232376 64.10000610 0.00000000
v 54.11232376 76.47893524 0.00000000
v 55.61232758 76.47893524 0.00000000
v 55.61232758 85.83135986 0.00000000
v 53.19541550 81.02904510 0.00000000
v 52.08732605 85.61588287 0.00000000
v 51.04856873 85.55237579 0.00000000
v 50.51414871 81.38203430 0.00000000
v 45.31232452 85.53125763 0.00000000
v 47.81232452 81.50000000 0.00000000
v 54.11232376 57.10000229 0.00000000
v 52.08732605 57.10000229 0.00000000
v 52.08732605 64.10000610 0.00000000
v 51.31232452 57.10000229 0.00000000
v 51.31232452 64.10000610 0.00000000
v 54.11232376 20.64606857 0.00000000
v 54.11232376 28.10000229 0.00000000
v 55.61232758 48.67499924 0.00000000
v 54.11232376 48.67499924 0.00000000
v 54.11232376 33.10000229 0.00000000
v 52.08732605 33.10000229 0.00000000
v 52.08732605 28.10000229 0.00000000
v 43.53732300 28.10000229 0.00000000
v 16.81232452 50.50000000 0.00000000
v 16.93028831 47.79817581 0.00000000
v 41.51232529 28.10000229 0.00000000
v 41.51232529 33.10000229 0.00000000
v 43.53732300 33.10000229 0.00000000
v 18.68185234 39.89737701 0.00000000
v 19.71678162 37.39883804 0.00000000
v 15.25079060 36.60842133 0.00000000
v 37.82176971 22.28040123 0.00000000
v 37.94635773 22.39802933 0.00000000
v 41.51232529 20.64606857 0.00000000
v 38.06042480 22.52588844 0.00000000
v 38.39596176 23.11990166 0.00000000
v 38.44659042 23.28359604 0.00000000
v 38.48302078 23.45102119 0.00000000
v 38.50498581 23.62095261 0.00000000
v 38.51232147 23.79213905 0.00000000
v 41.51232529 48.67499924 0.00000000
v 38.51232147 48.67499924 0.00000000
v 41.51232529 57.10000229 0.00000000
v 17.50143433 33.00000000 0.00000000
v 38.16312408 22.66304207 0.00000000
v 38.25370789 22.80848312 0.00000000
v 38.33151245 22.96114159 0.00000000
v 20.96553612 35.00000381 0.00000000
v 22.41861153 32.71913147 0.00000000
v 20.70570946 26.98563576 0.00000000
v 17.28328323 45.11690903 0.00000000
v 17.86862373 42.47660828 0.00000000
v 32.31232452 23.65321541 0.00000000
v 34.71115875 22.40446091 0.00000000
v 23.53750420 20.64606857 0.00000000
v 35.89352798 21.89027214 0.00000000
v 36.05858612 21.84428596 0.00000000
v 36.22697449 21.81259918 0.00000000
v 36.39745712 21.79543877 0.00000000
v 36.56878281 21.79293442 0.00000000
v 36.73969269 21.80510330 0.00000000
v 37.23746490 21.92822456 0.00000000
v 37.39434052 21.99713326 0.00000000
v 24.06494713 30.57358551 0.00000000
v 25.89201355 28.57969093 0.00000000
v 23.49292183 20.76700211 0.00000000
v 27.88590813 26.75262451 0.00000000
v 30.03145409 25.10628891 0.00000000
v 36.90893555 21.83185768 0.00000000
v 37.07526779 21.87299919 0.00000000
v 37.54474640 22.07921410 0.00000000
v 37.68756866 22.17386818 0.00000000
v 41.51232529 64.10000610 0.00000000
v 43.53732300 64.10000610 0.00000000
v 43.53732300 57.10000229 0.00000000
v 44.31232452 64.10000610 0.00000000
v 44.31232452 57.10000229 0.00000000
v 15.25079060 86.22660828 0.00000000
v 16.18050766 86.63390350 0.00000000
v 15.25079060 76.47893524 0.00000000
v 17.73727608 87.16815948 0.00000000
v 41.51232529 76.47893524 0.00000000
v 38.51232147 76.47893524 0.00000000
v 38.51232147 77.20786285 0.00000000
v 38.16312408 78.33695984 0.00000000
v 38.06042480 78.47412109 0.00000000
v 36.56878281 79.20706940 0.00000000
v 36.39745712 79.20456696 0.00000000
v 32.90242386 86.61777496 0.00000000
v 36.22697449 79.18740845 0.00000000
v 36.05858612 79.15571594 0.00000000
v 19.33270454 87.57258606 0.00000000
v 20.95598793 87.84447479 0.00000000
v 22.59612656 87.98197174 -0.00000000
v 35.89352798 79.10972595 0.00000000
v 27.50650215 87.58333588 0.00000000
v 34.71115875 78.59554291 0.00000000
v 25.88251305 87.85095215 0.00000000
v 32.31232452 77.34678650 0.00000000
v 24.24201775 87.98413086 -0.00000000
v 38.39596176 77.88009644 0.00000000
v 38.33151245 78.03886414 0.00000000
v 38.25370789 78.19152069 0.00000000
v 37.68756866 78.82613373 0.00000000
v 37.54474640 78.92079163 0.00000000
v 37.39434052 79.00286865 0.00000000
v 37.23746490 79.07177734 0.00000000
v 38.50498581 77.37905121 0.00000000
v 38.48302078 77.54898071 0.00000000
v 38.44659042 77.71640778 0.00000000
v 37.94635773 78.60197449 0.00000000
v 37.82176971 78.71960449 0.00000000
v 37.07526779 79.12700653 0.00000000
v 36.90893555 79.16815186 0.00000000
v 36.73969269 79.19490051 0.00000000
v 38.34314728 85.94934082 0.00000000
v 42.42922974 81.02904510 0.00000000
v 43.53732300 85.59860229 0.00000000
v 43.81232452 85.58003235 0.00000000
v 5.10782003 76.47893524 0.00000000
v 5.36148643 76.91829681 0.00000000
v 7.20068073 79.66666412 0.00000000
v 8.21498013 80.96288300 0.00000000
v 9.33242226 82.17129517 0.00000000
v 14.67293549 85.97345734 0.00000000
v 13.22477722 85.19127655 0.00000000
v 11.84583473 84.29267883 0.00000000
v 10.54544735 83.28374481 0.00000000
v 13.55356693 72.26954651 0.00000000
v 13.47845078 72.45088959 0.00000000
v 13.38781452 72.62500000 0.00000000
v 13.28234768 72.79055023 0.00000000
v 9.59616566 72.79055023 0.00000000
v 9.49069881 72.62500000 0.00000000
v 4.83132172 76.00003052 0.00000000
v 9.40006638 72.45088959 0.00000000
v 9.32494926 72.26954651 0.00000000
v 9.26592541 72.08234406 0.00000000
v 9.22343922 71.89070892 0.00000000
v 13.16285896 72.94627380 0.00000000
v 13.03024578 73.09099579 0.00000000
v 12.88552952 73.22360229 0.00000000
v 12.39014816 73.53919983 0.00000000
v 12.20880032 73.61431122 0.00000000
v 9.19781971 71.69610596 0.00000000
v 9.18925571 71.50000000 0.00000000
v 9.19781971 71.30390167 0.00000000
v 9.22343922 71.10929871 0.00000000
v 9.26592541 70.91765594 0.00000000
v 4.83132172 50.41300201 0.00000000
v 9.32494926 70.73045349 0.00000000
v 9.40006638 70.54911041 0.00000000
v 12.72980499 73.34310150 0.00000000
v 12.56425667 73.44856262 0.00000000
v 12.02160072 73.67333984 0.00000000
v 11.82996464 73.71582031 0.00000000
v 11.63535595 73.74143982 0.00000000
v 9.71565723 72.94627380 0.00000000
v 9.84826660 73.09099579 0.00000000
v 10.85691547 73.67333984 0.00000000
v 10.66971207 73.61431122 0.00000000
v 10.48836517 73.53919983 0.00000000
v 10.31425571 73.44856262 0.00000000
v 10.14871120 73.34310150 0.00000000
v 9.99298286 73.22360229 0.00000000
v 13.68069649 71.30390167 0.00000000
v 13.68925762 71.50000000 0.00000000
v 13.68069649 71.69610596 0.00000000
v 13.65507412 71.89070892 0.00000000
v 13.61259079 72.08234406 0.00000000
v 11.43925667 73.75000763 0.00000000
v 11.24315739 73.74143982 0.00000000
v 11.04854774 73.71582031 0.00000000
v 9.71565723 70.05372620 0.00000000
v 9.84826660 69.90901184 0.00000000
v 11.63535595 69.25856018 0.00000000
v 11.82996464 69.28418732 0.00000000
v 13.65507412 71.10929871 0.00000000
v 13.61259079 70.91765594 0.00000000
v 12.88552952 69.77639771 0.00000000
v 13.03024578 69.90901184 0.00000000
v 13.38781452 70.37500000 0.00000000
v 13.47845078 70.54911041 0.00000000
v 13.55356693 70.73045349 0.00000000
v 9.49069881 70.37500000 0.00000000
v 9.59616566 70.20945740 0.00000000
v 9.99298286 69.77639771 0.00000000
v 10.14871120 69.65690613 0.00000000
v 10.31425571 69.55144501 0.00000000
v 10.48836517 69.46080780 0.00000000
v 10.66971207 69.38568878 0.00000000
v 5.54430485 49.54369354 0.00000000
v 10.85691547 69.32666779 0.00000000
v 12.02160072 69.32666779 0.00000000
v 12.20880032 69.38568878 0.00000000
v 12.39014816 69.46080780 0.00000000
v 13.16285896 70.05372620 0.00000000
v 13.28234768 70.20945740 0.00000000
v 11.04854774 69.28418732 0.00000000
v 11.24315739 69.25856018 0.00000000
v 11.43925667 69.25000000 0.00000000
v 12.56425667 69.55144501 0.00000000
v 12.72980499 69.65690613 0.00000000
v 3.70799017 74.05435944 0.00000000
v 4.50054932 50.81629944 0.00000000
v 2.24742675 71.08737946 0.00000000
v 3.56496501 52.17042160 0.00000000
v 1.63202739 69.56086731 0.00000000
v 2.74389243 53.59688950 0.00000000
v 1.14422667 67.98892212 0.00000000
v 2.04289341 55.08603668 0.00000000
v 0.78733265 66.38219452 0.00000000
v 1.46671009 56.62778091 0.00000000
v 0.56375933 64.75155640 0.00000000
v 1.01925063 58.21168137 0.00000000
v 0.47501922 63.10805511 0.00000000
v 0.70353973 59.82700729 0.00000000
v 0.52171946 61.46282578 0.00000000
v 13.89497852 38.78216934 0.00000000
v 25.57288742 15.12500286 0.00000000
v 42.42922974 19.97096062 0.00000000
v 43.53732300 15.12500286 0.00000000
v 25.85012627 14.37297821 0.00000000
v 43.53732300 0.70102143 0.00000000
v 26.43035889 12.83275318 0.00000000
v 42.85906982 0.74595213 0.00000000
v 27.13527107 11.34545326 0.00000000
v 41.22937012 0.97625703 0.00000000
v 27.96009064 9.92115211 0.00000000
v 39.62412643 1.33978200 0.00000000
v 28.89923096 8.56949425 0.00000000
v 38.05421066 1.83406842 0.00000000
v 29.94632912 7.29963541 0.00000000
v 36.53025055 2.45576715 0.00000000
v 31.09429550 6.12017155 0.00000000
v 35.06256866 3.20066500 0.00000000
v 32.33535767 5.03909588 0.00000000
v 33.66110992 4.06372547 0.00000000
v 47.61622620 10.74143887 0.00000000
v 47.81232452 10.75000286 0.00000000
v 48.00842285 10.74143887 0.00000000
v 47.42161560 10.71582031 0.00000000
v 47.22998428 10.67333698 0.00000000
v 47.04277802 10.61430931 0.00000000
v 48.93732452 6.55144453 0.00000000
v 49.10287094 6.65691137 0.00000000
v 52.08732605 0.70102143 0.00000000
v 49.46582031 0.52734840 0.00000000
v 48.00842285 6.25856209 0.00000000
v 48.20303345 6.28418493 0.00000000
v 49.25859833 10.22360134 0.00000000
v 49.10287094 10.34309387 0.00000000
v 46.86143112 10.53919315 0.00000000
v 46.68732452 10.44855976 0.00000000
v 46.52177429 10.34309387 0.00000000
v 47.22998428 6.32666779 0.00000000
v 47.42161560 6.28418493 0.00000000
v 46.15882874 0.52734840 0.00000000
v 47.61622620 6.25856209 0.00000000
v 47.81232452 6.25000143 0.00000000
v 46.08872604 7.05372906 0.00000000
v 46.22133636 6.90901279 0.00000000
v 46.36605072 6.77640009 0.00000000
v 46.52177429 6.65691137 0.00000000
v 49.25859833 6.77640009 0.00000000
v 49.40331268 6.90901279 0.00000000
v 49.53592300 7.05372906 0.00000000
v 46.36605072 10.22360134 0.00000000
v 46.22133636 10.09099197 0.00000000
v 46.08872604 9.94627571 0.00000000
v 48.39466476 6.32666779 0.00000000
v 48.58186722 6.38569498 0.00000000
v 48.76321411 6.46080828 0.00000000
v 50.05376053 8.30390263 0.00000000
v 50.06232452 8.50000191 0.00000000
v 49.40331268 10.09099197 0.00000000
v 48.93732452 10.44855976 0.00000000
v 48.76321411 10.53919315 0.00000000
v 48.58186722 10.61430931 0.00000000
v 48.39466476 10.67333698 0.00000000
v 48.20303345 10.71582031 0.00000000
v 45.59650803 8.10929394 0.00000000
v 45.63898849 7.91765738 0.00000000
v 45.69801712 7.73045778 0.00000000
v 45.77312851 7.54911089 0.00000000
v 46.68732452 6.55144453 0.00000000
v 46.86143112 6.46080828 0.00000000
v 47.04277802 6.38569498 0.00000000
v 49.76088333 9.62500286 0.00000000
v 49.65541458 9.79054737 0.00000000
v 49.53592300 9.94627571 0.00000000
v 45.96923447 9.79054737 0.00000000
v 45.86376572 9.62500286 0.00000000
v 45.77312851 9.45089340 0.00000000
v 50.05376053 8.69610119 0.00000000
v 50.02814102 8.89071083 0.00000000
v 49.98565674 9.08234310 0.00000000
v 45.69801712 9.26954651 0.00000000
v 45.63898849 9.08234310 0.00000000
v 45.59650803 8.89071083 0.00000000
v 45.86376572 7.37500191 0.00000000
v 45.96923447 7.20945358 0.00000000
v 49.65541458 7.20945358 0.00000000
v 49.76088333 7.37500191 0.00000000
v 49.85151672 7.54911089 0.00000000
v 49.92663193 9.26954651 0.00000000
v 49.85151672 9.45089340 0.00000000
v 45.57088852 8.69610119 0.00000000
v 45.56232452 8.50000191 0.00000000
v 45.57088852 8.30390263 0.00000000
v 49.92663193 7.73045778 0.00000000
v 49.98565674 7.91765738 0.00000000
v 50.02814102 8.10929394 0.00000000
v 52.76557922 0.74595213 0.00000000
v 55.61232758 15.12500286 0.00000000
v 54.39527893 0.97625703 0.00000000
v 55.61232758 1.25186896 0.00000000
v 69.77452087 14.37297821 0.00000000
v 69.19429016 12.83275318 0.00000000
v 68.48937225 11.34545326 0.00000000
v 64.53034973 6.12017155 0.00000000
v 63.28929138 5.03909588 0.00000000
v 61.96353912 4.06372547 0.00000000
v 65.67832184 7.29963541 0.00000000
v 66.72541809 8.56949425 0.00000000
v 67.66455841 9.92115211 0.00000000
v 56.00052261 1.33978200 0.00000000
v 57.57043839 1.83406842 0.00000000
v 59.09439850 2.45576715 0.00000000
v 60.56207657 3.20066500 0.00000000
v 55.61232758 20.64606857 0.00000000
v 72.08714294 20.64606857 0.00000000
v 70.05175781 15.12500286 0.00000000
v 59.05586624 21.79293442 0.00000000
v 59.22719193 21.79543877 0.00000000
v 76.94279480 39.89737701 0.00000000
v 77.75602722 42.47660828 0.00000000
v 80.37385559 36.60842133 0.00000000
v 78.12321472 33.00000000 0.00000000
v 74.65911102 35.00000381 0.00000000
v 75.90786743 37.39883804 0.00000000
v 78.34136200 45.11690903 0.00000000
v 59.56606293 21.84428596 0.00000000
v 59.73111725 21.89027214 0.00000000
v 60.91348648 22.40446091 0.00000000
v 63.31232071 23.65321541 0.00000000
v 65.59320068 25.10628891 0.00000000
v 72.13172150 20.76700211 0.00000000
v 67.73873901 26.75262451 0.00000000
v 74.91893768 26.98563576 0.00000000
v 57.14162827 23.45102119 0.00000000
v 57.17805862 23.28359604 0.00000000
v 57.67829132 22.39802933 0.00000000
v 57.80287933 22.28040123 0.00000000
v 58.23030853 21.99713326 0.00000000
v 58.38718414 21.92822456 0.00000000
v 58.54938126 21.87299919 0.00000000
v 59.39767456 21.81259918 0.00000000
v 69.73263550 28.57969093 0.00000000
v 71.55970001 30.57358551 0.00000000
v 73.20603943 32.71913147 0.00000000
v 57.22868347 23.11990166 0.00000000
v 57.29313660 22.96114159 0.00000000
v 57.37093735 22.80848312 0.00000000
v 57.46152115 22.66304207 0.00000000
v 57.56422424 22.52588844 0.00000000
v 57.93707657 22.17386818 0.00000000
v 58.07990265 22.07921410 0.00000000
v 58.71571350 21.83185768 0.00000000
v 58.88495636 21.80510330 0.00000000
v 57.11232376 48.67499924 0.00000000
v 57.11232376 23.79213905 0.00000000
v 57.11966324 23.62095261 0.00000000
v 89.35752869 48.67499924 0.00000000
v 85.72155762 44.30527878 0.00000000
v 81.72966766 38.78216934 0.00000000
v 84.18539429 73.75000763 0.00000000
v 83.98929596 73.74143982 0.00000000
v 83.79468536 73.71582031 0.00000000
v 81.96957397 71.89070892 0.00000000
v 81.94395447 71.69610596 0.00000000
v 82.14619446 70.54911041 0.00000000
v 82.07108307 70.73045349 0.00000000
v 82.01205444 70.91765594 0.00000000
v 83.60305023 73.67333984 0.00000000
v 83.41584778 73.61431122 0.00000000
v 83.23450470 73.53919983 0.00000000
v 82.01205444 72.08234406 0.00000000
v 86.35872650 72.08234406 0.00000000
v 86.29970551 72.26954651 0.00000000
v 91.91665649 74.05435944 0.00000000
v 86.22458649 72.45088959 0.00000000
v 86.13394928 72.62500000 0.00000000
v 86.02848816 72.79055023 0.00000000
v 82.73911285 73.22360229 0.00000000
v 82.59439850 73.09099579 0.00000000
v 81.93539429 71.50000000 0.00000000
v 81.94395447 71.30390167 0.00000000
v 81.96957397 71.10929871 0.00000000
v 82.46179199 70.05372620 0.00000000
v 82.59439850 69.90901184 0.00000000
v 85.90899658 72.94627380 0.00000000
v 85.77638245 73.09099579 0.00000000
v 85.63166809 73.22360229 0.00000000
v 85.47593689 73.34310150 0.00000000
v 85.31039429 73.44856262 0.00000000
v 85.13627625 73.53919983 0.00000000
v 84.57610321 73.71582031 0.00000000
v 84.38149261 73.74143982 0.00000000
v 83.06039429 73.44856262 0.00000000
v 82.89484406 73.34310150 0.00000000
v 82.46179199 72.94627380 0.00000000
v 82.34230042 72.79055023 0.00000000
v 82.23683167 72.62500000 0.00000000
v 83.79468536 69.28418732 0.00000000
v 83.98929596 69.25856018 0.00000000
v 84.18539429 69.25000000 0.00000000
v 86.42682648 71.30390167 0.00000000
v 86.43539429 71.50000000 0.00000000
v 93.37722015 71.08737946 0.00000000
v 86.42682648 71.69610596 0.00000000
v 86.40120697 71.89070892 0.00000000
v 84.95493317 73.61431122 0.00000000
v 84.76773071 73.67333984 0.00000000
v 82.14619446 72.45088959 0.00000000
v 82.07108307 72.26954651 0.00000000
v 83.06039429 69.55144501 0.00000000
v 83.23450470 69.46080780 0.00000000
v 82.23683167 70.37500000 0.00000000
v 82.34230042 70.20945740 0.00000000
v 82.73911285 69.77639771 0.00000000
v 82.89484406 69.65690613 0.00000000
v 83.41584778 69.38568878 0.00000000
v 83.60305023 69.32666779 0.00000000
v 86.40120697 71.10929871 0.00000000
v 93.99262238 69.56086731 0.00000000
v 86.35872650 70.91765594 0.00000000
v 94.48042297 67.98892212 0.00000000
v 86.29970551 70.73045349 0.00000000
v 86.22458649 70.54911041 0.00000000
v 94.83731842 66.38219452 0.00000000
v 86.13394928 70.37500000 0.00000000
v 95.06088257 64.75155640 0.00000000
v 86.02848816 70.20945740 0.00000000
v 95.14962769 63.10805511 0.00000000
v 85.90899658 70.05372620 0.00000000
v 95.10292816 61.46282578 0.00000000
v 85.77638245 69.90901184 0.00000000
v 94.92111206 59.82700729 0.00000000
v 85.63166809 69.77639771 0.00000000
v 94.60540009 58.21168137 0.00000000
v 85.47593689 69.65690613 0.00000000
v 94.15793610 56.62778091 0.00000000
v 85.31039429 69.55144501 0.00000000
v 93.58174896 55.08603668 0.00000000
v 85.13627625 69.46080780 0.00000000
v 92.88075256 53.59688950 0.00000000
v 92.05968475 52.17042160 0.00000000
v 84.95493317 69.38568878 0.00000000
v 91.12409973 50.81629944 0.00000000
v 84.76773071 69.32666779 0.00000000
v 90.08034515 49.54369354 0.00000000
v 84.57610321 69.28418732 0.00000000
v 84.38149261 69.25856018 0.00000000
v 88.42396545 79.66666412 0.00000000
v 80.37385559 86.22660828 0.00000000
v 80.95171356 85.97345734 0.00000000
v 87.40966797 80.96288300 0.00000000
v 82.39987183 85.19127655 0.00000000
v 86.29222107 82.17129517 0.00000000
v 83.77881622 84.29267883 0.00000000
v 85.07920074 83.28374481 0.00000000
v 79.44413757 86.63390350 0.00000000
v 76.29193878 87.57258606 0.00000000
v 77.88737488 87.16815948 0.00000000
v 63.31232071 77.34678650 0.00000000
v 73.02851868 87.98197174 -0.00000000
v 74.66866302 87.84447479 0.00000000
v 71.38262939 87.98413086 -0.00000000
v 69.74213409 87.85095215 0.00000000
v 59.73111725 79.10972595 0.00000000
v 59.56606293 79.15571594 0.00000000
v 62.47027206 86.58011627 0.00000000
v 68.11814880 87.58333588 0.00000000
v 60.91348648 78.59554291 0.00000000
v 58.23030853 79.00286865 0.00000000
v 58.07990265 78.92079163 0.00000000
v 57.67829132 78.60197449 0.00000000
v 57.56422424 78.47412109 0.00000000
v 57.46152115 78.33695984 0.00000000
v 57.37093735 78.19152069 0.00000000
v 57.17805862 77.71640778 0.00000000
v 57.22868347 77.88009644 0.00000000
v 57.29313660 78.03886414 0.00000000
v 59.39767456 79.18740845 0.00000000
v 59.22719193 79.20456696 0.00000000
v 56.77416229 85.90238190 0.00000000
v 59.05586624 79.20706940 0.00000000
v 58.88495636 79.19490051 0.00000000
v 57.93707657 78.82613373 0.00000000
v 57.80287933 78.71960449 0.00000000
v 57.14162827 77.54898071 0.00000000
v 57.11966324 77.37905121 0.00000000
v 57.11232376 77.20786285 0.00000000
v 58.71571350 79.16815186 0.00000000
v 58.54938126 79.12700653 0.00000000
v 58.38718414 79.07177734 0.00000000
v 53.19541550 19.97096062 0.00000000
v 45.11049652 19.61796570 0.00000000
v 47.81232452 19.50000191 0.00000000
v 30.03145409 75.89371490 0.00000000
v 27.88590813 74.24737549 0.00000000
v 25.89201355 72.42031097 0.00000000
v 24.06494713 70.42642212 0.00000000
v 22.41861153 68.28087616 0.00000000
v 20.96553612 66.00000000 0.00000000
v 19.71678162 63.60116577 0.00000000
v 18.68185234 61.10262680 0.00000000
v 17.86862373 58.52339554 0.00000000
v 17.28328323 55.88309479 0.00000000
v 16.93028831 53.20182800 0.00000000
v 77.75602722 58.52339554 0.00000000
v 76.94279480 61.10262680 0.00000000
v 75.90786743 63.60116577 0.00000000
v 74.65911102 66.00000000 0.00000000
v 73.20603943 68.28087616 0.00000000
v 78.81232452 50.50000000 0.00000000
v 78.69435883 53.20182800 0.00000000
v 78.34136200 55.88309479 0.00000000
v 71.55970001 70.42642212 0.00000000
v 69.73263550 72.42031097 0.00000000
v 67.73873901 74.24737549 0.00000000
v 65.59320068 75.89371490 0.00000000
v 57.11232376 76.47893524 0.00000000
v 50.31831741 85.41017914 5.19854784
v 49.89861679 85.43776703 5.00000000
v 47.81232452 85.50000000 5.00000000
v 53.88758850 84.95671082 30.50000000
v 53.88874817 84.96142578 6.79735851
v 53.57313538 85.02264404 30.50000000
v 53.42639160 85.04681396 6.60656977
v 50.86199951 85.36058807 30.50000000
v 47.81232452 85.50000000 30.50000000
v 50.70260239 85.38045502 30.50000000
v 50.86201859 85.35875702 5.45057249
v 51.89457703 85.26112366 5.92920113
v 58.64313126 83.78203583 8.46528053
v 56.86624908 84.29148865 30.50000000
v 59.76066971 83.39737701 8.72183609
v 59.17680740 83.60360718 30.50000000
v 59.78289795 83.38889313 8.72550392
v 59.77551651 83.36998749 30.50000000
v 60.81405258 82.99546051 8.89568329
v 57.46039581 84.14393616 8.12707615
v 56.86973953 84.30274200 7.93057585
v 56.40431595 84.42900848 30.50000000
v 56.33584595 84.44628143 7.75296021
v 54.90784454 84.77322388 7.21788359
v 77.85347748 68.45909119 8.99759579
v 77.80879974 68.53363037 8.99849796
v 78.10037994 67.98639679 30.50000000
v 77.91277313 68.35954285 8.99633694
v 78.08666229 68.06316376 8.99383736
v 78.03590393 68.15036011 8.99425220
v 77.99130249 68.22652435 8.99486351
v 77.74140167 68.64526367 8.99956703
v 77.67356873 68.75667572 9.00000000
v 77.11315155 69.64318085 30.50000000
v 76.47167206 70.56790161 9.00000000
v 76.45951080 70.55866241 30.50000000
v 76.23731995 70.92106628 9.00000000
v 75.43224335 71.99745178 30.50000000
v 74.64450836 72.97296906 9.00000000
v 74.60134125 72.97848511 30.50000000
v 74.62300110 72.99678040 9.00000000
v 73.56266022 74.20485687 30.50000000
v 72.90389252 74.90109253 9.00000000
v 72.53991699 75.22759247 30.50000000
v 72.55090332 75.23809052 9.00000000
v 71.51717377 76.25033569 30.50000000
v 71.02507782 76.69480896 9.00000000
v 70.29080200 77.28902435 30.50000000
v 70.29572296 77.29431915 9.00000000
v 69.30976868 78.11991882 30.50000000
v 69.01840973 78.34424591 9.00000000
v 67.87097931 79.14718628 30.50000000
v 67.87370300 79.15073395 9.00000000
v 66.95550537 79.80082703 30.50000000
v 66.89493561 79.84031677 9.00000000
v 65.29872131 80.78806305 30.50000000
v 65.30222321 80.79402161 9.00000000
v 64.47048187 81.28158569 30.50000000
v 64.66634369 81.17477417 9.00000000
v 62.59342194 82.19921875 30.50000000
v 62.59973526 82.21234894 9.00000000
v 61.87166214 82.55207062 30.50000000
v 62.34493256 82.34027863 9.00000000
v 61.80826187 82.57980347 8.98627377
v 78.59391022 67.15816498 30.50000000
v 78.50743103 67.31697083 8.99975491
v 78.45733643 67.40808868 8.99905014
v 78.41011047 67.49339294 8.99812317
v 78.36562347 67.57324982 8.99714184
v 78.32373047 67.64801025 8.99621582
v 78.28428650 67.71800232 8.99541092
v 78.20989990 67.84899139 8.99425411
v 78.14435577 67.96333313 8.99377632
v 78.12317657 67.99998474 8.99379921
v 80.70043945 62.47034836 9.00000000
v 80.69057465 62.50086594 9.00000000
v 79.86438751 64.55934143 30.50000000
v 79.70997620 64.90624237 9.00000000
v 79.51153564 65.28109741 30.50000000
v 79.52130890 65.28578186 9.00000000
v 78.55368805 67.23226166 9.00000000
v 82.67291260 47.45032501 30.50000000
v 82.66973877 47.45009995 9.00000000
v 82.69277954 47.60972595 30.50000000
v 82.80447388 49.75862885 9.00000000
v 82.81232452 50.50000000 30.50000000
v 80.68230438 62.46319580 30.50000000
v 80.91592407 61.86448288 30.50000000
v 81.49006653 60.02939606 9.00000000
v 81.60381317 59.55392838 30.50000000
v 81.60543823 59.55519104 9.00000000
v 81.74133301 59.09199142 30.50000000
v 82.10407257 57.50543594 9.00000000
v 82.26903534 56.57526398 30.50000000
v 82.25858307 56.57403564 9.00000000
v 82.33496857 56.26081467 30.50000000
v 82.52919006 54.94288635 9.00000000
v 82.67291260 53.54967880 30.50000000
v 82.65528107 53.54829407 9.00000000
v 82.69277954 53.39027786 30.50000000
v 82.76309204 52.35586929 9.00000000
v 82.79266357 50.49968719 9.00000000
v 82.05081177 43.23873901 8.46528053
v 82.27645874 44.39888763 8.72183609
v 81.60381317 41.44607544 30.50000000
v 81.74133301 41.90801239 30.50000000
v 82.28022766 44.42237473 8.72550392
v 82.26903534 44.42473984 30.50000000
v 82.45508575 45.51210022 8.89568329
v 82.33496857 44.73918915 30.50000000
v 82.59221649 46.58093643 8.98627377
v 82.65312195 47.16547394 9.00000000
v 80.68230438 38.53680801 30.50000000
v 81.47241974 40.90844727 7.75296021
v 80.91592407 39.13552094 30.50000000
v 81.61505890 41.44258118 7.93057585
v 81.77286530 42.03350830 8.12707615
v 79.51153564 35.71889877 30.50000000
v 80.51728058 38.03459549 6.58212185
v 79.86438751 36.44066238 30.50000000
v 80.69441986 38.53184509 6.79687166
v 81.03199005 39.47939301 7.20609522
v 78.10967255 32.97657394 4.01303196
v 78.12321472 33.00000000 4.00000000
v 78.10037994 33.01360703 30.50000000
v 78.13673401 33.02343750 4.01303196
v 78.50730133 33.68280029 4.37706757
v 79.25525665 35.12657166 5.15216017
v 78.59391022 33.84184647 30.50000000
v 79.52510071 35.71205139 5.45034838
v 79.92539978 36.58059311 5.89270020
v 74.60134125 28.02152061 30.50000000
v 74.61810303 28.00734901 6.79687166
v 75.43224335 29.00255585 30.50000000
v 74.96015930 28.40938759 6.58212185
v 76.45951080 30.44134140 30.50000000
v 75.92343140 29.64896011 5.89270020
v 76.47544861 30.42990875 5.45034838
v 77.11315155 31.35681915 30.50000000
v 76.84756470 30.95634460 5.15216017
v 77.72393799 32.32596970 4.37706757
v 70.29080200 23.71097946 30.50000000
v 70.30965424 23.68873787 8.72550392
v 71.51717377 24.74966431 30.50000000
v 70.32810974 23.70374489 8.72183609
v 72.53991699 25.77240562 30.50000000
v 71.22000122 24.47923088 8.46528053
v 72.12479401 25.32255554 8.12707615
v 72.55764771 25.75468254 7.93057585
v 73.56266022 26.79514694 30.50000000
v 72.94890594 26.14527893 7.75296021
v 73.96628571 27.24123192 7.20609522
v 65.29872131 20.21194267 30.50000000
v 65.95044708 20.56659889 9.00000000
v 66.95550537 21.19917488 30.50000000
v 67.88232422 21.83755302 9.00000000
v 67.87097931 21.85281181 30.50000000
v 68.12050629 21.99425507 9.00000000
v 69.30976868 22.88008499 30.50000000
v 68.59628296 22.33926392 8.98627377
v 69.45335388 22.99244118 8.89568329
v 48.34477234 15.50405121 8.99759579
v 48.43167114 15.50548172 8.99849796
v 47.81232452 15.50000191 30.50000000
v 48.22891998 15.50248241 8.99633694
v 47.88529968 15.50007629 8.99383736
v 47.98618317 15.50043392 8.99425220
v 48.07445526 15.50098515 8.99486351
v 48.56203842 15.50803375 8.99956703
v 48.69244766 15.51106930 9.00000000
v 50.70260239 15.61954594 30.50000000
v 50.86195374 15.64633083 9.00000000
v 50.86199951 15.63941288 30.50000000
v 51.28498459 15.67270565 9.00000000
v 53.57313538 15.97735691 30.50000000
v 53.85839081 16.02616882 9.00000000
v 53.88758850 16.04329109 30.50000000
v 53.88976288 16.03288269 9.00000000
v 56.40431595 16.57099342 30.50000000
v 56.39849854 16.56952095 9.00000000
v 56.86624908 16.70851517 30.50000000
v 56.86685562 16.70672035 9.00000000
v 59.17680740 17.39639854 30.50000000
v 58.89131546 17.29976082 9.00000000
v 59.77551651 17.63001442 30.50000000
v 59.77518845 17.63164711 9.00000000
v 61.87166214 18.44793510 30.50000000
v 61.32310486 18.21286964 9.00000000
v 62.59342194 18.80078316 30.50000000
v 62.59389877 18.80097389 9.00000000
v 64.47048187 19.71842003 30.50000000
v 63.68047714 19.30382156 9.00000000
v 65.30276489 20.20629692 9.00000000
v 47.13265610 15.50660324 8.99905014
v 47.23014069 15.50484467 8.99812317
v 47.32153702 15.50344372 8.99714184
v 47.40723038 15.50234509 8.99621582
v 47.48756790 15.50150681 8.99541092
v 47.63819885 15.50043392 8.99425411
v 47.76998901 15.50002766 8.99377632
v 47.81232452 15.50004673 8.99379921
v 42.05151367 15.97735691 30.50000000
v 44.33966446 15.67270565 9.00000000
v 44.76264954 15.63941288 30.50000000
v 44.76269150 15.64633083 9.00000000
v 44.92204666 15.61954594 30.50000000
v 46.93220139 15.51106930 9.00000000
v 47.02869415 15.50877476 8.99975491
v 27.75366402 21.85281181 30.50000000
v 27.74232864 21.83755302 9.00000000
v 28.66913986 21.19917488 30.50000000
v 29.67420197 20.56659889 9.00000000
v 30.32592964 20.21194267 30.50000000
v 30.32188225 20.20629692 9.00000000
v 31.15416527 19.71842003 30.50000000
v 31.94417000 19.30382156 9.00000000
v 33.03122330 18.80078316 30.50000000
v 33.03074646 18.80097389 9.00000000
v 33.75298691 18.44793510 30.50000000
v 34.30154037 18.21286964 9.00000000
v 35.84913254 17.63001442 30.50000000
v 35.84946060 17.63164711 9.00000000
v 36.44784164 17.39639854 30.50000000
v 36.73333359 17.29976082 9.00000000
v 38.75839615 16.70851517 30.50000000
v 38.75779343 16.70672035 9.00000000
v 39.22033310 16.57099342 30.50000000
v 39.22614670 16.56952095 9.00000000
v 41.73706055 16.04329109 30.50000000
v 41.73488617 16.03288269 9.00000000
v 41.76625443 16.02616882 9.00000000
v 24.40464401 24.47923088 8.46528053
v 25.29653931 23.70374489 8.72183609
v 23.08472824 25.77240562 30.50000000
v 24.10746956 24.74966431 30.50000000
v 25.31499481 23.68873787 8.72550392
v 25.33384132 23.71097946 30.50000000
v 26.17129517 22.99244118 8.89568329
v 26.31487846 22.88008499 30.50000000
v 27.02836800 22.33926392 8.98627377
v 27.50413895 21.99425507 9.00000000
v 21.02330208 28.02152061 30.50000000
v 22.67574692 26.14527893 7.75296021
v 22.06198692 26.79514694 30.50000000
v 23.06699944 25.75468254 7.93057585
v 23.49985313 25.32255554 8.12707615
v 19.16513443 30.44134140 30.50000000
v 20.66449356 28.40938759 6.58212185
v 20.19240761 29.00255585 30.50000000
v 21.00654793 28.00734901 6.79687166
v 21.65836334 27.24123192 7.20609522
v 17.48791504 33.02343750 4.01303196
v 17.50143433 33.00000000 4.00000000
v 17.52426529 33.01360703 30.50000000
v 17.51497269 32.97657394 4.01303196
v 17.90071297 32.32596970 4.37706757
v 18.77707863 30.95634460 5.15216017
v 18.51149559 31.35681915 30.50000000
v 19.14919662 30.42990875 5.45034838
v 19.70122147 29.64896011 5.89270020
v 14.94233704 38.53680801 30.50000000
v 14.93022633 38.53184509 6.79687166
v 15.76025772 36.44066238 30.50000000
v 15.10737419 38.03459549 6.58212185
v 16.11310577 35.71889877 30.50000000
v 15.69924164 36.58059311 5.89270020
v 16.09955025 35.71205139 5.45034838
v 17.03074265 33.84184647 30.50000000
v 16.36939812 35.12657166 5.15216017
v 17.11734390 33.68280029 4.37706757
v 13.35561275 44.42473984 30.50000000
v 13.34442234 44.42237473 8.72550392
v 13.88331509 41.90801239 30.50000000
v 13.34819221 44.39888763 8.72183609
v 14.02083778 41.44607544 30.50000000
v 13.57383633 43.23873901 8.46528053
v 13.85178089 42.03350830 8.12707615
v 14.00958729 41.44258118 7.93057585
v 14.70872021 39.13552094 30.50000000
v 14.15222931 40.90844727 7.75296021
v 14.59265900 39.47939301 7.20609522
v 12.81232357 50.50000000 30.50000000
v 12.82017708 49.75862885 9.00000000
v 12.93186855 47.60972595 30.50000000
v 12.95491695 47.45009995 9.00000000
v 12.95173550 47.45032501 30.50000000
v 12.97153187 47.16547394 9.00000000
v 13.28967857 44.73918915 30.50000000
v 13.03243256 46.58093643 8.98627377
v 13.16956425 45.51210022 8.89568329
v 15.76025772 64.55934143 30.50000000
v 14.93407440 62.50086594 9.00000000
v 14.94233704 62.46319580 30.50000000
v 14.92420197 62.47034836 9.00000000
v 14.70872021 61.86448288 30.50000000
v 14.13457870 60.02939606 9.00000000
v 14.02083778 59.55392838 30.50000000
v 14.01921749 59.55519104 9.00000000
v 13.88331509 59.09199142 30.50000000
v 13.52057648 57.50543594 9.00000000
v 13.35561275 56.57526398 30.50000000
v 13.36606216 56.57403564 9.00000000
v 13.28967857 56.26081467 30.50000000
v 13.09545708 54.94288635 9.00000000
v 12.95173550 53.54967880 30.50000000
v 12.96937084 53.54829407 9.00000000
v 12.93186855 53.39027786 30.50000000
v 12.86156082 52.35586929 9.00000000
v 12.83198547 50.49968719 9.00000000
v 17.46501350 67.93675995 8.99383736
v 17.41487885 67.84922028 8.99425220
v 17.52426529 67.98639679 30.50000000
v 17.37121964 67.77249908 8.99486351
v 17.29528427 67.63797760 8.99633694
v 17.23871803 67.53685760 8.99759579
v 17.19650841 67.46089172 8.99849796
v 17.03074265 67.15816498 30.50000000
v 17.13353157 67.34671783 8.99956703
v 17.07095909 67.23226166 9.00000000
v 16.11310577 65.28109741 30.50000000
v 16.10334206 65.28578186 9.00000000
v 15.91467094 64.90624237 9.00000000
v 17.84698486 68.58531189 8.99905014
v 17.79672050 68.50177002 8.99812317
v 17.74980927 68.42331696 8.99714184
v 17.70601273 68.34965515 8.99621582
v 17.66511726 68.28049469 8.99541092
v 17.58887291 68.15058136 8.99425411
v 17.52262306 68.03664398 8.99377632
v 17.50147247 67.99998474 8.99379921
v 20.19240761 71.99745178 30.50000000
v 19.38733101 70.92106628 9.00000000
v 19.16513443 70.55866241 30.50000000
v 19.15297508 70.56790161 9.00000000
v 18.51149559 69.64318085 30.50000000
v 17.95108032 68.75667572 9.00000000
v 17.90084648 68.67425537 8.99975491
v 35.84913254 83.36998749 30.50000000
v 33.81638718 82.57980347 8.98627377
v 33.75298691 82.55207062 30.50000000
v 33.27971649 82.34027863 9.00000000
v 33.03122330 82.19921875 30.50000000
v 33.02491379 82.21234894 9.00000000
v 31.15416527 81.28158569 30.50000000
v 30.95829773 81.17477417 9.00000000
v 30.32592964 80.78806305 30.50000000
v 30.32242584 80.79402161 9.00000000
v 28.66913986 79.80082703 30.50000000
v 28.72971535 79.84031677 9.00000000
v 27.75366402 79.14718628 30.50000000
v 27.75094795 79.15073395 9.00000000
v 26.31487846 78.11991882 30.50000000
v 26.60623932 78.34424591 9.00000000
v 25.33384132 77.28902435 30.50000000
v 25.32892227 77.29431915 9.00000000
v 24.10746956 76.25033569 30.50000000
v 24.59956741 76.69480896 9.00000000
v 23.08472824 75.22759247 30.50000000
v 23.07374763 75.23809052 9.00000000
v 22.06198692 74.20485687 30.50000000
v 22.72075462 74.90109253 9.00000000
v 21.02330208 72.97848511 30.50000000
v 21.00164223 72.99678040 9.00000000
v 20.98014641 72.97296906 9.00000000
v 36.98151398 83.78203583 8.46528053
v 35.86397552 83.39737701 8.72183609
v 38.75839615 84.29148865 30.50000000
v 36.44784164 83.60360718 30.50000000
v 35.84175110 83.38889313 8.72550392
v 34.81059647 82.99546051 8.89568329
v 41.73706055 84.95671082 30.50000000
v 39.28880310 84.44628143 7.75296021
v 39.22033310 84.42900848 30.50000000
v 38.75490952 84.30274200 7.93057585
v 38.16424942 84.14393616 8.12707615
v 44.76264954 85.36058807 30.50000000
v 42.19825745 85.04681396 6.60656977
v 42.05151367 85.02264404 30.50000000
v 41.73589706 84.96142578 6.79735851
v 40.71680450 84.77322388 7.21788359
v 45.72603226 85.43776703 5.00000000
v 45.30633163 85.41017914 5.19854784
v 44.92204666 85.38045502 30.50000000
v 44.76263046 85.35875702 5.45057249
v 43.73007202 85.26112366 5.92920113
v 66.40318298 87.24329376 2.50000000
v 68.11814880 87.58333588 2.50000000
v 62.50277328 86.58493042 2.89469385
v 63.43708801 86.72821808 2.75571084
v 64.67894745 86.93267059 2.59011579
v 65.89497375 87.14850616 2.50818348
v 56.77369308 85.90817261 3.44310832
v 57.28845978 85.95000458 3.40707970
v 59.93557358 86.23758698 3.18346262
v 60.62548828 86.32428741 3.11518860
v 62.47022629 86.58041382 2.89851594
v 51.12363815 85.55484009 2.04969239
v 51.14347839 85.55550385 2.05642319
v 51.07096481 85.55311584 2.03469896
v 51.04856873 85.55237579 2.02832365
v 51.45467758 85.56636047 2.23445368
v 51.49784088 85.56793976 2.27194238
v 51.15419769 85.55587006 2.06067610
v 51.21808624 85.55801392 2.08601999
v 51.23469162 85.55858612 2.09419608
v 51.28910065 85.56045532 2.12097478
v 51.31196976 85.56126404 2.13456893
v 51.35663223 85.56283569 2.16111565
v 51.38546371 85.56386566 2.18147063
v 51.42073441 85.56512451 2.20637631
v 51.43727112 85.56572723 2.21933079
v 51.51890564 85.56872559 2.29341006
v 51.55325317 85.56999969 2.32841539
v 51.57777786 85.57092285 2.35770702
v 51.60366440 85.57189941 2.38862467
v 51.63087463 85.57293701 2.42685246
v 51.64914703 85.57363892 2.45252204
v 51.70026016 85.57560730 2.54003072
v 51.67766190 85.57472992 2.50039053
v 51.66054916 85.57407379 2.47036338
v 51.71792603 85.57629395 2.57771277
v 51.73382950 85.57691956 2.61163116
v 51.75135040 85.57760620 2.65823150
v 51.76144791 85.57801056 2.68509960
v 51.77769089 85.57865143 2.74134207
v 51.78319931 85.57887268 2.76041365
v 51.78806686 85.57907104 2.78106856
v 51.79638290 85.57939148 2.82648849
v 51.80231094 85.57963562 2.85883260
v 51.80786514 85.57985687 2.91291142
v 51.81232452 85.58003235 3.76887798
v 54.53202820 85.72602844 3.60000277
v 51.81232452 85.58003235 3.00000000
v 51.81033325 85.57995605 2.93693805
v 46.07223892 85.51514435 1.97075117
v 46.09260178 85.51479340 1.97556317
v 46.13881302 85.51400757 1.98406470
v 45.81271744 85.51999664 1.86533618
v 45.85174179 85.51922607 1.88761628
v 45.89003754 85.51848602 1.90560246
v 45.37300873 85.52976227 1.34187174
v 45.39823532 85.52915192 1.40551460
v 45.40652466 85.52894592 1.42236805
v 45.31637955 85.53115845 1.08712542
v 45.31435394 85.53120422 1.04356277
v 45.31554031 85.53117371 1.08014607
v 45.31232452 85.53125763 1.00000000
v 45.32499695 85.53093719 1.15868258
v 45.32798767 85.53086090 1.17355335
v 45.36867142 85.52986145 1.33093596
v 45.36194229 85.53002930 1.31108963
v 45.34702301 85.53040314 1.25864065
v 45.34048462 85.53055573 1.23565674
v 45.43315506 85.52830505 1.47651005
v 45.44689560 85.52798462 1.49964523
v 45.54678345 85.52567291 1.64234984
v 45.58393860 85.52483368 1.68516481
v 45.60573959 85.52435303 1.70657706
v 45.51848221 85.52631378 1.60812497
v 45.49379730 85.52688599 1.57313657
v 45.47325897 85.52735901 1.54403174
v 45.64039230 85.52359009 1.74061322
v 45.67003250 85.52295685 1.76545322
v 45.53134918 85.52601624 1.62456095
v 45.78205490 85.52060699 1.84782982
v 45.76449203 85.52096558 1.83658707
v 45.73917389 85.52149963 1.81855214
v 45.70059586 85.52230072 1.79106593
v 45.92336655 85.51783752 1.92125654
v 45.97055435 85.51697540 1.93902874
v 46.05366135 85.51547241 1.96537650
v 45.99687576 85.51647949 1.94894254
v 46.17042923 85.51348114 1.98988175
v 46.22523499 85.51261139 1.99555075
v 50.81232452 85.54501343 2.00000000
v 46.31232452 85.51125336 2.00000000
v 46.24860001 85.51222992 1.99796748
v 50.89253235 85.54744720 2.00322175
v 50.89944839 85.54766846 2.00405526
v 50.97112274 85.54990387 2.01268935
v 50.98587799 85.55037689 2.01566124
v 51.04815292 85.55236816 2.02820539
v 30.45473289 87.01795197 2.54691410
v 29.22146797 87.24329376 2.50000000
v 27.50650215 87.58333588 2.50000000
v 31.74296761 86.79956055 2.68753338
v 32.18756104 86.72821808 2.75571084
v 32.90299606 86.62161255 2.85455036
v 43.81232452 85.58003235 3.76887798
v 41.64693832 85.69024658 3.63573360
v 38.65599060 85.92008209 3.43108368
v 33.96552658 86.46331024 3.00134230
v 36.45301819 86.14726257 3.25344729
v 38.34345245 85.95230865 3.40588236
v 44.10572433 85.39721680 4.70659494
v 44.10312271 85.39761353 4.70401192
v 43.28952408 85.34776306 4.84625244
v 43.84624481 85.49946594 4.25825214
v 43.83176804 85.51764679 4.19625044
v 43.02484512 85.52623749 4.23068190
v 32.28030014 85.62918091 4.23574209
v 32.29010391 85.60774994 4.24575758
v 33.27238846 85.56137848 4.35179424
v 32.07508850 85.62771606 4.21972132
v 31.78021240 85.62561798 4.19670057
v 31.87722015 85.41308594 4.27463436
v 35.52146912 85.50345612 4.49131823
v 34.29751205 85.63393402 4.36010838
v 34.34684372 85.52643585 4.43742085
v 33.69372177 85.63923645 4.34608793
v 33.23784256 85.63598633 4.31049776
v 38.02912903 85.48500824 4.51621199
v 36.73034668 85.61016846 4.40211773
v 36.79465485 85.49033356 4.51749086
v 36.29209137 85.61643219 4.40642262
v 35.46278763 85.62371063 4.38716650
v 39.56460190 85.56991577 4.35347176
v 38.55535889 85.58406830 4.38418961
v 37.96503830 85.59250641 4.38998890
v 39.62432098 85.48445892 4.48291254
v 41.30534363 85.48777008 4.41729355
v 41.25374985 85.54624176 4.30206013
v 43.06476212 85.49255371 4.32347345
v 43.85156250 85.49472809 4.27528715
v 43.84642029 85.49929810 4.25881195
v 41.59655380 85.54144287 4.29162645
v 43.89996338 85.45873260 4.40939331
v 43.88132095 85.47077942 4.36308432
v 43.10972214 85.45829010 4.42648458
v 43.87281036 85.47628021 4.34194803
v 43.87082291 85.47756958 4.33700275
v 43.92048264 85.44874573 4.45070076
v 43.90643311 85.45558167 4.42241192
v 43.15470505 85.42667389 4.53032541
v 43.98689270 85.42306519 4.56450319
v 43.97555923 85.42662811 4.54756021
v 43.19968033 85.39769745 4.63493919
v 43.94685745 85.43728638 4.49966383
v 43.93482590 85.44174957 4.47957802
v 44.02968216 85.41166687 4.62226057
v 43.99345779 85.42132568 4.57336426
v 43.24462891 85.37139130 4.74026775
v 44.08143616 85.40095520 4.68249559
v 44.04673386 85.40805054 4.64239407
v 44.03189087 85.41108704 4.62523890
v 44.18907928 85.38660431 4.78169918
v 44.17000961 85.38874817 4.76548767
v 43.33433914 85.32683563 4.95283604
v 44.13563156 85.39260864 4.73626518
v 44.31268692 85.37848663 4.86540222
v 44.29166794 85.37934875 4.85320902
v 43.37905502 85.30860901 5.05995798
v 44.27796936 85.37991333 4.84526014
v 44.23912811 85.38253784 4.81859684
v 44.21556473 85.38413239 4.80241871
v 44.19467926 85.38597870 4.78645849
v 44.41270065 85.37589264 4.91667032
v 44.38998795 85.37631989 4.90571880
v 43.42363358 85.29309845 5.16756010
v 44.34371948 85.37720490 4.88340807
v 44.57911682 85.37744141 4.97242785
v 44.56142426 85.37711334 4.96745348
v 43.46806717 85.28031158 5.27558279
v 44.55368423 85.37696075 4.96527863
v 44.50470734 85.37605286 4.95150995
v 44.48567200 85.37586212 4.94514465
v 44.47048569 85.37586212 4.93922329
v 44.41290283 85.37588501 4.91676855
v 44.75487137 85.38400269 4.99771500
v 44.73289871 85.38293457 4.99684095
v 43.51231766 85.27025604 5.38396692
v 44.72520065 85.38262177 4.99592304
v 44.65517807 85.37977600 4.98757505
v 44.63877487 85.37927246 4.98430872
v 43.55636978 85.26294708 5.49265194
v 44.96361160 85.39523315 5.00000000
v 44.81232452 85.38679504 5.00000000
v 45.35162354 85.41688538 5.00000000
v 45.23463440 85.41035461 5.00000000
v 45.25151443 85.40831757 5.06534147
v 45.15930557 85.40615082 5.00000000
v 43.64377213 85.25654602 5.71068525
v 45.27895737 85.40872955 5.13193750
v 45.54054260 85.42742157 5.00000000
v 43.68707275 85.25745392 5.81991243
v 42.14234543 85.04038239 6.45474195
v 40.65155029 84.76400757 7.02355957
v 39.21856308 84.43494415 7.51612616
v 38.09372330 84.13191986 7.85556984
v 36.91511917 83.77095032 8.15614414
v 35.80675888 83.38965607 8.37616253
v 32.44583511 85.26030731 4.40525913
v 33.41394806 85.24960327 4.52706242
v 34.47649765 85.25648499 4.61946297
v 35.63770676 85.27705383 4.67926979
v 36.89788055 85.30750275 4.70390987
v 38.12054443 85.34037781 4.69475365
v 39.70098495 85.38285828 4.64386463
v 41.36658478 85.42348480 4.55270433
v 41.42785645 85.36398315 4.69026852
v 39.77764893 85.28848267 4.80915117
v 38.21183777 85.20542145 4.88077593
v 37.00074768 85.13615417 4.90112305
v 35.75313187 85.06369781 4.88237953
v 34.60457993 85.00048828 4.82165956
v 33.55526733 84.95150757 4.72171545
v 32.60154343 84.92160797 4.58601904
v 41.48910141 85.30931854 4.82984257
v 41.55023956 85.25955963 4.97128010
v 39.85418701 85.20146942 4.97849512
v 39.93046951 85.12199402 5.15161037
v 38.30278778 85.08046722 5.07382441
v 38.39316940 84.96582794 5.27342606
v 37.10293961 84.97683716 5.10850906
v 37.20413589 84.83004761 5.32541370
v 35.86727524 84.86424255 5.09983492
v 35.97968674 84.67949677 5.33076525
v 34.73046494 84.75970459 5.04301739
v 34.85353470 84.53531647 5.28244925
v 33.69305420 84.66915894 4.94086599
v 33.82649231 84.40424347 5.18322754
v 32.75186157 84.59828949 4.79698896
v 32.89576340 84.29257202 5.03672075
v 41.61122513 85.21475983 5.11443281
v 41.67198181 85.17494965 5.25915003
v 40.00637436 85.05017853 5.32820559
v 40.08176041 84.98613739 5.50798321
v 38.48276138 84.86177063 5.47909260
v 38.57135010 84.76856232 5.69032192
v 37.30401230 84.69625092 5.55115318
v 37.40225220 84.57586670 5.78501606
v 36.08991623 84.51019287 5.57424593
v 36.19752121 84.35700989 5.82930183
v 34.97317886 84.32843018 5.53877783
v 35.08881378 84.14005280 5.81074524
v 33.95481110 84.15830994 5.44737720
v 34.07724762 83.93278503 5.73176527
v 33.03225708 84.00656128 5.30356789
v 33.16040802 83.74223328 5.59569931
v 41.73244476 85.14018250 5.40528059
v 41.79256058 85.11050415 5.55267096
v 40.15651703 84.92998505 5.69064140
v 40.23050690 84.88181305 5.87587118
v 38.65871429 84.68643951 5.90659571
v 38.74464417 84.61557770 6.12738705
v 37.49855423 84.46928406 6.02626324
v 37.59260559 84.37682343 6.27413607
v 36.30206680 84.22055817 6.09491158
v 36.40314102 84.10139465 6.37001228
v 35.19987488 83.97112274 6.09701443
v 35.30580902 83.82245636 6.39617920
v 34.19309235 83.72901154 6.03472233
v 34.30165482 83.54818726 6.35447073
v 33.27933884 83.50136566 5.91110849
v 33.38822174 83.28565216 6.24763060
v 41.85225677 85.08592224 5.70116663
v 41.91147995 85.06648254 5.85061169
v 40.30361176 84.84171295 6.06336117
v 40.37569809 84.80973816 6.25279522
v 38.82892609 84.55617523 6.35215378
v 38.91135025 84.50836182 6.58034706
v 37.68410873 84.29878998 6.52785110
v 37.77278519 84.23542023 6.78661013
v 36.50033569 83.99999237 6.65350199
v 36.59325790 83.91674042 6.94424629
v 35.40610123 83.69478607 6.70676947
v 35.50025940 83.58875275 7.02725935
v 34.40230179 83.39134979 6.68913364
v 34.49445343 83.25943756 7.03674698
v 33.48632050 83.09654999 6.60295534
v 33.57295990 82.93536377 6.97464275
v 43.60019684 85.25836945 5.60157776
v 41.97016144 85.05219269 6.00084972
v 42.02823639 85.04307556 6.15172338
v 40.44665909 84.78594208 6.44385529
v 40.51636124 84.77037811 6.63621902
v 38.99171829 84.47225189 6.81140947
v 39.06983948 84.44795227 7.04477453
v 37.85834885 84.18692780 7.04959536
v 37.94053268 84.15344238 7.31597900
v 36.68154526 83.85198975 7.24108028
v 36.76483536 83.80600739 7.54281569
v 35.58781433 83.50486755 7.35607529
v 35.66834259 83.44353485 7.69160080
v 34.57754898 83.15322876 7.39527035
v 34.65111542 83.07333374 7.76259995
v 33.64754486 82.80319977 7.36014128
v 33.70956039 82.70096588 7.75680351
v 42.08565140 85.03913879 6.30307341
v 40.58469772 84.76306152 6.82956219
v 39.14551544 84.43550873 7.27987146
v 38.01906967 84.13508606 7.58491945
v 36.84279633 83.77895355 7.84824419
v 35.74144363 83.40507507 8.03218746
v 34.71471786 83.02022552 8.13657951
v 34.76798248 82.99421692 8.51501465
v 33.75857925 82.62936401 8.16190720
v 33.79427338 82.58888245 8.57267094
v 31.93991661 85.27572632 4.32500648
v 32.03684616 85.06335449 4.42527485
v 32.10449219 84.91513062 4.49525499
v 32.19083023 84.72597504 4.60669756
v 32.26237106 84.56923676 4.69903660
v 32.33808136 84.40335083 4.81806517
v 32.41236115 84.24061584 4.93483257
v 32.47760391 84.09767151 5.05794096
v 32.55335617 83.93170166 5.20088911
v 32.60843658 83.81101227 5.32469749
v 32.68430328 83.64479065 5.49522495
v 32.72970581 83.54532623 5.61652470
v 32.80423355 83.38204193 5.81564999
v 32.84057617 83.30241394 5.93144321
v 32.91224289 83.14539337 6.15977764
v 32.94029999 83.08393097 6.26731730
v 33.00753784 82.93661499 6.52504826
v 33.02819443 82.89134216 6.62186861
v 33.08940125 82.75724792 6.90874147
v 33.10366821 82.72599792 6.99269390
v 33.15723038 82.60864258 7.30800104
v 33.16619110 82.58899689 7.37727737
v 33.21051788 82.49188995 7.71985579
v 33.21535492 82.48129272 7.77301216
v 33.24886322 82.40786743 8.14123917
v 33.25080872 82.40361786 8.17721272
v 33.27199173 82.35721588 8.56901646
v 33.27231216 82.35649872 8.58713627
v 56.79572296 84.55617523 6.35215378
v 56.88000488 84.61557770 6.12738705
v 55.39414215 84.88181305 5.87587118
v 51.75186157 85.47627258 4.34196997
v 51.75048828 85.47511292 4.34618902
v 52.51492691 85.45829010 4.42648458
v 50.37313461 85.40831757 5.06534147
v 50.27302170 85.41688538 5.00000000
v 50.08410645 85.42742157 5.00000000
v 50.81232452 85.38679504 5.00000000
v 50.66103363 85.39523315 5.00000000
v 52.06827927 85.26294708 5.49265194
v 50.46534348 85.40615082 5.00000000
v 51.03353882 85.37775421 4.97522593
v 50.98584366 85.37930298 4.98410463
v 52.11233139 85.27025604 5.38396692
v 50.95685959 85.38024139 4.98949957
v 50.89941788 85.38265228 4.99561167
v 50.87924194 85.38350677 4.99775887
v 50.87060928 85.38392639 4.99804783
v 51.21150589 85.37595367 4.91651535
v 51.20262146 85.37580872 4.92068863
v 52.15658188 85.28031158 5.27558279
v 51.18399429 85.37572479 4.92836428
v 51.15409088 85.37590790 4.93898106
v 51.10925674 85.37619019 4.95489788
v 51.07094193 85.37697601 4.96518326
v 51.06293106 85.37714386 4.96733475
v 52.24559402 85.30860901 5.05995798
v 51.33332443 85.37928772 4.85331440
v 51.31197739 85.37847137 4.86541653
v 52.20101547 85.29309845 5.16756010
v 51.23463440 85.37633514 4.90564823
v 51.27191544 85.37694550 4.88813019
v 51.43496323 85.38672638 4.78155088
v 51.40213013 85.38357544 4.80754614
v 51.38558578 85.38250732 4.81868172
v 51.33841705 85.37947845 4.85042810
v 52.33512497 85.34776306 4.84625244
v 51.52157974 85.39759827 4.70402145
v 51.51894760 85.39720917 4.70661783
v 51.48749161 85.39241028 4.73766565
v 51.46301651 85.38940430 4.75934267
v 52.29030991 85.32683563 4.95283604
v 51.45489502 85.38863373 4.76577091
v 51.59482956 85.41169739 4.62224340
v 51.59051514 85.41056824 4.62803030
v 51.57796478 85.40803528 4.64243507
v 51.54105377 85.40057373 4.68480253
v 52.38001633 85.37139130 4.74026775
v 51.63126373 85.42129517 4.57341957
v 51.63586044 85.42250061 4.56726217
v 51.70418167 85.44874573 4.45070124
v 51.68675613 85.44047546 4.48514652
v 52.42496872 85.39769745 4.63493919
v 51.67832947 85.43707275 4.49998856
v 51.67699814 85.43653870 4.50233316
v 51.65480042 85.42897034 4.53736639
v 51.72123337 85.45683289 4.41699219
v 52.46994400 85.42667389 4.53032541
v 51.71843719 85.45550537 4.42252016
v 51.77443695 85.49535370 4.27264977
v 51.77357864 85.49462128 4.27529240
v 52.55988693 85.49255371 4.32347345
v 52.59978485 85.52658844 4.22981596
v 51.79287720 85.51764679 4.19625044
v 51.77780151 85.49942017 4.25871038
v 54.58975220 85.54864502 4.31259489
v 54.37096024 85.54622650 4.30349350
v 54.31930161 85.48777008 4.41729355
v 56.06002808 85.56975555 4.35337257
v 56.00032425 85.48445892 4.48291254
v 57.39633560 85.58892822 4.39043427
v 57.59551620 85.48500824 4.51621199
v 57.65971375 85.59250641 4.39136791
v 58.82999420 85.49033356 4.51749086
v 58.89354324 85.60927582 4.39574146
v 60.12440491 85.62599182 4.40010452
v 60.10317993 85.50345612 4.49131823
v 60.16394043 85.62638855 4.39933109
v 60.84370422 85.63306427 4.38603544
v 61.27780151 85.52643585 4.43742085
v 61.32736969 85.63427734 4.36295414
v 62.35472107 85.56172180 4.35804892
v 62.38780594 85.63695526 4.31234837
v 62.82995605 85.63807678 4.29124832
v 63.33733368 85.61125946 4.25183010
v 63.34677505 85.63172913 4.24308157
v 63.58082581 85.62885284 4.22126865
v 63.71125412 85.33383179 4.30369806
v 63.84443665 85.62561798 4.19670057
v 50.34568787 85.40872955 5.13193750
v 51.93757629 85.25745392 5.81991243
v 53.48229980 85.04038239 6.45474195
v 54.97309875 84.76400757 7.02355957
v 53.77238846 85.08592224 5.70116663
v 53.83208847 85.11050415 5.55267096
v 55.32103729 84.84171295 6.06336117
v 56.71329880 84.50836182 6.58034706
v 55.24895096 84.80973816 6.25279522
v 53.71316910 85.06648254 5.85061169
v 56.40608597 84.43494415 7.51612616
v 57.53092575 84.13191986 7.85556984
v 57.76630020 84.18692780 7.04959536
v 56.63292694 84.47225189 6.81140947
v 55.17798996 84.78594208 6.44385529
v 53.65448761 85.05219269 6.00084972
v 58.03204346 84.37682343 6.27413607
v 57.94054031 84.29878998 6.52785110
v 57.85186386 84.23542023 6.78661013
v 52.02444839 85.25836945 5.60157776
v 53.59641266 85.04307556 6.15172338
v 55.10828781 84.77037811 6.63621902
v 56.55480957 84.44795227 7.04477453
v 57.68411636 84.15344238 7.31597900
v 58.85981369 83.80600739 7.54281569
v 59.22150421 84.10139465 6.37001228
v 59.12431335 83.99999237 6.65350199
v 59.03139114 83.91674042 6.94424629
v 58.94310379 83.85198975 7.24108028
v 59.88320160 83.40507507 8.03218746
v 58.78185272 83.77895355 7.84824419
v 57.60557938 84.13508606 7.58491945
v 56.47913361 84.43550873 7.27987146
v 55.03995132 84.76306152 6.82956219
v 53.53899765 85.03913879 6.30307341
v 51.98087692 85.25654602 5.71068525
v 50.39001083 85.41035461 5.00000000
v 60.31884003 83.82245636 6.39617920
v 60.21854782 83.69478607 6.70676947
v 60.12438965 83.58875275 7.02725935
v 60.03683472 83.50486755 7.35607529
v 59.95630646 83.44353485 7.69160080
v 60.85666656 82.99421692 8.51501465
v 59.81788635 83.38965607 8.37616253
v 58.70952988 83.77095032 8.15614414
v 61.32299423 83.54818726 6.35447073
v 61.22234344 83.39134979 6.68913364
v 61.13019562 83.25943756 7.03674698
v 61.04710007 83.15322876 7.39527035
v 60.97353363 83.07333374 7.76259995
v 60.90993118 83.02022552 8.13657951
v 62.23642349 83.28565216 6.24763060
v 62.13832474 83.09654999 6.60295534
v 62.05168915 82.93536377 6.97464275
v 61.97710419 82.80319977 7.36014128
v 61.91508865 82.70096588 7.75680351
v 61.86606598 82.62936401 8.16190720
v 61.83037567 82.58888245 8.57267094
v 53.89220428 85.14018250 5.40528059
v 53.95266724 85.17494965 5.25915003
v 55.46813202 84.92998505 5.69064140
v 55.54288483 84.98613739 5.50798321
v 56.96593094 84.68643951 5.90659571
v 57.05329895 84.76856232 5.69032192
v 58.12609482 84.46928406 6.02626324
v 58.22239304 84.57586670 5.78501606
v 59.32258224 84.22055817 6.09491158
v 59.42712784 84.35700989 5.82930183
v 60.42477417 83.97112274 6.09701443
v 60.53583145 84.14005280 5.81074524
v 61.43155670 83.72901154 6.03472233
v 61.54739761 83.93278503 5.73176527
v 62.34531021 83.50136566 5.91110849
v 62.46424103 83.74223328 5.59569931
v 54.01342392 85.21475983 5.11443281
v 54.07440567 85.25955963 4.97128010
v 55.61827469 85.05017853 5.32820559
v 55.69417953 85.12199402 5.15161037
v 57.14188385 84.86177063 5.47909260
v 57.23147964 84.96582794 5.27342606
v 58.32063293 84.69625092 5.55115318
v 58.42051315 84.83004761 5.32541370
v 59.53473282 84.51019287 5.57424593
v 59.64495850 84.67949677 5.33076525
v 60.65147018 84.32843018 5.53877783
v 60.77111435 84.53531647 5.28244925
v 61.66983795 84.15830994 5.44737720
v 61.79815674 84.40424347 5.18322754
v 62.59238815 84.00656128 5.30356789
v 62.72888184 84.29257202 5.03672075
v 54.13554764 85.30931854 4.82984257
v 54.19678879 85.36398315 4.69026852
v 55.77046204 85.20146942 4.97849512
v 55.84700012 85.28848267 4.80915117
v 57.32186127 85.08046722 5.07382441
v 57.41281128 85.20542145 4.88077593
v 58.52170563 84.97683716 5.10850906
v 58.62389755 85.13615417 4.90112305
v 59.75737381 84.86424255 5.09983492
v 59.87151718 85.06369781 4.88237953
v 60.89418411 84.75970459 5.04301739
v 61.02006912 85.00048828 4.82165956
v 61.93159485 84.66915894 4.94086599
v 62.06938171 84.95150757 4.72171545
v 62.87278366 84.59828949 4.79698896
v 63.02310562 84.92160797 4.58601904
v 54.25806427 85.42348480 4.55270433
v 55.92366409 85.38285828 4.64386463
v 57.50410080 85.34037781 4.69475365
v 58.72676849 85.30750275 4.70390987
v 59.98694229 85.27705383 4.67926979
v 61.14815140 85.25648499 4.61946297
v 62.21070099 85.24960327 4.52706242
v 63.17880630 85.26030731 4.40525913
v 63.68473053 85.27572632 4.32500648
v 62.35265732 82.35721588 8.56901646
v 62.35291672 82.35778046 8.56424809
v 62.37578583 82.40786743 8.14123917
v 62.41413116 82.49188995 7.71985579
v 62.46741867 82.60864258 7.30800104
v 62.53524017 82.75724792 6.90874147
v 62.61710739 82.93661499 6.52504826
v 62.71240234 83.14539337 6.15977764
v 62.72083664 83.16385651 6.13292599
v 62.82041931 83.38204193 5.81564999
v 62.83111191 83.40547943 5.78707457
v 62.94034576 83.64479065 5.49522495
v 62.95347977 83.67358398 5.46569538
v 63.07128906 83.93170166 5.20088911
v 63.08700943 83.96613312 5.17122936
v 63.21229172 84.24061584 4.93483257
v 63.23067856 84.28090668 4.90591764
v 63.36227798 84.56923676 4.69903660
v 63.38339996 84.61551666 4.67177486
v 63.52015686 84.91513062 4.49525499
v 63.54400635 84.96739197 4.47058153
v 31.89444160 86.11903381 3.97291732
v 31.88234138 86.07471466 4.00441217
v 33.76864243 85.98260498 4.11497021
v 31.91874504 86.20549774 3.90718699
v 31.90957069 86.17443085 3.93354607
v 33.78747559 86.05703735 4.04263306
v 32.10876465 86.67287445 3.18903375
v 32.09794998 86.65831757 3.24169731
v 33.91011047 86.41150665 3.41507864
v 32.13000107 86.69860840 3.08285165
v 32.12228394 86.69105530 3.12320018
v 33.92527771 86.43534851 3.31344819
v 32.16950226 86.72634888 2.86562324
v 32.16724777 86.72612762 2.87935615
v 33.95305634 86.46130371 3.10606742
v 36.30377960 85.67608643 4.34946489
v 36.44569778 86.14582062 3.33571315
v 36.31545639 85.73598480 4.29491663
v 38.56266403 85.62269592 4.33210421
v 38.61746216 85.85536194 3.87631750
v 38.61113739 85.83526611 3.93754053
v 41.62351227 85.65321350 3.97229576
v 41.64424515 85.68980408 3.67816091
v 43.81232452 85.57900238 3.79616189
v 41.63278198 85.67604828 3.84718871
v 43.81232452 85.57572937 3.88260555
v 43.81232452 85.57590485 3.87790036
v 41.62031174 85.64325714 4.01350164
v 43.81232452 85.56217957 4.00000000
v 43.81232452 85.56379700 3.98595071
v 41.61374664 85.61983490 4.09497023
v 43.81446838 85.55046082 4.06547022
v 43.81361771 85.55510712 4.03945589
v 41.60699081 85.59183502 4.17496347
v 43.81971741 85.53839111 4.11869955
v 43.81712723 85.54434967 4.09242296
v 43.82801056 85.52388763 4.17356682
v 43.82750320 85.52471924 4.17052889
v 41.60004807 85.55891418 4.25274754
v 38.63529968 85.89957428 3.68813491
v 41.63574982 85.68128967 3.80510211
v 43.81232452 85.57693481 3.85068202
v 38.58422089 85.72903442 4.17188168
v 41.61039352 85.60640717 4.13516760
v 43.81660461 85.54555511 4.08710909
v 36.42960739 86.12937927 3.49924755
v 38.64082336 85.90885925 3.62429237
v 41.63864899 85.68532562 3.76287913
v 43.81232452 85.57796478 3.82343292
v 36.38205338 86.01118469 3.89080763
v 36.39228821 86.04338837 3.81543231
v 36.40218735 86.07138824 3.73835278
v 36.34967041 85.89038086 4.10445213
v 38.59116364 85.75936890 4.11509943
v 38.65118027 85.91911316 3.49564695
v 33.93961334 86.45197296 3.21027446
v 36.43789291 86.13983917 3.41772962
v 38.64612198 85.91537476 3.56008983
v 41.64147949 85.68816376 3.72055411
v 33.84271240 86.24696350 3.79628015
v 33.86040878 86.29811096 3.70573616
v 33.87759781 86.34272003 3.61170864
v 33.89418793 86.38058472 3.51466298
v 33.80615616 86.12612915 3.96514583
v 36.36071014 85.93456268 4.03553724
v 38.59797668 85.78721619 4.05704260
v 41.61705399 85.63212585 4.05440426
v 33.71241760 85.72861481 4.29210663
v 33.73107147 85.81364441 4.23308039
v 33.74984360 85.90058899 4.17698622
v 32.14543152 86.71370697 3.00213838
v 36.42087936 86.11444855 3.58002043
v 38.62955475 85.88755035 3.75149846
v 41.62974930 85.66962433 3.88910580
v 43.81232452 85.57003021 3.93198013
v 36.41172791 86.09510040 3.65980268
v 38.62360764 85.87281036 3.81426501
v 41.62666321 85.66201019 3.93081927
v 43.81232452 85.56690979 3.95898008
v 32.08668518 86.63938904 3.29285336
v 32.07260895 86.61572266 3.35680199
v 32.06388092 86.59835052 3.39376688
v 32.04642868 86.56358337 3.46771121
v 32.01959991 86.50224304 3.57365036
v 31.99230957 86.43214417 3.67388010
v 31.96780777 86.36246490 3.75728083
v 38.60463715 85.81252289 3.99781942
v 36.37151337 85.97486877 3.96425009
v 33.82460022 86.18953705 3.88289285
v 31.96474838 86.35376740 3.76770115
v 31.93709946 86.26766205 3.85445833
v 36.33842087 85.84246063 4.17078638
v 38.57715607 85.69628143 4.22728395
v 41.60350418 85.57553864 4.21365547
v 43.82090759 85.53565979 4.13073397
v 36.32700348 85.79094696 4.23433876
v 38.56998062 85.66114807 4.28120232
v 31.87046242 86.02783203 4.03203344
v 31.85560608 85.96922302 4.06656265
v 31.84692574 85.93238831 4.08422709
v 31.82955551 85.85869598 4.11956310
v 31.80436707 85.74388885 4.16304350
v 31.80168533 85.73075104 4.16678190
v 54.53504562 85.72550964 3.64641356
v 60.11082077 85.69599152 4.34643602
v 60.82827377 85.71141052 4.33366108
v 60.63535309 86.32249451 3.21016216
v 62.78713226 85.84201813 4.19742155
v 62.80878830 85.74190521 4.24826860
v 63.82024384 85.74372864 4.16262293
v 51.79668427 85.52391815 4.17357349
v 54.58573914 85.56896210 4.27062511
v 51.79719543 85.52474976 4.17054081
v 51.80152893 85.53189087 4.14475203
v 54.58169937 85.58910370 4.22893906
v 54.57770538 85.60793304 4.18677711
v 51.80318069 85.53459930 4.13493586
v 54.57375336 85.62558746 4.14380789
v 51.80751038 85.54434204 4.09242058
v 51.80805206 85.54555511 4.08710814
v 54.56985855 85.64196777 4.10075760
v 51.81002808 85.55000305 4.06769133
v 54.56604767 85.65661621 4.05678034
v 51.81098557 85.55507660 4.03944969
v 54.56230164 85.66990662 4.01236343
v 51.81189346 85.55987549 4.01277542
v 54.55862045 85.68179321 3.96755004
v 51.81232452 85.56217957 4.00000000
v 54.55501175 85.69229889 3.92238379
v 51.81232452 85.56697845 3.95898557
v 54.55147934 85.70139313 3.87690711
v 51.81232452 85.57013702 3.93199086
v 54.54802322 85.70907593 3.83116436
v 51.81232452 85.57330322 3.90497613
v 54.54464722 85.71533203 3.78519917
v 51.81232452 85.57536316 3.88731933
v 54.54135513 85.72015381 3.73905611
v 51.81232452 85.57681274 3.85067558
v 54.53815842 85.72354889 3.69277954
v 51.81232452 85.57788086 3.82342768
v 51.81232452 85.57896423 3.79615879
v 63.45506668 86.72686768 2.86564469
v 62.51821518 86.58282471 3.00798154
v 62.55258560 86.55282593 3.23192692
v 63.49451065 86.69973755 3.08308983
v 62.53485489 86.57209778 3.12061048
v 63.47424698 86.71736145 2.97497201
v 63.45746613 86.72568512 2.87930655
v 62.57130814 86.52511597 3.34128261
v 63.51575089 86.67410278 3.18940210
v 63.50247574 86.69012451 3.12295413
v 62.59091949 86.48912811 3.44804335
v 63.53784943 86.64059448 3.29332209
v 63.52679443 86.65734863 3.24136209
v 62.61128998 86.44507599 3.55158758
v 63.56068039 86.59939575 3.39427686
v 63.55212021 86.61484528 3.35642171
v 62.67582703 86.26731110 3.83702040
v 63.65682983 86.36286926 3.75761366
v 62.65386963 86.33383942 3.74664330
v 63.63233948 86.43214417 3.67388010
v 62.63231659 86.39320374 3.65131426
v 63.60805893 86.49488068 3.58508205
v 63.58413315 86.55073547 3.49170923
v 62.72042465 86.11432648 4.00085115
v 63.70592117 86.20626068 3.90807080
v 62.69805145 86.19399261 3.92192101
v 63.68140793 86.28742981 3.83582115
v 63.65990448 86.35343933 3.76738667
v 62.74282074 86.02877045 4.07335186
v 63.73025513 86.11978912 3.97396421
v 63.71504974 86.17383575 3.93277907
v 62.76509857 85.93782806 4.13900280
v 63.75426102 86.02850342 4.03313828
v 63.74225616 86.07414246 4.00355148
v 63.80076599 85.83352661 4.13005972
v 63.77781296 85.93290710 4.08526564
v 63.76898193 85.96875763 4.06571913
v 63.82302094 85.73091125 4.16727304
v 60.81279373 85.78622437 4.27634716
v 60.79733276 85.85718536 4.21432734
v 60.78195572 85.92399597 4.14785147
v 60.76672745 85.98641205 4.07718945
v 60.75170135 86.04415894 4.00262785
v 60.73694229 86.09702301 3.92446947
v 60.72251511 86.14477539 3.84303045
v 60.70846939 86.18721771 3.75864100
v 60.69486618 86.22418976 3.67164326
v 60.68176270 86.25553894 3.58238983
v 60.66921234 86.28113556 3.49124265
v 60.65726089 86.30088043 3.39857125
v 60.64596176 86.31468201 3.30475092
v 60.09726334 85.76263428 4.28865051
v 60.08377838 85.82568359 4.22695303
v 60.07040405 85.88491821 4.16156292
v 60.05720139 85.94013977 4.09271002
v 60.04420853 85.99114227 4.02063942
v 60.03148270 86.03774261 3.94560480
v 60.01905441 86.07977295 3.86787319
v 60.00697708 86.11710358 3.78771901
v 59.99528503 86.14958954 3.70542598
v 59.98403168 86.17711639 3.62128520
v 59.97324753 86.19959259 3.53559494
v 59.96297836 86.21692657 3.44865847
v 59.95325089 86.22905731 3.36078310
v 59.94410324 86.23595428 3.27227998
v 57.38849258 85.63032532 4.33730221
v 57.38062668 85.67157745 4.28554440
v 57.37291718 85.70927429 4.23039722
v 57.36532593 85.74445343 4.17359591
v 57.35786057 85.77705383 4.11525345
v 57.35054398 85.80699921 4.05548859
v 57.34338760 85.83422089 3.99442005
v 57.33640671 85.85868073 3.93217158
v 57.32961273 85.88032532 3.86886740
v 57.32302475 85.89910126 3.80463529
v 57.31665039 85.91498566 3.73960400
v 57.31050491 85.92793274 3.67390490
v 57.30460739 85.93793488 3.60766912
v 57.29895401 85.94495392 3.54103017
v 57.29357147 85.94897461 3.47412229
v 44.31232452 57.10000229 18.20000076
v 41.51232529 57.10000229 18.20000076
v 54.11232376 28.10000229 18.20000076
v 54.11232376 33.10000229 18.20000076
v 54.11232376 57.10000229 18.20000076
v 41.51232529 28.10000229 18.20000076
v 41.51232529 33.10000229 18.20000076
v 54.11232376 64.10000610 18.20000076
v 41.51232529 64.10000610 18.20000076
v 9.22343922 71.89070892 4.00000000
v 9.26592541 72.08234406 4.00000000
v 5.03111982 73.34773254 4.00000000
v 13.55356693 72.26954651 4.00000000
v 13.61259079 72.08234406 4.00000000
v 15.32661533 73.83835602 4.00000000
v 13.65507412 71.89070892 4.00000000
v 13.68069649 71.69610596 4.00000000
v 13.68925762 71.50000000 4.00000000
v 13.68518925 71.36477661 4.00000000
v 13.16285896 72.94627380 4.00000000
v 13.28234768 72.79055023 4.00000000
v 27.20191574 86.11458588 4.00000000
v 12.67933464 69.62258148 4.00000000
v 12.56425667 69.55144501 4.00000000
v 11.35786247 66.96427155 4.00000000
v 12.39014816 69.46080780 4.00000000
v 9.22343922 71.10929871 4.00000000
v 3.61437345 70.46975708 4.00000000
v 9.26592541 70.91765594 4.00000000
v 3.04513049 69.05773163 4.00000000
v 9.32494926 70.73045349 4.00000000
v 2.59391212 67.60368347 4.00000000
v 9.40006638 70.54911041 4.00000000
v 9.19781971 71.30390167 4.00000000
v 9.18925571 71.50000000 4.00000000
v 9.19781971 71.69610596 4.00000000
v 6.63501024 76.12574768 4.00000000
v 9.49069881 72.62500000 4.00000000
v 13.03024578 73.09099579 4.00000000
v 25.69972610 86.36212921 4.00000000
v 12.88552952 73.22360229 4.00000000
v 24.18226624 86.48532104 4.00000000
v 12.72980499 73.34310150 4.00000000
v 13.38781452 72.62500000 4.00000000
v 13.47845078 72.45088959 4.00000000
v 9.49069881 70.37500000 4.00000000
v 2.26378441 66.11745453 4.00000000
v 9.59616566 70.20945740 4.00000000
v 2.05697870 64.60912323 4.00000000
v 9.71565723 70.05372620 4.00000000
v 1.97489929 63.08888626 4.00000000
v 9.84826660 69.90901184 4.00000000
v 2.01809406 61.56705093 4.00000000
v 9.99298286 69.77639771 4.00000000
v 2.18627977 60.05391312 4.00000000
v 10.14871120 69.65690613 4.00000000
v 2.47830892 58.55973816 4.00000000
v 10.31425571 69.55144501 4.00000000
v 9.32494926 72.26954651 4.00000000
v 9.40006638 72.45088959 4.00000000
v 9.59616566 72.79055023 4.00000000
v 9.71565723 72.94627380 4.00000000
v 9.84826660 73.09099579 4.00000000
v 23.57679749 82.32199097 4.00000000
v 26.00362778 84.03179169 4.00000000
v 28.55058098 85.55688477 4.00000000
v 28.94260597 85.76944733 4.00000000
v 12.20880032 69.38568878 4.00000000
v 12.02160072 69.32666779 4.00000000
v 10.23718357 64.21527863 4.00000000
v 11.82996464 69.28418732 4.00000000
v 9.32347012 61.39073944 4.00000000
v 11.63535595 69.25856018 4.00000000
v 11.43925667 69.25000000 4.00000000
v 11.24315739 69.25856018 4.00000000
v 11.04854774 69.28418732 4.00000000
v 8.62175560 58.50621414 4.00000000
v 10.85691547 69.32666779 4.00000000
v 7.86859560 52.62099075 4.00000000
v 8.13590717 55.57758713 4.00000000
v 5.69850969 51.71900940 4.00000000
v 10.31425571 73.44856262 4.00000000
v 8.41902924 78.79167175 4.00000000
v 10.14871120 73.34310150 4.00000000
v 9.99298286 73.22360229 4.00000000
v 10.48836517 73.53919983 4.00000000
v 10.66971207 73.61431122 4.00000000
v 9.35725498 79.99066162 4.00000000
v 10.85691547 73.67333984 4.00000000
v 10.39089298 81.10845184 4.00000000
v 11.04854774 73.71582031 4.00000000
v 11.24315739 73.74143982 4.00000000
v 11.51293850 82.13746643 4.00000000
v 11.43925667 73.75000763 4.00000000
v 12.71579456 83.07073212 4.00000000
v 11.63535595 73.74143982 4.00000000
v 13.99131870 83.90193176 4.00000000
v 11.82996464 73.71582031 4.00000000
v 15.33086586 84.62544250 4.00000000
v 12.02160072 73.67333984 4.00000000
v 16.72536850 85.23635864 4.00000000
v 12.20880032 73.61431122 4.00000000
v 18.16538239 85.73053741 4.00000000
v 12.39014816 73.53919983 4.00000000
v 19.64115334 86.10464478 4.00000000
v 12.56425667 73.44856262 4.00000000
v 21.14268684 86.35614014 4.00000000
v 22.65981865 86.48331451 4.00000000
v 4.83309460 52.97157669 4.00000000
v 10.66971207 69.38568878 4.00000000
v 4.07360506 54.29105377 4.00000000
v 10.48836517 69.46080780 4.00000000
v 3.42518091 55.66851425 4.00000000
v 2.89221096 57.09463120 4.00000000
v 17.14697647 76.18339539 4.00000000
v 19.13624191 78.38696289 4.00000000
v 21.28345871 80.43692017 4.00000000
v 7.82129908 49.65271759 4.00000000
v 6.66398573 50.54184723 4.00000000
v 7.83323145 49.20693588 4.00000000
v 48.81818008 10.51264954 4.00000000
v 48.93732452 10.44855976 4.00000000
v 51.78107834 10.69737625 4.00000000
v 49.10287094 10.34309387 4.00000000
v 49.41621399 2.02652812 4.00000000
v 48.00842285 6.25856209 4.00000000
v 47.81232452 6.25000143 4.00000000
v 46.20843506 2.02652812 4.00000000
v 46.36605072 10.22360134 4.00000000
v 46.52177429 10.34309387 4.00000000
v 43.84357071 10.69737625 4.00000000
v 46.68732452 10.44855976 4.00000000
v 46.80646896 10.51264954 4.00000000
v 48.58186722 6.38569498 4.00000000
v 48.39466476 6.32666779 4.00000000
v 48.20303345 6.28418493 4.00000000
v 47.61622620 6.25856209 4.00000000
v 47.42161560 6.28418493 4.00000000
v 47.22998428 6.32666779 4.00000000
v 45.96923447 9.79054737 4.00000000
v 46.08872604 9.94627571 4.00000000
v 40.90253067 11.10133934 4.00000000
v 49.25859833 6.77640009 4.00000000
v 52.61698151 2.23857546 4.00000000
v 49.40331268 6.90901279 4.00000000
v 54.12445068 2.45160604 4.00000000
v 49.53592300 7.05372906 4.00000000
v 55.60930634 2.78786564 4.00000000
v 49.65541458 7.20945358 4.00000000
v 49.10287094 6.65691137 4.00000000
v 48.93732452 6.55144453 4.00000000
v 48.76321411 6.46080828 4.00000000
v 46.68732452 6.55144453 4.00000000
v 43.00766754 2.23857546 4.00000000
v 46.86143112 6.46080828 4.00000000
v 47.04277802 6.38569498 4.00000000
v 46.52177429 6.65691137 4.00000000
v 46.36605072 6.77640009 4.00000000
v 41.50019455 2.45160604 4.00000000
v 46.22133636 6.90901279 4.00000000
v 40.01534271 2.78786564 4.00000000
v 45.57088852 8.69610119 4.00000000
v 45.59650803 8.89071083 4.00000000
v 28.46315575 12.04311466 4.00000000
v 49.25859833 10.22360134 4.00000000
v 49.40331268 10.09099197 4.00000000
v 54.72211838 11.10133934 4.00000000
v 49.53592300 9.94627571 4.00000000
v 57.62509537 11.72230721 4.00000000
v 49.65541458 9.79054737 4.00000000
v 49.76088333 9.62500286 4.00000000
v 46.22133636 10.09099197 4.00000000
v 49.98565674 9.08234310 4.00000000
v 60.47402573 12.55686951 4.00000000
v 49.92663193 9.26954651 4.00000000
v 49.85151672 9.45089340 4.00000000
v 27.81110954 13.41886425 4.00000000
v 45.63898849 9.08234310 4.00000000
v 27.27439499 14.84357166 4.00000000
v 45.69801712 9.26954651 4.00000000
v 45.77312851 9.45089340 4.00000000
v 67.81353760 13.41886425 4.00000000
v 65.94735718 14.84722233 4.00000000
v 63.25321579 13.60042381 4.00000000
v 49.76088333 7.37500191 4.00000000
v 57.06147766 3.24508166 4.00000000
v 49.85151672 7.54911089 4.00000000
v 58.47113800 3.82015109 4.00000000
v 49.92663193 7.73045778 4.00000000
v 59.82874298 4.50918436 4.00000000
v 49.98565674 7.91765738 4.00000000
v 61.12509537 5.30751419 4.00000000
v 50.02814102 8.10929394 4.00000000
v 62.35141373 6.20973110 4.00000000
v 50.05376053 8.30390263 4.00000000
v 63.49939728 7.20972586 4.00000000
v 50.06232452 8.50000191 4.00000000
v 29.22611046 10.72563267 4.00000000
v 30.09481621 9.47535038 4.00000000
v 45.56232452 8.50000191 4.00000000
v 31.06338120 8.30072880 4.00000000
v 45.57088852 8.30390263 4.00000000
v 32.12524796 7.20972586 4.00000000
v 45.59650803 8.10929394 4.00000000
v 33.27323532 6.20973110 4.00000000
v 45.63898849 7.91765738 4.00000000
v 34.49955368 5.30751419 4.00000000
v 45.69801712 7.73045778 4.00000000
v 35.79590607 4.50918436 4.00000000
v 45.77312851 7.54911089 4.00000000
v 37.15350723 3.82015109 4.00000000
v 45.86376572 7.37500191 4.00000000
v 38.56317139 3.24508166 4.00000000
v 45.96923447 7.20945358 4.00000000
v 46.08872604 7.05372906 4.00000000
v 68.54161072 16.29039955 4.00000000
v 68.35025787 14.84357166 4.00000000
v 68.92169952 16.52362251 4.00000000
v 45.86376572 9.62500286 4.00000000
v 37.99954987 11.72230721 4.00000000
v 67.16149139 12.04311466 4.00000000
v 50.02814102 8.89071083 4.00000000
v 66.39853668 10.72563267 4.00000000
v 50.05376053 8.69610119 4.00000000
v 65.52983093 9.47535038 4.00000000
v 64.56126404 8.30072880 4.00000000
v 32.37143326 13.60042381 4.00000000
v 29.67729187 14.84722233 4.00000000
v 27.08304024 16.29039955 4.00000000
v 26.70294762 16.52362251 4.00000000
v 35.15061951 12.55686951 4.00000000
v 2.24742675 71.08737946 2.50000000
v 3.70799017 74.05435944 2.50000000
v 5.36148643 76.91829681 2.50000000
v 7.20068073 79.66666412 2.50000000
v 42.85906982 0.74595213 2.50000000
v 46.15882874 0.52734840 2.50000000
v 52.76557922 0.74595213 2.50000000
v 49.46582031 0.52734840 2.50000000
v 88.98963928 76.12574768 4.00000000
v 85.63166809 73.22360229 4.00000000
v 85.77638245 73.09099579 4.00000000
v 81.93946075 71.36477661 4.00000000
v 81.93539429 71.50000000 4.00000000
v 80.29803467 73.83835602 4.00000000
v 81.94395447 71.69610596 4.00000000
v 85.23375702 81.10845184 4.00000000
v 84.38149261 73.74143982 4.00000000
v 84.57610321 73.71582031 4.00000000
v 85.13627625 73.53919983 4.00000000
v 85.31039429 73.44856262 4.00000000
v 87.20561981 78.79167175 4.00000000
v 85.90899658 72.94627380 4.00000000
v 86.02848816 72.79055023 4.00000000
v 90.59352875 73.34773254 4.00000000
v 86.13394928 72.62500000 4.00000000
v 86.22458649 72.45088959 4.00000000
v 86.29970551 72.26954651 4.00000000
v 86.35872650 72.08234406 4.00000000
v 84.18539429 69.25000000 4.00000000
v 83.98929596 69.25856018 4.00000000
v 84.26678467 66.96427155 4.00000000
v 86.40120697 71.89070892 4.00000000
v 86.42682648 71.69610596 4.00000000
v 92.01027679 70.46975708 4.00000000
v 86.43539429 71.50000000 4.00000000
v 85.47593689 73.34310150 4.00000000
v 84.38149261 69.25856018 4.00000000
v 83.79468536 69.28418732 4.00000000
v 83.60305023 69.32666779 4.00000000
v 83.41584778 69.38568878 4.00000000
v 81.96957397 71.89070892 4.00000000
v 82.01205444 72.08234406 4.00000000
v 82.07108307 72.26954651 4.00000000
v 86.26739502 79.99066162 4.00000000
v 84.76773071 73.67333984 4.00000000
v 84.95493317 73.61431122 4.00000000
v 83.23450470 69.46080780 4.00000000
v 83.06039429 69.55144501 4.00000000
v 82.94532013 69.62258148 4.00000000
v 83.06039429 73.44856262 4.00000000
v 74.48196411 86.35614014 4.00000000
v 82.89484406 73.34310150 4.00000000
v 72.96482849 86.48331451 4.00000000
v 82.73911285 73.22360229 4.00000000
v 71.44238281 86.48532104 4.00000000
v 82.59439850 73.09099579 4.00000000
v 84.18539429 73.75000763 4.00000000
v 84.11170197 82.13746643 4.00000000
v 83.98929596 73.74143982 4.00000000
v 82.90885162 83.07073212 4.00000000
v 83.79468536 73.71582031 4.00000000
v 81.63333130 83.90193176 4.00000000
v 83.60305023 73.67333984 4.00000000
v 80.29378510 84.62544250 4.00000000
v 83.41584778 73.61431122 4.00000000
v 78.89927673 85.23635864 4.00000000
v 83.23450470 73.53919983 4.00000000
v 77.45926666 85.73053741 4.00000000
v 75.98349762 86.10464478 4.00000000
v 86.42682648 71.30390167 4.00000000
v 86.40120697 71.10929871 4.00000000
v 92.57951355 69.05773163 4.00000000
v 86.35872650 70.91765594 4.00000000
v 93.03073883 67.60368347 4.00000000
v 68.42273712 86.11458588 4.00000000
v 66.68203735 85.76944733 4.00000000
v 67.07406616 85.55688477 4.00000000
v 87.48873901 55.57758713 4.00000000
v 87.75605011 52.62099075 4.00000000
v 88.96066284 50.54184723 4.00000000
v 87.80335236 49.65271759 4.00000000
v 87.79141235 49.20693588 4.00000000
v 69.92491913 86.36212921 4.00000000
v 69.62101746 84.03179169 4.00000000
v 72.04785156 82.32199097 4.00000000
v 74.34119415 80.43692017 4.00000000
v 86.29970551 70.73045349 4.00000000
v 86.22458649 70.54911041 4.00000000
v 93.36086273 66.11745453 4.00000000
v 86.13394928 70.37500000 4.00000000
v 93.56767273 64.60912323 4.00000000
v 86.02848816 70.20945740 4.00000000
v 93.64974213 63.08888626 4.00000000
v 85.90899658 70.05372620 4.00000000
v 93.60655212 61.56705093 4.00000000
v 85.77638245 69.90901184 4.00000000
v 93.43836975 60.05391312 4.00000000
v 85.63166809 69.77639771 4.00000000
v 93.14633942 58.55973816 4.00000000
v 85.47593689 69.65690613 4.00000000
v 92.73243713 57.09463120 4.00000000
v 85.31039429 69.55144501 4.00000000
v 92.19947052 55.66851425 4.00000000
v 85.13627625 69.46080780 4.00000000
v 91.55104065 54.29105377 4.00000000
v 90.79154968 52.97157669 4.00000000
v 84.95493317 69.38568878 4.00000000
v 89.92613983 51.71900940 4.00000000
v 84.76773071 69.32666779 4.00000000
v 84.57610321 69.28418732 4.00000000
v 85.38746643 64.21527863 4.00000000
v 86.30117798 61.39073944 4.00000000
v 87.00289154 58.50621414 4.00000000
v 82.46179199 72.94627380 4.00000000
v 76.48840332 78.38696289 4.00000000
v 82.34230042 72.79055023 4.00000000
v 78.47767639 76.18339539 4.00000000
v 82.23683167 72.62500000 4.00000000
v 82.14619446 72.45088959 4.00000000
v 88.42396545 79.66666412 2.50000000
v 90.26316071 76.91829681 2.50000000
v 93.37722015 71.08737946 2.50000000
v 91.91665649 74.05435944 2.50000000
v 14.63513851 51.90935135 31.00000000
v 13.31232452 50.50000000 31.00000000
v 14.63513851 49.09065247 31.00000000
v 13.43015957 47.65101624 31.00000000
v 14.87417889 46.28210831 31.00000000
v 13.78285885 44.82149124 31.00000000
v 15.35054302 43.50395203 31.00000000
v 14.36801624 42.03075027 31.00000000
v 16.06079102 40.77620316 31.00000000
v 15.18163109 39.29787064 31.00000000
v 16.99981499 38.11851883 31.00000000
v 16.21814537 36.64151001 31.00000000
v 18.16084099 35.55003738 31.00000000
v 17.47047806 34.07981491 31.00000000
v 19.53550339 33.08927536 31.00000000
v 18.93008041 31.63029289 31.00000000
v 21.11390686 30.75395584 31.00000000
v 20.58697701 29.30966377 31.00000000
v 22.88466835 28.56090546 31.00000000
v 22.42984962 27.13378716 31.00000000
v 24.83503532 26.52593040 31.00000000
v 24.44610977 25.11752701 31.00000000
v 26.95095444 24.66368484 31.00000000
v 26.62198639 23.27465439 31.00000000
v 29.21718216 22.98759270 31.00000000
v 28.94261360 21.61775970 31.00000000
v 31.61738777 21.50972939 31.00000000
v 31.39213753 20.15815735 31.00000000
v 34.13427734 20.24074173 31.00000000
v 33.95383072 18.90582275 31.00000000
v 36.74971390 19.18977165 31.00000000
v 36.61019516 17.86930847 31.00000000
v 39.44486237 18.36439133 31.00000000
v 39.34307480 17.05569458 31.00000000
v 42.20029831 17.77054787 31.00000000
v 42.13381195 16.47053719 31.00000000
v 44.99616623 17.41252518 31.00000000
v 44.96333694 16.11783791 31.00000000
v 47.81232452 17.29289436 31.00000000
v 47.81232452 16.00000191 31.00000000
v 50.62848282 17.41252518 31.00000000
v 50.66131210 16.11783791 31.00000000
v 53.42435074 17.77054787 31.00000000
v 53.49083710 16.47053719 31.00000000
v 56.17978287 18.36439133 31.00000000
v 56.28157425 17.05569458 31.00000000
v 58.87493515 19.18977165 31.00000000
v 59.01445389 17.86930847 31.00000000
v 61.49037170 20.24074173 31.00000000
v 61.67081833 18.90582275 31.00000000
v 64.00726318 21.50972939 31.00000000
v 64.23251343 20.15815735 31.00000000
v 66.40746307 22.98759270 31.00000000
v 66.68202972 21.61775970 31.00000000
v 68.67369080 24.66368484 31.00000000
v 69.00265503 23.27465439 31.00000000
v 70.78961182 26.52593040 31.00000000
v 71.17854309 25.11752701 31.00000000
v 72.73998260 28.56090546 31.00000000
v 73.19480133 27.13378716 31.00000000
v 74.51073456 30.75395584 31.00000000
v 75.03767395 29.30966377 31.00000000
v 76.08914185 33.08927536 31.00000000
v 76.69456482 31.63029289 31.00000000
v 77.46380615 35.55003738 31.00000000
v 78.15416718 34.07981491 31.00000000
v 78.62483215 38.11851883 31.00000000
v 79.40650177 36.64151001 31.00000000
v 79.56385803 40.77620316 31.00000000
v 80.44301605 39.29787064 31.00000000
v 80.27410889 43.50395203 31.00000000
v 81.25662994 42.03075027 31.00000000
v 80.75046539 46.28210831 31.00000000
v 81.84178925 44.82149124 31.00000000
v 80.98950958 49.09065247 31.00000000
v 82.19448853 47.65101624 31.00000000
v 82.31232452 50.50000000 31.00000000
v 80.98950958 51.90935135 31.00000000
v 82.19448853 53.34898758 31.00000000
v 80.75046539 54.71789551 31.00000000
v 81.84178925 56.17851257 31.00000000
v 80.27410889 57.49605179 31.00000000
v 81.25662994 58.96925354 31.00000000
v 79.56385803 60.22380066 31.00000000
v 80.44301605 61.70213318 31.00000000
v 78.62483215 62.88148499 31.00000000
v 79.40650177 64.35849762 31.00000000
v 77.46380615 65.44996643 31.00000000
v 78.15416718 66.92018890 31.00000000
v 76.08914185 67.91072845 31.00000000
v 76.69456482 69.36971283 31.00000000
v 74.51073456 70.24604797 31.00000000
v 75.03767395 71.69033813 31.00000000
v 72.73998260 72.43909454 31.00000000
v 73.19480133 73.86621857 31.00000000
v 70.78961182 74.47407532 31.00000000
v 71.17854309 75.88247681 31.00000000
v 68.67369080 76.33631897 31.00000000
v 69.00265503 77.72534943 31.00000000
v 66.40746307 78.01240540 31.00000000
v 66.68202972 79.38224030 31.00000000
v 64.00726318 79.49027252 31.00000000
v 64.23251343 80.84185028 31.00000000
v 61.49037170 80.75926208 31.00000000
v 61.67081833 82.09417725 31.00000000
v 58.87493515 81.81023407 31.00000000
v 59.01445389 83.13069153 31.00000000
v 56.17978287 82.63561249 31.00000000
v 56.28157425 83.94430542 31.00000000
v 53.42435074 83.22945404 31.00000000
v 53.49083710 84.52946472 31.00000000
v 50.62848282 83.58748627 31.00000000
v 50.66131210 84.88217163 31.00000000
v 47.81232452 83.70710754 31.00000000
v 47.81232452 85.00000000 31.00000000
v 44.99616623 83.58748627 31.00000000
v 44.96333694 84.88217163 31.00000000
v 42.20029831 83.22945404 31.00000000
v 42.13381195 84.52946472 31.00000000
v 39.44486237 82.63561249 31.00000000
v 39.34307480 83.94430542 31.00000000
v 36.74971390 81.81023407 31.00000000
v 36.61019516 83.13069153 31.00000000
v 34.13427734 80.75926208 31.00000000
v 33.95383072 82.09417725 31.00000000
v 31.61738777 79.49027252 31.00000000
v 31.39213753 80.84185028 31.00000000
v 29.21718216 78.01240540 31.00000000
v 28.94261360 79.38224030 31.00000000
v 26.95095444 76.33631897 31.00000000
v 26.62198639 77.72534943 31.00000000
v 24.83503532 74.47407532 31.00000000
v 24.44610977 75.88247681 31.00000000
v 22.88466835 72.43909454 31.00000000
v 22.42984962 73.86621857 31.00000000
v 21.11390686 70.24604797 31.00000000
v 20.58697701 71.69033813 31.00000000
v 19.53550339 67.91072845 31.00000000
v 18.93008041 69.36971283 31.00000000
v 18.16084099 65.44996643 31.00000000
v 17.47047806 66.92018890 31.00000000
v 16.99981499 62.88148499 31.00000000
v 16.21814537 64.35849762 31.00000000
v 16.06079102 60.22380066 31.00000000
v 15.18163109 61.70213318 31.00000000
v 15.35054302 57.49605179 31.00000000
v 14.36801624 58.96925354 31.00000000
v 14.87417889 54.71789551 31.00000000
v 13.78285885 56.17851257 31.00000000
v 13.43015957 53.34898758 31.00000000
v 48.69416428 10.56779575 4.00000000
v 48.58186722 10.61430931 4.00000000
v 48.46526718 10.65107441 4.00000000
v 48.39466476 10.67333698 4.00000000
v 48.33228302 10.68716526 4.00000000
v 48.20303345 10.71582031 4.00000000
v 48.14521408 10.72343063 4.00000000
v 48.00842285 10.74143887 4.00000000
v 47.90597153 10.74591255 4.00000000
v 47.81232452 10.75000286 4.00000000
v 47.75798798 10.74763012 4.00000000
v 47.30599213 10.69018650 4.00000000
v 47.61622620 10.74143887 4.00000000
v 47.42161560 10.71582031 4.00000000
v 47.40230179 10.71153545 4.00000000
v 47.04277802 10.61430931 4.00000000
v 47.10440445 10.63374043 4.00000000
v 47.22998428 10.67333698 4.00000000
v 47.00098419 10.59699821 4.00000000
v 46.89712524 10.55397797 4.00000000
v 46.86143112 10.53919315 4.00000000
v 48.76321411 10.53919315 4.00000000
v 71.71717072 19.73423195 2.89454889
v 71.37448883 18.85445786 2.75571084
v 70.93064117 17.67674446 2.59011579
v 69.77452087 14.37297821 2.50000000
v 70.33751678 16.02820015 2.50000000
v 70.50952911 16.51571655 2.50818348
v 74.14717102 25.37358284 3.47220778
v 73.03627777 22.91290474 3.26049376
v 72.43047333 21.49133110 3.11518860
v 72.13576508 20.76536179 3.02402806
v 78.10610962 32.97036743 3.99805331
v 76.68643188 30.42445183 3.83082676
v 75.36562347 27.88616562 3.65839338
v 74.92702484 26.98171616 3.59137273
v 79.71333313 35.65822220 3.82216597
v 79.07920074 34.62042999 3.89260721
v 78.14032745 33.02963257 3.99805331
v 81.36192322 38.23107910 3.63673949
v 81.73609924 38.77776337 3.59156013
v 83.06517792 40.71958542 3.43108368
v 84.36341858 42.51381683 3.25344729
v 90.08034515 49.54369354 2.50000000
v 88.92838287 48.22850800 2.50000000
v 88.11659241 47.27313995 2.54691410
v 87.28334045 46.26668930 2.68753338
v 86.99925232 45.91733932 2.75571084
v 85.88085938 44.51002121 3.00134230
v 85.72387695 44.30351257 3.02742267
v 9.21596241 45.18068314 2.89454889
v 8.62539577 45.91733932 2.75571084
v 7.82739019 46.89058304 2.59011579
v 5.54430485 49.54369354 2.50000000
v 6.69626904 48.22850800 2.50000000
v 7.03246498 47.83578873 2.50818348
v 12.88478470 40.25656509 3.47220778
v 11.30922127 42.44896698 3.26049376
v 10.38100243 43.68438721 3.11518860
v 9.89964962 44.30260086 3.02402806
v 14.45151520 37.94506073 3.65839338
v 13.88754368 38.77712631 3.59137273
v 17.48432159 33.02963257 3.99805331
v 15.98933315 35.53206253 3.83082676
v 17.51853752 32.97036743 3.99805331
v 20.69867897 26.98226738 3.59156013
v 20.41232681 27.57965660 3.63673949
v 19.00846100 30.29380798 3.82216597
v 18.42677307 31.36187363 3.89260721
v 21.71580696 24.86034775 3.43108368
v 22.62054062 22.83892441 3.25344729
v 25.85012627 14.37297821 2.50000000
v 25.28712463 16.02820015 2.50000000
v 24.86564827 17.20891190 2.54691410
v 24.41065598 18.43374634 2.68753338
v 24.25015450 18.85445786 2.75571084
v 23.59058189 20.52667236 3.00134230
v 23.49023056 20.76587486 3.02742267
v 12.78910065 69.70240784 4.00000000
v 12.88552952 69.77639771 4.00000000
v 12.97566700 69.85900116 4.00000000
v 13.03024578 69.90901184 4.00000000
v 13.07341862 69.95612335 4.00000000
v 13.16285896 70.05372620 4.00000000
v 13.19836044 70.09999084 4.00000000
v 13.28234768 70.20945740 4.00000000
v 13.33745193 70.29594421 4.00000000
v 13.38781452 70.37500000 4.00000000
v 13.41292667 70.42324829 4.00000000
v 13.58917713 70.84340668 4.00000000
v 13.47845078 70.54911041 4.00000000
v 13.55356693 70.73045349 4.00000000
v 13.55951691 70.74932861 4.00000000
v 13.65507412 71.10929871 4.00000000
v 13.64108944 71.04620361 4.00000000
v 13.61259079 70.91765594 4.00000000
v 13.66097832 71.15413666 4.00000000
v 13.67565250 71.26559448 4.00000000
v 13.68069649 71.30390167 4.00000000
v 12.72980499 69.65690613 4.00000000
v 81.95370483 71.22979736 4.00000000
v 81.96957397 71.10929871 4.00000000
v 81.99604034 70.98992920 4.00000000
v 82.01205444 70.91765594 4.00000000
v 82.03127289 70.85671997 4.00000000
v 82.07108307 70.73045349 4.00000000
v 82.09339905 70.67658234 4.00000000
v 82.14619446 70.54911041 4.00000000
v 82.19355011 70.45814514 4.00000000
v 82.23683167 70.37500000 4.00000000
v 82.26605225 70.32913208 4.00000000
v 82.54180145 69.96641541 4.00000000
v 82.34230042 70.20945740 4.00000000
v 82.46179199 70.05372620 4.00000000
v 82.47515869 70.03913879 4.00000000
v 82.73911285 69.77639771 4.00000000
v 82.69147491 69.82005310 4.00000000
v 82.59439850 69.90901184 4.00000000
v 82.77500916 69.74886322 4.00000000
v 82.86419678 69.68042755 4.00000000
v 82.89484406 69.65690613 4.00000000
v 81.94395447 71.30390167 4.00000000
v 74.80830383 27.96269798 5.39093828
v 74.80791473 27.89361382 5.24597120
v 75.78369141 29.28011894 4.93379688
v 78.10741425 32.97264099 4.00227022
v 78.10728455 32.97240448 4.00162125
v 78.10600281 32.97019196 4.00175142
v 77.66569519 32.20809937 4.06557798
v 77.66457367 32.19961929 4.04615402
v 76.71723938 30.56968689 4.19750023
v 76.71565247 30.54313469 4.14160633
v 74.03414917 25.94228172 4.47713423
v 74.91627502 27.35396194 4.29858351
v 74.89259338 27.42461967 4.41023731
v 75.22851562 27.91218567 4.27737379
v 75.78976440 28.97068596 4.31494522
v 75.79879761 28.92173004 4.22556400
v 76.64773560 30.42457008 4.14843845
v 73.27972412 24.42610550 4.38614559
v 73.84782410 25.44376373 4.37116194
v 74.07601166 25.85172653 4.35566139
v 72.50440979 23.03725243 4.40659380
v 72.67767334 23.34761810 4.40202427
v 72.60935211 23.45774269 4.51207113
v 73.22114563 24.53038597 4.51097536
v 72.05644226 22.24104309 4.39481163
v 71.98508453 22.34756279 4.48592138
v 71.72275543 21.64796448 4.38603544
v 71.41860199 21.31780243 4.43228054
v 71.48197937 21.22849464 4.36294699
v 70.91156769 20.36650467 4.35338497
v 70.95407867 20.30879593 4.31232548
v 70.73339081 19.92432976 4.29116344
v 70.46341705 19.49035454 4.24755573
v 70.47006226 19.48090363 4.24309158
v 70.41870117 19.39441872 4.23371553
v 70.02976227 19.31431770 4.30331087
v 70.21594238 19.05298233 4.19670057
v 78.10816956 32.97395706 4.00585794
v 78.10800934 32.97369003 4.00514030
v 77.68292236 32.24867630 4.16931963
v 78.10831451 32.97421646 4.00657463
v 77.68662262 32.25663757 4.19008255
v 76.74737549 30.73783684 4.57670927
v 78.10952759 32.97631454 4.01231480
v 77.71944427 32.31847382 4.35628605
v 76.83321381 30.93415451 5.08805704
v 75.89920044 29.61405945 5.78539467
v 78.10846710 32.97447968 4.00729227
v 77.69042206 32.26454926 4.21084929
v 76.75526428 30.76416016 4.64036942
v 75.79043579 29.32697678 5.03905058
v 78.10862732 32.97474289 4.00800991
v 77.69430542 32.27240753 4.23161936
v 76.76396179 30.78998375 4.70412779
v 75.79939270 29.37242126 5.14475918
v 74.81285095 28.02898407 5.53713417
v 74.92687225 28.36440659 6.43159866
v 73.92572784 27.18931961 7.01225519
v 78.10877228 32.97500229 4.00872707
v 77.69827271 32.28021240 4.25239182
v 76.77348328 30.81530380 4.76797199
v 75.81055450 29.41642570 5.25086641
v 74.82155609 28.09240913 5.68440771
v 73.81891632 26.84956360 6.05439568
v 73.83268738 26.58580971 5.50027704
v 73.82158661 26.67840576 5.68253231
v 73.81699371 26.76637077 5.86734152
v 78.10892487 32.97526550 4.00944471
v 77.70233917 32.28797150 4.27316713
v 76.78381348 30.84011269 4.83189058
v 75.82392120 29.45896721 5.35731506
v 74.83439636 28.15290451 5.83260775
v 73.82733917 26.92784309 6.24338055
v 72.81389618 25.78643799 6.57805014
v 72.86986542 25.36063766 5.68647289
v 72.84220886 25.47771263 5.90309811
v 72.82363892 25.58788109 6.12426710
v 72.81418610 25.69087219 6.34943485
v 72.90388489 26.08999634 7.51565313
v 72.07903290 25.26736641 7.85502815
v 78.10906982 32.97552872 4.01016235
v 77.70648956 32.29567337 4.29394531
v 76.79495239 30.86440659 4.89587069
v 75.83946991 29.50002289 5.46404934
v 74.85137177 28.21041107 5.98158073
v 73.84226990 27.00107574 6.43397951
v 72.82274628 25.87433624 6.80955076
v 72.00901031 25.03540039 7.04747677
v 72.11875153 24.44414139 5.78073835
v 72.07431793 24.58125496 6.02234888
v 72.04103088 24.70932770 6.27062321
v 72.01902008 24.82795525 6.52477503
v 72.00833130 24.93676186 6.78399992
v 78.10922241 32.97579193 4.01087952
v 77.71071625 32.30332565 4.31472445
v 76.80690002 30.88818169 4.95989990
v 75.85720825 29.53956985 5.57101250
v 74.87245941 28.26486778 6.13117313
v 73.86367035 27.06914139 6.62587309
v 72.84073639 25.95435905 7.04336834
v 72.02104950 25.12356186 7.31437206
v 71.13237000 24.27906609 7.54099226
v 71.32725525 23.50982094 5.82461405
v 71.26100922 23.66909599 6.09058380
v 71.20803833 23.81668472 6.36609983
v 71.16855621 23.95199394 6.65005445
v 71.14272308 24.07448006 6.94130611
v 71.13064575 24.18364906 7.23868370
v 78.10937500 32.97605515 4.01159716
v 77.71504211 32.31092453 4.33550453
v 76.81965637 30.91143036 5.02396631
v 75.87712097 29.57758904 5.67814636
v 74.89762878 28.31621742 6.28123045
v 73.89150238 27.13192368 6.81873941
v 72.86779785 26.02630234 7.27892876
v 72.04441833 25.20096397 7.58383989
v 71.14788818 24.36034203 7.84701681
v 70.27346802 23.59348297 8.03081703
v 70.58547211 22.65771484 5.80571890
v 70.49427032 22.83896255 6.09232807
v 70.41811371 23.00559616 6.39190817
v 70.35737610 23.15678978 6.70298004
v 70.31235504 23.29179955 7.02401066
v 70.28328705 23.40995979 7.35341549
v 70.27030182 23.51068497 7.68957043
v 69.43093872 22.95606613 8.51425457
v 70.29277039 23.65794182 8.37547207
v 71.17713928 24.42715263 8.15552616
v 69.90070343 21.88488770 5.72647667
v 69.78164673 22.08779335 6.02973747
v 69.67887115 22.27287292 6.34988689
v 69.59297943 22.43903923 6.68503666
v 69.52449036 22.58530998 7.03321314
v 69.47378540 22.71082306 7.39236403
v 69.44119263 22.81484032 7.76037407
v 69.42687988 22.89674950 8.13507271
v 69.27780914 21.18575096 5.59022856
v 69.12811279 21.40996742 5.90588951
v 68.99520874 21.61286163 6.24278402
v 68.88002777 21.79303169 6.59858942
v 68.78335571 21.94923782 6.97085285
v 68.70586395 22.08040047 7.35700941
v 68.64807892 22.18561745 7.75439548
v 68.61039734 22.26416397 8.16027355
v 68.59310150 22.31549644 8.57184505
v 77.67929840 32.24065781 4.14856148
v 76.74030304 30.71101952 4.51315975
v 76.73405457 30.68371201 4.44973326
v 75.77915955 29.23186874 4.82905436
v 75.77684784 29.18225288 4.72487783
v 74.81168365 27.82180977 5.10238218
v 74.81960297 27.74735451 4.96031952
v 73.85028076 26.48874474 5.32088137
v 73.87432861 26.38736916 5.14464664
v 72.90653229 25.23694801 5.47492266
v 72.95211792 25.10694504 5.26896715
v 72.17420959 24.29842186 5.54655647
v 72.24049377 24.14455605 5.32054377
v 71.40651703 23.33949852 5.56925917
v 71.49846649 23.15881729 5.32554579
v 70.69127655 22.46274185 5.53349352
v 70.81114960 22.25501060 5.27699471
v 70.03535461 21.66535378 5.44189024
v 70.18478394 21.43048286 5.17765474
v 69.44327545 20.94175339 5.29797649
v 69.62337494 20.67965698 5.03114796
v 78.10786438 32.97343063 4.00442266
v 78.10771179 32.97317123 4.00370502
v 77.67576599 32.23259735 4.12780762
v 77.67231750 32.22447968 4.10705853
v 76.72861481 30.65591812 4.38644171
v 76.72399902 30.62764740 4.32329750
v 75.77675629 29.13129997 4.62132406
v 75.77886963 29.07903671 4.51844740
v 74.83166504 27.67032814 4.81993008
v 74.84786987 27.59080887 4.68135834
v 73.90480042 26.28185654 4.97186852
v 73.94163513 26.17237854 4.80283546
v 73.00651550 24.97094345 5.06911230
v 73.06960297 24.82928276 4.87584829
v 72.31741333 23.98303413 5.10341787
v 72.40471649 23.81436348 4.89586353
v 71.60274506 22.96849823 5.09445429
v 71.71892548 22.76931190 4.87691307
v 70.94451904 22.03554344 5.03748846
v 71.09069824 21.80541992 4.81615496
v 70.34811401 21.18165970 4.93532848
v 70.52439117 20.92035294 4.71633863
v 69.81685638 20.40127182 4.79158211
v 70.02239227 20.10851288 4.58093023
v 78.10756683 32.97290421 4.00298786
v 77.66896820 32.21631241 4.08631516
v 76.72020721 30.59890175 4.26031303
v 75.78321075 29.02548981 4.41630316
v 74.86818695 27.50887871 4.54474688
v 73.98477173 26.05912399 4.63783216
v 73.14120483 24.68231201 4.68965006
v 72.50213623 23.63908386 4.69854021
v 71.84653473 22.56205559 4.67379618
v 71.24899292 21.56578064 4.61408663
v 70.71257782 20.64809990 4.52197599
v 70.23856354 19.80340385 4.40064478
v 69.99933624 19.35702705 4.32073450
v 68.13134766 21.97903824 8.56815529
v 68.13164520 21.97862244 8.56424332
v 68.16378784 21.93350029 8.13953876
v 68.21759033 21.85798264 7.71735287
v 68.29235077 21.75304794 7.30475283
v 68.38751221 21.61948586 6.90482187
v 68.50234222 21.45828629 6.52054977
v 68.63601685 21.27066040 6.15480757
v 68.78751373 21.05800819 5.81032944
v 68.79980469 21.04076385 5.78691101
v 68.95571136 20.82191849 5.48968935
v 68.97080231 20.80073738 5.46549845
v 69.13934326 20.56415558 5.19528341
v 69.15740204 20.53882027 5.17100048
v 69.33705139 20.28664780 4.92931223
v 69.35816956 20.25700188 4.90565586
v 69.54734039 19.99146461 4.69376373
v 69.57159424 19.95742989 4.67148304
v 69.76866150 19.68081856 4.49039793
v 69.79604340 19.64238739 4.47025967
v 48.69292831 15.49204826 8.56422138
v 53.86168289 16.00743103 8.56422138
v 67.65538025 17.75294495 4.30153704
v 67.87096405 17.39716148 4.17037058
v 70.12170410 18.87201881 4.17500925
v 68.09165192 17.03295517 4.07596111
v 69.70047760 18.06313515 4.07804918
v 68.31577301 16.66309738 4.01902676
v 69.13665009 16.95495033 4.00629520
v 69.30462646 17.28564072 4.02642441
v 69.66255951 17.99031067 4.06931973
v 65.96030426 20.55032730 8.56422138
v 63.68910599 19.28686142 8.56422138
v 61.33044815 18.19532013 8.56422138
v 58.89733887 17.28171539 8.56422138
v 56.40316772 16.55107307 8.56422138
v 51.28687286 15.65377045 8.56422138
v 65.98980713 20.50163460 8.13175964
v 66.03873444 20.42089272 7.70590448
v 66.10671234 20.30871391 7.28989935
v 66.19321442 20.16595459 6.88690901
v 66.29759979 19.99369812 6.50000000
v 66.41905212 19.79325676 6.13211775
v 66.55666351 19.56616020 5.78606176
v 66.70937347 19.31413078 5.46446609
v 66.87603760 19.03908730 5.16977787
v 67.05537415 18.74312782 4.90424013
v 67.24602509 18.42850113 4.66987324
v 67.44653320 18.09760094 4.46846104
v 63.71491241 19.23611450 8.13175964
v 63.75771713 19.15196609 7.70590448
v 63.81718826 19.03505707 7.28989935
v 63.89286423 18.88627243 6.88690901
v 63.98417664 18.70675087 6.50000000
v 64.09043884 18.49785423 6.13211775
v 64.21082306 18.26117516 5.78606176
v 64.34442902 17.99851227 5.46446609
v 64.49023438 17.71187019 5.16977787
v 64.64712524 17.40342331 4.90424013
v 64.81391144 17.07551956 4.66987324
v 64.98932648 16.73066330 4.46846104
v 65.17203522 16.37146950 4.30153704
v 65.36064148 16.00067711 4.17037058
v 65.55371857 15.62110329 4.07596111
v 65.74977875 15.23564053 4.01902676
v 61.35242844 18.14279747 8.13175964
v 61.38887405 18.05570793 7.70590448
v 61.43950653 17.93470573 7.28989935
v 61.50394058 17.78072166 6.88690901
v 61.58169174 17.59491920 6.50000000
v 61.67216110 17.37871742 6.13211775
v 61.77466202 17.13376427 5.78606176
v 61.88842010 16.86191559 5.46446609
v 62.01256561 16.56524849 5.16977787
v 62.14614868 16.24601364 4.90424013
v 62.28816223 15.90664673 4.66987324
v 62.43751526 15.54972649 4.46846104
v 62.59307861 15.17797279 4.30153704
v 62.75366211 14.79421139 4.17037058
v 62.91805267 14.40136528 4.07596111
v 63.08499908 14.00242329 4.01902676
v 58.91535950 17.22770500 8.13175964
v 58.94524765 17.13814926 7.70590448
v 58.98676300 17.01372910 7.28989935
v 59.03960037 16.85538864 6.88690901
v 59.10335922 16.66433334 6.50000000
v 59.17754364 16.44202042 6.13211775
v 59.26159668 16.19013405 5.78606176
v 59.35487747 15.91059971 5.46446609
v 59.45668030 15.60554314 5.16977787
v 59.56622314 15.27728176 4.90424013
v 59.68267059 14.92831516 4.66987324
v 59.80514526 14.56130314 4.46846104
v 59.93270874 14.17903233 4.30153704
v 60.06439209 13.78442001 4.17037058
v 60.19919205 13.38046455 4.07596111
v 60.33608246 12.97023869 4.01902676
v 56.41713715 16.49588013 8.13175964
v 56.44029236 16.40435600 7.70590448
v 56.47247314 16.27719688 7.28989935
v 56.51342010 16.11537552 6.88690901
v 56.56283188 15.92011738 6.50000000
v 56.62033081 15.69291210 6.13211775
v 56.68547058 15.43548679 5.78606176
v 56.75776291 15.14980602 5.46446609
v 56.83665848 14.83803654 5.16977787
v 56.92155075 14.50255489 4.90424013
v 57.01179886 14.14591408 4.66987324
v 57.10671616 13.77083015 4.46846104
v 57.20557785 13.38015079 4.30153704
v 57.30763245 12.97685909 4.17037058
v 57.41210175 12.56401825 4.07596111
v 57.51819229 12.14477062 4.01902676
v 53.87151718 15.95135021 8.13175964
v 53.88782501 15.85835934 7.70590448
v 53.91048431 15.72916698 7.28989935
v 53.93931580 15.56475067 6.88690901
v 53.97410965 15.36636829 6.50000000
v 54.01459885 15.13552284 6.13211775
v 54.06046677 14.87397766 5.78606176
v 54.11137390 14.58372211 5.46446609
v 54.16692734 14.26696014 5.16977787
v 54.22670364 13.92610741 4.90424013
v 54.29025650 13.56375217 4.66987324
v 54.35709381 13.18266201 4.46846104
v 54.42670822 12.78572941 4.30153704
v 54.49856949 12.37597656 4.17037058
v 54.57213593 11.95652390 4.07596111
v 54.64683914 11.53056335 4.01902676
v 51.29251862 15.59712029 8.13175964
v 51.30188751 15.50317574 7.70590448
v 51.31490326 15.37265587 7.28989935
v 51.33146286 15.20655632 6.88690901
v 51.35144806 15.00613594 6.50000000
v 51.37470245 14.77292538 6.13211775
v 51.40105057 14.50869846 5.78606176
v 51.43028641 14.21546555 5.46446609
v 51.46219635 13.89545536 5.16977787
v 51.49653244 13.55110836 4.90424013
v 51.53303146 13.18503952 4.66987324
v 51.57142258 12.80004120 4.46846104
v 51.61140442 12.39904022 4.30153704
v 51.65267944 11.98508549 4.17037058
v 51.69493484 11.56133461 4.07596111
v 51.73784256 11.13100338 4.01902676
v 48.69435883 15.43513298 8.13175964
v 48.69673157 15.34075260 7.70590448
v 48.70003128 15.20962620 7.28989935
v 48.70422745 15.04275608 6.88690901
v 48.70929337 14.84140778 6.50000000
v 48.71518707 14.60711670 6.13211775
v 48.72186661 14.34165955 5.78606176
v 48.72927475 14.04706764 5.46446609
v 48.73736191 13.72557163 5.16977787
v 48.74605942 13.37962627 4.90424013
v 48.75531387 13.01186180 4.66987324
v 48.76504135 12.62507248 4.46846104
v 48.77517700 12.22221184 4.30153704
v 48.78563690 11.80633545 4.17037058
v 48.79634476 11.38061619 4.07596111
v 48.80722427 10.94829273 4.01902676
v 46.90639877 10.98823547 4.02268696
v 47.11122513 11.06348610 4.02948046
v 47.59189224 11.16019440 4.03801155
v 47.76943588 15.48219109 8.57180405
v 48.55308533 11.05063438 4.02832985
v 48.68554688 11.00176907 4.02391815
v 48.54500961 11.47542477 4.09338760
v 48.67603683 11.43018150 4.08512878
v 48.53675079 11.89305592 4.19469357
v 48.66647339 11.85169029 4.18317318
v 48.52836990 12.30043507 4.33149910
v 48.65693283 12.26313782 4.31731606
v 48.51992798 12.69456005 4.50279331
v 48.64748383 12.66144180 4.48655272
v 48.51148605 13.07251263 4.70730925
v 48.63819504 13.04361248 4.68961477
v 48.50310898 13.43150043 4.94353724
v 48.62913895 13.40678692 4.92497969
v 48.49485779 13.76887035 5.20973015
v 48.62038040 13.74824333 5.19088316
v 48.48679352 14.08213043 5.50392151
v 48.61199188 14.06542587 5.48533297
v 48.47897720 14.36896610 5.82393742
v 48.60402679 14.35595417 5.80612183
v 48.47146225 14.62725925 6.16741228
v 48.59655380 14.61764812 6.15084600
v 48.46430969 14.85509396 6.53180838
v 48.58962250 14.84854889 6.51692104
v 48.45756912 15.05079460 6.91443348
v 48.58328629 15.04692841 6.90160322
v 48.45129013 15.21291256 7.31245947
v 48.57759476 15.21129894 7.30201006
v 48.44551849 15.34025002 7.72294426
v 48.57258987 15.34042549 7.71513987
v 48.44030380 15.43186188 8.14285564
v 48.56830978 15.43334103 8.13789654
v 48.43567276 15.48707485 8.56909084
v 48.56478500 15.48935127 8.56711197
v 48.45908737 11.07981777 4.03093672
v 48.45201874 11.50242615 4.09826565
v 48.44472504 11.91772556 4.20149326
v 48.43725204 12.32266808 4.33986330
v 48.42966461 12.71428871 4.51236057
v 48.42200851 13.08971977 4.71772337
v 48.41434097 13.44621181 4.95444632
v 48.40672684 13.78114891 5.22079372
v 48.39921188 14.09207630 5.51481438
v 48.39186096 14.37671852 5.83435488
v 48.38471985 14.63298893 6.17707348
v 48.37783813 14.85900974 6.54045820
v 48.37127686 15.05312729 6.92184687
v 48.36507797 15.21391392 7.31844568
v 48.35928726 15.34019375 7.72734785
v 48.35394669 15.43104649 8.14555645
v 48.34909821 15.48579693 8.57001019
v 48.32732010 11.11350250 4.03392076
v 48.32166672 11.53357315 4.10384560
v 48.31577682 11.94616795 4.20926666
v 48.30968857 12.34828663 4.34941864
v 48.30344391 12.73702049 4.52328539
v 48.29708862 13.10954285 4.72960472
v 48.29067230 13.46315098 4.96688080
v 48.28424072 13.79528236 5.23339128
v 48.27783966 14.10352802 5.52720261
v 48.27151489 14.38564777 5.84618378
v 48.26531219 14.63960075 6.18802023
v 48.25927734 14.86353588 6.55023098
v 48.25345612 15.05583572 6.93018913
v 48.24788666 15.21510220 7.32513809
v 48.24261093 15.34017944 7.73221159
v 48.23766708 15.43015957 8.14845657
v 48.23309326 15.48439217 8.57085323
v 48.03242493 11.16022491 4.03801441
v 48.14202499 11.14735031 4.03689194
v 48.02999115 11.57674599 4.11149502
v 48.13838196 11.56485081 4.10939693
v 48.02742386 11.98556232 4.21991491
v 48.13455963 11.97471142 4.21699572
v 48.02473450 12.38375568 4.36249828
v 48.13056564 12.37398720 4.35891390
v 48.02194595 12.76846981 4.53822660
v 48.12644196 12.75981236 4.53413296
v 48.01908112 13.13695717 4.74584007
v 48.12221146 13.12940979 4.74139357
v 48.01615906 13.48657513 4.98385429
v 48.11790466 13.48013020 4.97920752
v 48.01319885 13.81482887 5.25056601
v 48.11355972 13.80945015 5.24586678
v 48.01022720 14.11936474 5.54406691
v 48.10919952 14.11500549 5.53945541
v 48.00725555 14.39800453 5.86225653
v 48.10485840 14.39460373 5.85786438
v 48.00431442 14.64875793 6.20285749
v 48.10057068 14.64623547 6.19880724
v 48.00142288 14.86982441 6.56343365
v 48.09636688 14.86808777 6.55983448
v 47.99859619 15.05962372 6.94140339
v 48.09226990 15.05857658 6.93835211
v 47.99586105 15.21680164 7.33406305
v 48.08831024 15.21632862 7.33164263
v 47.99323273 15.34022808 7.73860264
v 48.08452606 15.34020519 7.73688030
v 47.99073029 15.42902756 8.15212727
v 48.08094025 15.42932892 8.15115356
v 47.98837662 15.48255634 8.57167816
v 48.07757187 15.48304749 8.57148743
v 47.90510178 11.16869259 4.03875065
v 47.90407562 11.58456516 4.11286974
v 47.90298462 11.99269676 4.22182798
v 47.90184784 12.39017391 4.36484766
v 47.90066147 12.77415848 4.54090834
v 47.89944458 13.14191532 4.74875259
v 47.89820099 13.49081135 4.98689747
v 47.89693832 13.81836414 5.25364304
v 47.89566422 14.12222862 5.54708481
v 47.89439392 14.40023994 5.86512899
v 47.89313126 14.65041542 6.20550537
v 47.89188766 14.87096405 6.56578398
v 47.89067459 15.06031322 6.94339371
v 47.88949203 15.21711445 7.33563900
v 47.88835907 15.34024620 7.73971987
v 47.88727570 15.42883015 8.15275192
v 47.88625336 15.48223591 8.57178879
v 47.75847244 11.16990280 4.03885603
v 47.75906754 11.58568287 4.11306620
v 47.75970078 11.99371338 4.22210121
v 47.76036453 12.39109039 4.36518288
v 47.76104736 12.77497387 4.54129076
v 47.76175690 13.14262295 4.74916840
v 47.76248169 13.49141788 4.98733139
v 47.76321793 13.81886768 5.25408173
v 47.76395416 14.12263870 5.54751539
v 47.76469803 14.40056038 5.86553907
v 47.76543045 14.65065002 6.20588303
v 47.76615143 14.87112808 6.56611872
v 47.76686096 15.06041336 6.94367695
v 47.76754761 15.21715927 7.33586311
v 47.76820755 15.34025002 7.73987865
v 47.76883698 15.42880344 8.15284061
v 47.59432602 11.57671547 4.11148977
v 47.59690094 11.98553658 4.21990776
v 47.59959412 12.38372898 4.36249018
v 47.60238647 12.76844788 4.53821611
v 47.60525513 13.13693810 4.74582958
v 47.60818100 13.48656082 4.98384333
v 47.61114502 13.81481457 5.25055504
v 47.61412430 14.11935329 5.54405594
v 47.61709595 14.39799786 5.86224604
v 47.62004471 14.64875031 6.20284748
v 47.62294006 14.86982059 6.56342459
v 47.62577057 15.05961990 6.94139576
v 47.62850952 15.21680164 7.33405733
v 47.63114166 15.34022808 7.73859882
v 47.63364410 15.42902756 8.15212536
v 47.63600159 15.48255634 8.57167816
v 47.40634918 11.13528347 4.03583574
v 47.41082001 11.55370140 4.10742426
v 47.41550827 11.96453762 4.21424913
v 47.42038345 12.36483097 4.35554028
v 47.42540741 12.75169086 4.53028011
v 47.43054581 13.12233162 4.73720789
v 47.43576050 13.47408104 4.97483206
v 47.44101334 13.80440235 5.24143982
v 47.44626617 14.11091900 5.53510904
v 47.45148468 14.39141464 5.85372305
v 47.45662689 14.64387035 6.19498491
v 47.46165848 14.86646366 6.55643463
v 47.46654129 15.05759716 6.93546677
v 47.47124481 15.21588516 7.32934809
v 47.47573090 15.34018993 7.73523998
v 47.47996521 15.42961597 8.15021610
v 47.48392105 15.48352051 8.57128525
v 47.31077576 11.11648273 4.03418350
v 47.31628418 11.53633022 4.10433674
v 47.32202911 11.94868279 4.20994997
v 47.32796860 12.35055161 4.35025835
v 47.33407211 12.73902893 4.52424479
v 47.34027863 13.11129379 4.73064852
v 47.34655380 13.46464825 4.96797276
v 47.35285187 13.79653454 5.23449659
v 47.35911942 14.10454178 5.52828884
v 47.36531830 14.38643742 5.84722042
v 47.37140274 14.64018631 6.18897820
v 47.37732697 14.86393833 6.55108500
v 47.38304901 15.05607700 6.93091679
v 47.38852310 15.21520710 7.32571888
v 47.39371872 15.34017944 7.73263121
v 47.39859009 15.43008518 8.14870262
v 47.40310287 15.48427010 8.57091808
v 47.21213913 11.09266663 4.03207874
v 47.21870804 11.51430988 4.10040092
v 47.22551346 11.92857742 4.20446777
v 47.23250961 12.33244705 4.34352064
v 47.23964310 12.72296524 4.51654387
v 47.24686050 13.09729004 4.72227383
v 47.25411606 13.45267868 4.95920944
v 47.26134491 13.78654671 5.22562122
v 47.26850510 14.09644985 5.51956367
v 47.27554321 14.38012695 5.83889198
v 47.28240204 14.63551044 6.18127441
v 47.28903580 14.86073780 6.54421234
v 47.29539490 15.05415916 6.92505646
v 47.30143356 15.21436119 7.32102537
v 47.30710602 15.34018326 7.72922993
v 47.31237411 15.43070030 8.14669037
v 47.31719589 15.48525333 8.57035828
v 47.11887360 11.48731613 4.09554100
v 47.12672806 11.90392303 4.19769573
v 47.13473511 12.31022930 4.33519220
v 47.14282990 12.70325470 4.50701857
v 47.15095520 13.08009434 4.71190977
v 47.15905380 13.43798256 4.94835663
v 47.16706085 13.77427959 5.21461964
v 47.17491913 14.08651447 5.50873709
v 47.18257523 14.37238216 5.82854462
v 47.18996429 14.62978172 6.17168760
v 47.19704056 14.85681915 6.53563929
v 47.20375061 15.05181980 6.91772032
v 47.21003723 15.21335125 7.31511784
v 47.21585846 15.34022045 7.72490644
v 47.22117615 15.43149757 8.14406872
v 47.22594833 15.48650455 8.56951809
v 47.00895691 11.02869987 4.02635670
v 47.01770782 11.45512199 4.08969498
v 47.02658844 11.87450027 4.18954372
v 47.03554153 12.28370857 4.32516146
v 47.04449081 12.67970753 4.49553823
v 47.05337524 13.05955315 4.69940758
v 47.06212616 13.42042160 4.93525362
v 47.07067871 13.75962448 5.20132160
v 47.07897186 14.07464218 5.49563360
v 47.08694077 14.36313248 5.81599998
v 47.09452438 14.62294579 6.16003847
v 47.10167313 14.85215473 6.52519083
v 47.10832977 15.04905510 6.90874195
v 47.11444855 15.21217823 7.30783749
v 47.11997604 15.34031296 7.71951151
v 47.12487793 15.43250656 8.14070129
v 47.12911224 15.48807335 8.56827354
v 46.91627121 11.41764641 4.08282185
v 46.92614746 11.84022427 4.17995262
v 46.93595123 12.25279236 4.31334925
v 46.94561005 12.65225220 4.48200655
v 46.95505142 13.03559208 4.68465710
v 46.96420670 13.39992523 4.91977501
v 46.97299957 13.74251747 5.18559122
v 46.98137665 14.06078815 5.48010588
v 46.98926544 14.35234070 5.80110359
v 46.99660492 14.61498451 6.14616776
v 47.00334930 14.84674263 6.51270390
v 47.00943375 15.04586601 6.89795256
v 47.01482773 15.21086693 7.29901600
v 47.01948166 15.34049225 7.71287537
v 47.02336502 15.43377686 8.13641739
v 47.02643967 15.49001026 8.56645679
v 46.81742477 10.94829273 4.01902676
v 46.82830429 11.38061619 4.07596111
v 46.83900833 11.80633545 4.17037058
v 46.84947205 12.22221184 4.30153704
v 46.85960770 12.62507248 4.46846104
v 46.86933517 13.01186180 4.66987324
v 46.87858582 13.37962627 4.90424013
v 46.88728714 13.72557163 5.16977787
v 46.89537430 14.04706764 5.46446609
v 46.90278244 14.34165955 5.78606176
v 46.90946198 14.60711670 6.13211775
v 46.91535568 14.84140778 6.50000000
v 46.92041779 15.04275608 6.88690901
v 46.92461777 15.20962620 7.28989935
v 46.92791748 15.34075260 7.70590448
v 46.93029022 15.43513298 8.13175964
v 46.93172073 15.49204826 8.56422138
v 29.51793480 20.30871391 7.28989935
v 27.32882500 21.74817276 7.29014921
v 27.23714256 21.61948586 6.90482187
v 44.33777618 15.65377045 8.56422138
v 27.30887604 16.66309738 4.01902676
v 26.32009888 17.28561974 4.02623749
v 26.17636299 17.57169914 4.03608799
v 27.53299332 17.03295517 4.07596111
v 25.91983223 18.06884956 4.08496761
v 25.59488678 19.31431770 4.30331087
v 25.40870476 19.05298233 4.19670057
v 25.50520134 18.86906815 4.17139244
v 25.60866928 18.67187691 4.14425659
v 27.75368309 17.39716148 4.17037058
v 27.96927071 17.75294495 4.30153704
v 41.76296616 16.00743103 8.56422138
v 39.22148132 16.55107307 8.56422138
v 36.72731018 17.28171539 8.56422138
v 34.29420090 18.19532013 8.56422138
v 31.93554306 19.28686142 8.56422138
v 29.66434097 20.55032730 8.56422138
v 27.46085548 21.93350029 8.13953876
v 29.63483620 20.50163460 8.13175964
v 27.49300194 21.97862244 8.56424332
v 27.49329758 21.97903824 8.56815529
v 27.45987320 21.93212128 8.13183117
v 27.40705490 21.85798264 7.71735287
v 29.58591080 20.42089272 7.70590448
v 27.33229828 21.75304794 7.30475283
v 27.12230110 21.45828629 6.52054977
v 29.32705116 19.99369812 6.50000000
v 29.43143082 20.16595459 6.88690901
v 27.11498070 21.44800949 6.50051594
v 26.98863220 21.27066040 6.15480757
v 29.20559692 19.79325676 6.13211775
v 29.06798553 19.56616020 5.78606176
v 26.83713341 21.05800819 5.81032944
v 26.82484818 21.04076385 5.78691101
v 28.91526985 19.31413078 5.46446609
v 26.66893768 20.82191849 5.48968935
v 26.65384865 20.80073738 5.46549845
v 28.74860764 19.03908730 5.16977787
v 26.48530197 20.56415558 5.19528341
v 26.46725082 20.53882027 5.17100048
v 28.56926918 18.74312782 4.90424013
v 26.28759575 20.28664780 4.92931223
v 26.26647758 20.25700188 4.90565586
v 28.37862206 18.42850113 4.66987324
v 26.07730484 19.99146461 4.69376373
v 26.05305672 19.95742989 4.67148304
v 28.17811394 18.09760094 4.46846104
v 25.85598946 19.68081856 4.49039793
v 25.82861137 19.64238739 4.47025967
v 25.62531471 19.35702705 4.32073450
v 44.33212662 15.59712029 8.13175964
v 44.32275772 15.50317574 7.70590448
v 44.30974579 15.37265587 7.28989935
v 44.29318237 15.20655632 6.88690901
v 44.27320099 15.00613594 6.50000000
v 44.24994278 14.77292538 6.13211775
v 44.22359848 14.50869846 5.78606176
v 44.19436264 14.21546555 5.46446609
v 44.16245270 13.89545536 5.16977787
v 44.12811661 13.55110836 4.90424013
v 44.09161758 13.18503952 4.66987324
v 44.05322647 12.80004120 4.46846104
v 44.01324463 12.39904022 4.30153704
v 43.97196579 11.98508549 4.17037058
v 43.92971420 11.56133461 4.07596111
v 43.88680649 11.13100338 4.01902676
v 41.75313187 15.95135021 8.13175964
v 41.73682404 15.85835934 7.70590448
v 41.71416473 15.72916698 7.28989935
v 41.68533325 15.56475067 6.88690901
v 41.65053558 15.36636829 6.50000000
v 41.61005020 15.13552284 6.13211775
v 41.56418228 14.87397766 5.78606176
v 41.51327515 14.58372211 5.46446609
v 41.45772171 14.26696014 5.16977787
v 41.39794540 13.92610741 4.90424013
v 41.33438873 13.56375217 4.66987324
v 41.26755524 13.18266201 4.46846104
v 41.19794083 12.78572941 4.30153704
v 41.12607956 12.37597656 4.17037058
v 41.05251312 11.95652390 4.07596111
v 40.97780991 11.53056335 4.01902676
v 39.20751190 16.49588013 8.13175964
v 39.18435287 16.40435600 7.70590448
v 39.15217590 16.27719688 7.28989935
v 39.11122513 16.11537552 6.88690901
v 39.06181335 15.92011738 6.50000000
v 39.00431824 15.69291210 6.13211775
v 38.93917847 15.43548679 5.78606176
v 38.86688614 15.14980602 5.46446609
v 38.78799057 14.83803654 5.16977787
v 38.70309830 14.50255489 4.90424013
v 38.61285019 14.14591408 4.66987324
v 38.51793289 13.77083015 4.46846104
v 38.41907120 13.38015079 4.30153704
v 38.31701660 12.97685909 4.17037058
v 38.21254349 12.56401825 4.07596111
v 38.10645676 12.14477062 4.01902676
v 36.70928955 17.22770500 8.13175964
v 36.67940140 17.13814926 7.70590448
v 36.63788223 17.01372910 7.28989935
v 36.58504868 16.85538864 6.88690901
v 36.52128983 16.66433334 6.50000000
v 36.44710541 16.44202042 6.13211775
v 36.36304855 16.19013405 5.78606176
v 36.26976776 15.91059971 5.46446609
v 36.16796875 15.60554314 5.16977787
v 36.05842590 15.27728176 4.90424013
v 35.94197845 14.92831516 4.66987324
v 35.81950378 14.56130314 4.46846104
v 35.69194031 14.17903233 4.30153704
v 35.56025696 13.78442001 4.17037058
v 35.42545319 13.38046455 4.07596111
v 35.28856659 12.97023869 4.01902676
v 34.27222061 18.14279747 8.13175964
v 34.23577499 18.05570793 7.70590448
v 34.18514252 17.93470573 7.28989935
v 34.12070847 17.78072166 6.88690901
v 34.04295731 17.59491920 6.50000000
v 33.95248413 17.37871742 6.13211775
v 33.84998322 17.13376427 5.78606176
v 33.73622894 16.86191559 5.46446609
v 33.61208344 16.56524849 5.16977787
v 33.47850037 16.24601364 4.90424013
v 33.33648682 15.90664673 4.66987324
v 33.18713379 15.54972649 4.46846104
v 33.03156662 15.17797279 4.30153704
v 32.87098312 14.79421139 4.17037058
v 32.70659256 14.40136528 4.07596111
v 32.53964996 14.00242329 4.01902676
v 31.90973473 19.23611450 8.13175964
v 31.86693001 19.15196609 7.70590448
v 31.80746078 19.03505707 7.28989935
v 31.73178482 18.88627243 6.88690901
v 31.64047050 18.70675087 6.50000000
v 31.53421021 18.49785423 6.13211775
v 31.41382408 18.26117516 5.78606176
v 31.28022003 17.99851227 5.46446609
v 31.13441277 17.71187019 5.16977787
v 30.97752190 17.40342331 4.90424013
v 30.81073189 17.07551956 4.66987324
v 30.63531685 16.73066330 4.46846104
v 30.45261002 16.37146950 4.30153704
v 30.26400375 16.00067711 4.17037058
v 30.07093239 15.62110329 4.07596111
v 29.87486458 15.23564053 4.01902676
v 25.60225677 20.10851288 4.58093023
v 25.80779266 20.40127182 4.79158211
v 26.00127411 20.67965698 5.03114796
v 25.43986702 21.43048286 5.17765474
v 25.38608360 19.80340385 4.40064478
v 25.15558052 19.48428726 4.23574209
v 25.18373108 19.43631935 4.23140049
v 25.16303444 19.49544525 4.24139071
v 24.71244431 20.36912346 4.34676552
v 24.67090797 20.31013298 4.31049776
v 24.44015694 20.70331764 4.34608793
v 24.20604324 21.31780243 4.43228054
v 24.14285088 21.22886467 4.36010838
v 23.16071892 22.96497536 4.40642262
v 23.56906891 22.24313545 4.38716650
v 23.63956833 22.34756279 4.48592138
v 23.01529503 23.45774269 4.51207113
v 22.94702148 23.34764671 4.40211773
v 21.54828072 25.85175133 4.35240078
v 22.05711746 24.94120216 4.38418961
v 22.40350151 24.53038597 4.51097536
v 22.34496689 24.42574692 4.38998890
v 20.56561470 27.61020851 4.29100895
v 20.70872879 27.35410690 4.29995012
v 20.73205376 27.42461967 4.41023731
v 21.59050179 25.94228172 4.47713423
v 19.82558441 28.92159271 4.22487402
v 19.83488464 28.97068596 4.31494522
v 19.05072784 30.29469681 4.15562582
v 18.90740967 30.56968689 4.19750023
v 18.90910530 30.54319763 4.14161777
v 17.51736641 32.97240448 4.00162125
v 17.51723099 32.97264099 4.00227022
v 17.51864433 32.97019196 4.00175142
v 17.95895386 32.20809937 4.06557798
v 17.96098518 32.20014954 4.04661798
v 18.44445419 31.35851097 4.09565592
v 17.51663208 32.97369003 4.00514030
v 17.51648140 32.97395706 4.00585794
v 17.94534874 32.24065781 4.14856148
v 17.51678085 32.97343063 4.00442266
v 17.94888306 32.23259735 4.12780762
v 18.89603233 30.65591812 4.38644171
v 17.51512337 32.97631454 4.01231480
v 17.90520477 32.31847382 4.35628605
v 18.79143524 30.93415451 5.08805704
v 17.51693153 32.97317123 4.00370502
v 17.95232773 32.22447968 4.10705853
v 18.90064621 30.62764740 4.32329750
v 19.84577370 29.07903671 4.51844740
v 17.51708031 32.97290421 4.00298786
v 17.95568466 32.21631241 4.08631516
v 18.90443802 30.59890175 4.26031303
v 19.84143639 29.02548981 4.41630316
v 20.75646400 27.50887871 4.54474688
v 19.72545052 29.61405945 5.78539467
v 20.69777107 28.36440659 6.43159866
v 21.63987350 26.05912399 4.63783216
v 20.77678108 27.59080887 4.68135834
v 19.84789658 29.13129997 4.62132406
v 18.89059830 30.68371201 4.44973326
v 17.94173050 32.24867630 4.16931963
v 17.51633072 32.97421646 4.00657463
v 21.69891930 27.18931961 7.01225519
v 22.72076416 26.08999634 7.51565313
v 22.48344803 24.68231201 4.68965006
v 21.68301582 26.17237854 4.80283546
v 20.79298019 27.67032814 4.81993008
v 19.84779930 29.18225288 4.72487783
v 18.88434601 30.71101952 4.51315975
v 17.93802071 32.25663757 4.19008255
v 17.51617813 32.97447968 4.00729227
v 23.12251091 23.63908386 4.69854021
v 22.55504990 24.82928276 4.87584829
v 21.71984863 26.28185654 4.97186852
v 20.80504608 27.74735451 4.96031952
v 19.84548378 29.23186874 4.82905436
v 18.87727356 30.73783684 4.57670927
v 17.93422508 32.26454926 4.21084929
v 17.51602745 32.97474289 4.00800991
v 23.77810860 22.56205559 4.67379618
v 23.21992874 23.81436348 4.89586353
v 22.61812782 24.97094345 5.06911230
v 21.75031662 26.38736916 5.14464664
v 20.81296539 27.82180977 5.10238218
v 19.84095383 29.28011894 4.93379688
v 18.86938477 30.76416016 4.64036942
v 17.93034172 32.27240753 4.23161936
v 17.51587868 32.97500229 4.00872707
v 23.54561234 25.26736641 7.85502815
v 24.44750786 24.42715263 8.15552616
v 25.33188057 23.65794182 8.37547207
v 24.37565613 21.56578064 4.61408663
v 23.90572357 22.76931190 4.87691307
v 23.30723572 23.98303413 5.10341740
v 22.67252922 25.10694504 5.26896715
v 21.77436447 26.48874474 5.32088137
v 20.81673241 27.89361382 5.24597120
v 19.83420944 29.32697678 5.03905058
v 18.86068153 30.78998375 4.70412779
v 17.92637062 32.28021240 4.25239182
v 17.51572800 32.97526550 4.00944471
v 24.91206360 20.64809990 4.52197599
v 24.53394699 21.80541992 4.81615496
v 24.02190399 22.96849823 5.09445429
v 23.38415527 24.14455605 5.32054377
v 22.71811867 25.23694801 5.47492266
v 21.79195595 26.58580971 5.50027704
v 20.81634331 27.96269798 5.39093828
v 19.82525444 29.37242126 5.14475918
v 18.85116196 30.81530380 4.76797199
v 17.92231178 32.28797150 4.27316713
v 17.51557732 32.97552872 4.01016235
v 22.75478554 25.36063766 5.68647289
v 23.45044518 24.29842186 5.54655647
v 23.50589561 24.44414139 5.78073835
v 24.21813011 23.33949852 5.56925917
v 24.29738998 23.50982094 5.82461405
v 24.93336868 22.46274185 5.53349352
v 25.03916931 22.65771484 5.80571890
v 25.58929634 21.66535378 5.44189024
v 25.72393799 21.88488770 5.72647667
v 26.18136978 20.94175339 5.29797649
v 26.34683800 21.18575096 5.59022856
v 19.81409264 29.41642570 5.25086641
v 20.81179428 28.02898407 5.53713417
v 20.80309296 28.09240913 5.68440771
v 21.80765343 26.76637077 5.86734152
v 21.80573463 26.84956360 6.05439568
v 22.80101204 25.58788109 6.12426710
v 22.81045723 25.69087219 6.34943485
v 23.58361053 24.70932770 6.27062321
v 23.60562706 24.82795525 6.52477503
v 24.41661072 23.81668472 6.36609983
v 24.45609093 23.95199394 6.65005445
v 25.20653343 23.00559616 6.39190817
v 25.26727295 23.15678978 6.70298004
v 25.94577789 22.27287292 6.34988689
v 26.03166580 22.43903923 6.68503666
v 26.62943649 21.61286163 6.24278402
v 26.74461937 21.79303169 6.59858942
v 18.84083176 30.84011269 4.83189058
v 19.80073166 29.45896721 5.35731506
v 20.79025078 28.15290451 5.83260775
v 21.79730415 26.92784309 6.24338055
v 22.81075287 25.78643799 6.57805014
v 23.61631393 24.93676186 6.78399992
v 24.48192215 24.07448006 6.94130611
v 25.31228828 23.29179955 7.02401066
v 26.10016060 22.58530998 7.03321314
v 26.84128952 21.94923782 6.97085285
v 17.51542473 32.97579193 4.01087952
v 17.51527405 32.97605515 4.01159716
v 17.91393471 32.30332565 4.31472445
v 17.90961266 32.31092453 4.33550453
v 18.81774521 30.88818169 4.95989990
v 18.80499077 30.91143036 5.02396631
v 19.76744080 29.53956985 5.57101250
v 19.74752808 29.57758904 5.67814636
v 20.75218964 28.26486778 6.13117313
v 20.72701263 28.31621742 6.28123045
v 21.76098061 27.06914139 6.62587309
v 21.73314476 27.13192368 6.81873941
v 22.78391647 25.95435905 7.04336834
v 22.75684929 26.02630234 7.27892876
v 23.60359383 25.12356186 7.31437206
v 23.58022881 25.20096397 7.58383989
v 24.49227715 24.27906609 7.54099226
v 24.47675896 24.36034203 7.84701681
v 25.35434532 23.51068497 7.68957043
v 25.35118103 23.59348297 8.03081703
v 26.18345642 22.81484032 7.76037407
v 26.19776917 22.89674950 8.13507271
v 26.97657013 22.18561745 7.75439548
v 27.01424408 22.26416397 8.16027355
v 25.10025024 20.92035294 4.71633863
v 25.27653122 21.18165970 4.93532848
v 24.68013191 22.03554344 5.03748846
v 24.81349182 22.25501060 5.27699471
v 24.12617874 23.15881729 5.32554579
v 21.80305862 26.67840576 5.68253231
v 22.78243828 25.47771263 5.90309811
v 23.55033112 24.58125496 6.02234888
v 24.36363792 23.66909599 6.09058380
v 25.13037682 22.83896255 6.09232807
v 25.84299850 22.08779335 6.02973747
v 26.49653625 21.40996742 5.90588951
v 17.91816521 32.29567337 4.29394531
v 18.82969284 30.86440659 4.89587069
v 19.78517914 29.50002289 5.46404934
v 20.77327728 28.21041107 5.98158073
v 21.78237724 27.00107574 6.43397951
v 22.80189896 25.87433624 6.80955076
v 23.61563683 25.03540039 7.04747677
v 24.49399948 24.18364906 7.23868370
v 25.34136200 23.40995979 7.35341549
v 26.15085793 22.71082306 7.39236403
v 26.91878510 22.08040047 7.35700941
v 26.19370651 22.95606613 8.51425457
v 27.03154945 22.31549644 8.57184505
v 14.79645443 38.38944626 5.39093828
v 14.73682404 38.42432785 5.24597120
v 15.44968033 36.88602448 4.93379688
v 17.48563957 33.02735901 4.00227022
v 17.48550034 33.02759552 4.00162125
v 17.48422241 33.02981186 4.00175142
v 17.04438591 33.79217529 4.06557798
v 17.03759766 33.79738235 4.04615402
v 16.09971046 35.43276596 4.19750023
v 16.07750320 35.44741440 4.14160633
v 13.43380260 40.07009888 4.47713423
v 14.21529007 38.60031128 4.29858351
v 14.28832531 38.58549118 4.41023731
v 14.54260540 38.05079269 4.27737379
v 15.17866898 37.03548813 4.31494522
v 15.13175678 37.05213928 4.22556400
v 16.00878334 35.56551361 4.14843845
v 12.49796867 41.48153305 4.38614559
v 13.09523773 40.48071671 4.37116194
v 13.33444977 40.07911682 4.35566139
v 11.68284225 42.84740067 4.40659380
v 11.86499786 42.54217529 4.40202427
v 11.99452591 42.54627228 4.51207113
v 12.61756611 41.48012543 4.51097536
v 11.21729279 43.63346100 4.39481163
v 11.34521866 43.64200211 4.48592138
v 10.87051296 44.21897888 4.38603544
v 10.73665905 44.64746094 4.43228054
v 10.62762737 44.63723373 4.36294699
v 10.16632462 45.56221390 4.35338497
v 10.09509754 45.55426025 4.31232548
v 9.87248135 45.93761444 4.29116344
v 9.63163757 46.38840485 4.24755573
v 9.62012672 46.38737106 4.24309158
v 9.57090759 46.47509384 4.23371553
v 9.69601059 46.85197830 4.30331087
v 9.37659645 46.82140732 4.19670057
v 17.48640060 33.02605438 4.00585794
v 17.48624802 33.02631378 4.00514030
v 17.07091331 33.75697327 4.16931963
v 17.48655319 33.02579498 4.00657463
v 17.07595634 33.74977875 4.19008255
v 16.23026276 35.32259369 4.57670927
v 17.48776436 33.02370071 4.01231480
v 17.11310005 33.69044113 4.35628605
v 16.35735893 35.15010071 5.08805704
v 15.68112850 36.61903000 5.78539467
v 17.48670387 33.02553177 4.00729227
v 17.08090782 33.74253464 4.21084929
v 16.24911690 35.30260086 4.64036942
v 15.48688889 36.85675430 5.03905058
v 17.48685646 33.02527237 4.00800991
v 17.08577347 33.73524094 4.23161936
v 16.26712799 35.28215027 4.70412779
v 15.52176857 36.82627487 5.14475918
v 14.85158920 38.35236740 5.53713417
v 15.08506012 38.08590698 6.43159866
v 14.56797886 39.54047012 7.01225519
v 17.48700905 33.02501297 4.00872707
v 17.09054947 33.72789764 4.25239182
v 16.28429413 35.26124954 4.76797199
v 15.55429745 36.79460907 5.25086641
v 14.90216351 38.31312180 5.68440771
v 14.32714939 39.80285263 6.05439568
v 14.09184170 39.92279434 5.50027704
v 14.17758274 39.88611603 5.68253231
v 14.25606346 39.84611130 5.86734152
v 17.48715973 33.02474594 4.00944471
v 17.09523773 33.72050858 4.27316713
v 16.30061531 35.23989868 4.83189058
v 15.58445740 36.76176834 5.35731506
v 14.94813347 38.27174759 5.83260775
v 14.39072609 39.75641251 6.24338055
v 13.90896320 41.20478821 6.57805014
v 13.51222801 41.36921692 5.68647289
v 13.62744331 41.33462906 5.90309811
v 13.73213863 41.29562759 6.12426710
v 13.82605362 41.25231552 6.34943485
v 14.12685585 40.97507477 7.51565313
v 13.82686615 42.10072708 7.85502815
v 17.48731232 33.02448654 4.01016235
v 17.09983635 33.71306610 4.29394531
v 16.31608200 35.21810532 4.89587069
v 15.61223698 36.72777176 5.46404934
v 14.98944664 38.22829437 5.98158073
v 14.44668293 39.70687103 6.43397951
v 13.98066044 41.15317154 6.80955076
v 13.66098976 42.27735519 7.04747677
v 13.09407139 42.47794724 5.78073835
v 13.23503304 42.44787216 6.02234888
v 13.36258698 42.41265869 6.27062321
v 13.47633076 42.37241364 6.52477503
v 13.57590389 42.32726288 6.78399992
v 17.48746300 33.02422333 4.01087952
v 17.10434723 33.70557404 4.31472445
v 16.33069992 35.19587326 4.95989990
v 15.63761711 36.69263458 5.57101250
v 15.02606678 38.18280792 6.13117313
v 14.49493313 39.65430832 6.62587309
v 14.04096889 41.09758759 7.04336834
v 13.73131561 42.22284698 7.31437206
v 13.44430447 43.41471481 7.54099226
v 12.68067551 43.63056183 5.82461405
v 12.85173702 43.60829544 6.09058380
v 13.00603485 43.58037949 6.36609983
v 13.14295864 43.54691315 6.65005445
v 13.26195145 43.50804138 6.94130611
v 13.36253452 43.46391678 7.23868370
v 17.48761368 33.02396011 4.01159716
v 17.10876846 33.69802856 4.33550453
v 16.34445763 35.17319870 5.02396631
v 15.66058350 36.65637970 5.67814636
v 15.05794716 38.13532639 6.28123045
v 14.53538609 39.59880829 6.81873941
v 14.08974075 41.03817368 7.27892876
v 13.78666973 42.16390991 7.58383989
v 13.50693035 43.36063766 7.84701681
v 13.28002262 44.50134277 8.03081703
v 12.31361961 44.69901657 5.80571890
v 12.51618958 44.68737411 6.09232807
v 12.69857597 44.67001724 6.39190817
v 12.85988045 44.64701843 6.70298004
v 12.99931145 44.61850357 7.02401066
v 13.11617756 44.58459854 7.35341549
v 13.20990181 44.54547882 7.68957043
v 13.14926910 45.54969788 8.51425457
v 13.32619762 44.45239639 8.37547207
v 13.55016613 43.30190277 8.15552616
v 11.98671341 45.67845535 5.72647667
v 12.22196579 45.68011475 6.02973747
v 12.43364048 45.67658234 6.34988689
v 12.62049007 45.66788101 6.68503666
v 12.78141117 45.65406036 7.03321314
v 12.91545486 45.63520813 7.39236403
v 13.02183819 45.61143494 7.76037407
v 13.09992790 45.58287048 8.13507271
v 11.69269562 46.56747055 5.59022856
v 11.96172047 46.58500290 5.90588951
v 12.20388317 46.59865189 6.24278402
v 12.41750622 46.60831833 6.59858942
v 12.60111809 46.61393356 6.97085285
v 12.75345707 46.61546707 7.35700941
v 12.87347031 46.61289978 7.75439548
v 12.96033001 46.60625839 8.16027355
v 13.01344109 46.59557724 8.57184505
v 17.06578445 33.76411819 4.14856148
v 16.21057510 35.34212875 4.51315975
v 16.19005203 35.36119843 4.44973326
v 15.41015911 36.91407394 4.82905436
v 15.36835003 36.94088745 4.72487783
v 14.67275620 38.45697021 5.10238218
v 14.60431480 38.48733902 4.96031952
v 13.99898529 39.95609665 5.32088137
v 13.89916992 39.98595428 5.14464664
v 13.38677502 41.39930725 5.47492266
v 13.25139427 41.42483139 5.26896715
v 12.94014931 42.50278854 5.54655647
v 12.77375603 42.52231216 5.32054377
v 12.49354362 43.64707947 5.56925917
v 12.29109287 43.65779114 5.32554579
v 12.09186745 44.70487213 5.53349352
v 11.85202599 44.70492554 5.27699471
v 11.72927380 45.67161942 5.44189024
v 11.45115471 45.65964508 5.17765474
v 11.39865112 46.54616928 5.29797649
v 11.08162498 46.52125168 5.03114796
v 17.48609734 33.02657700 4.00442266
v 17.48594475 33.02683640 4.00370502
v 17.06056595 33.77120590 4.12780762
v 17.05525970 33.77824783 4.10705853
v 16.16869926 35.37980270 4.38644171
v 16.14652252 35.39793015 4.32329750
v 15.32427216 36.96644592 4.62132406
v 15.27794838 36.99073792 4.51844740
v 14.53157520 38.51539993 4.81993008
v 14.45461082 38.54113007 4.68135834
v 13.79255581 40.01232910 4.97186852
v 13.67932892 40.03516769 4.80283546
v 13.10641289 41.44571686 5.06911230
v 12.95219326 41.46191788 4.87584829
v 12.59541130 42.53645706 5.10341787
v 12.40568638 42.54518127 4.89586353
v 12.07413483 43.66264343 5.09445429
v 11.84354305 43.66162491 4.87691307
v 11.59528255 44.69916534 5.03748846
v 11.32289696 44.68762589 4.81615496
v 11.15399933 45.64260483 4.93532848
v 10.83955956 45.62059402 4.71633863
v 10.74379349 46.49288177 4.79158211
v 10.38749123 46.46126175 4.58093023
v 17.48579216 33.02709579 4.00298786
v 17.04986572 33.78524017 4.08631516
v 16.12352180 35.41558838 4.26031303
v 15.22940731 37.01375961 4.41630316
v 14.37349606 38.56450272 4.54474688
v 13.55967712 40.05443192 4.63783216
v 12.78911114 41.47339630 4.68965006
v 12.20518017 42.54845428 4.69854021
v 11.60024452 43.65473175 4.67379618
v 11.03622055 44.67036438 4.61408663
v 10.50968838 45.59374619 4.52197599
v 10.01517105 46.42660904 4.40064478
v 9.74821281 46.85697174 4.32073450
v 12.95293140 47.16369247 8.56815529
v 12.95242500 47.16364288 8.56424332
v 12.89727497 47.15836334 8.13953876
v 12.80497360 47.14953232 7.71735287
v 12.67671967 47.13725662 7.30475283
v 12.51347351 47.12163162 6.90482187
v 12.31645012 47.10277557 6.52054977
v 12.08712578 47.08082581 6.15480757
v 11.82721519 47.05595398 5.81032944
v 11.80613804 47.05393219 5.78691101
v 11.53865433 47.02833176 5.48968935
v 11.51277161 47.02585602 5.46549845
v 11.22361088 46.99818039 5.19528341
v 11.19264221 46.99522018 5.17100048
v 10.88442612 46.96571732 4.92931223
v 10.84819412 46.96224976 4.90565586
v 10.52364731 46.93118668 4.69376373
v 10.48204708 46.92721176 4.67148304
v 10.14396191 46.89485168 4.49039793
v 10.09698963 46.89035416 4.47025967
v 17.05424690 67.24135590 8.56422138
v 14.91620350 62.50739288 8.56422138
v 9.53101730 49.68894196 4.30153704
v 9.11510372 49.68013000 4.17037058
v 9.26699448 46.99349976 4.17500925
v 8.68934441 49.67110825 4.07596111
v 8.77709293 47.76273346 4.07804918
v 8.25697899 49.66194916 4.01902676
v 8.09929180 48.80511856 4.00629520
v 8.30169392 48.49430466 4.02642441
v 8.73298931 47.83198929 4.06931973
v 12.80115509 49.75822449 8.56422138
v 12.84256172 52.35687637 8.56422138
v 13.07658482 54.94530487 8.56422138
v 13.50193501 57.50924301 8.56422138
v 14.11626816 60.03457642 8.56422138
v 15.89733028 64.91407013 8.56422138
v 12.74423313 49.75701904 8.13175964
v 12.64984512 49.75501633 7.70590448
v 12.51870728 49.75224304 7.28989935
v 12.35182190 49.74870300 6.88690901
v 12.15045547 49.74443817 6.50000000
v 11.91613865 49.73947525 6.13211775
v 11.65066242 49.73385239 5.78606176
v 11.35604095 49.72760773 5.46446609
v 11.03451443 49.72079849 5.16977787
v 10.68853569 49.71346664 4.90424013
v 10.32073784 49.70567322 4.66987324
v 9.93391514 49.69747925 4.46846104
v 12.78570652 52.35989761 8.13175964
v 12.69143105 52.36490631 7.70590448
v 12.56044960 52.37186050 7.28989935
v 12.39376163 52.38071060 6.88690901
v 12.19263268 52.39138794 6.50000000
v 11.95859528 52.40381622 6.13211775
v 11.69342899 52.41789627 5.78606176
v 11.39915752 52.43352127 5.46446609
v 11.07801151 52.45057678 5.16977787
v 10.73244190 52.46892548 4.90424013
v 10.36507988 52.48843002 4.66987324
v 9.97871494 52.50894547 4.46846104
v 9.57629108 52.53031540 4.30153704
v 9.16087246 52.55237198 4.17037058
v 8.73561573 52.57495499 4.07596111
v 8.30376148 52.59788895 4.01902676
v 13.02011299 54.95253372 8.13175964
v 12.92646694 54.96451569 7.70590448
v 12.79636097 54.98116302 7.28989935
v 12.63078690 55.00235367 6.88690901
v 12.43100357 55.02791977 6.50000000
v 12.19853401 55.05767059 6.13211775
v 11.93514442 55.09138107 5.78606176
v 11.64283943 55.12878799 5.46446609
v 11.32384300 55.16960907 5.16977787
v 10.98058701 55.21353531 4.90424013
v 10.61568069 55.26023865 4.66987324
v 10.23190498 55.30935287 4.46846104
v 9.83217335 55.36050797 4.30153704
v 9.41953468 55.41331482 4.17037058
v 8.99712372 55.46736908 4.07596111
v 8.56816006 55.52227020 4.01902676
v 13.44615173 57.52063751 8.13175964
v 13.35365295 57.53953934 7.70590448
v 13.22514153 57.56578827 7.28989935
v 13.06159401 57.59920120 6.88690901
v 12.86425781 57.63951492 6.50000000
v 12.63463497 57.68642044 6.13211775
v 12.37447166 57.73957062 5.78606176
v 12.08574677 57.79855728 5.46446609
v 11.77065849 57.86292267 5.16977787
v 11.43160439 57.93218994 4.90424013
v 11.07116795 58.00582504 4.66987324
v 10.69208622 58.08326721 4.46846104
v 10.29724979 58.16392517 4.30153704
v 9.88966560 58.24718857 4.17037058
v 9.47242641 58.33242798 4.07596111
v 9.04871559 58.41899109 4.01902676
v 14.06148434 60.05007935 8.13175964
v 13.97064304 60.07578278 7.70590448
v 13.84443092 60.11149216 7.28989935
v 13.68381500 60.15694046 6.88690901
v 13.49001026 60.21178055 6.50000000
v 13.26449966 60.27559280 6.13211775
v 13.00899315 60.34788895 5.78606176
v 12.72543526 60.42812347 5.46446609
v 12.41598988 60.51568222 5.16977787
v 12.08300877 60.60990143 4.90424013
v 11.72902393 60.71006393 4.66987324
v 11.35673046 60.81541061 4.46846104
v 10.96896458 60.92513275 4.30153704
v 10.56867504 61.03839874 4.17037058
v 10.15891171 61.15434265 4.07596111
v 9.74278545 61.27208710 4.01902676
v 14.86271954 62.52691269 8.13175964
v 14.77403164 62.55928421 7.70590448
v 14.65081787 62.60426331 7.28989935
v 14.49401283 62.66149139 6.88690901
v 14.30481339 62.73055649 6.50000000
v 14.08465195 62.81091309 6.13211775
v 13.83521080 62.90196609 5.78606176
v 13.55838776 63.00300217 5.46446609
v 13.25628948 63.11327362 5.16977787
v 12.93120861 63.23192978 4.90424013
v 12.58562851 63.35807037 4.66987324
v 12.22217464 63.49073410 4.46846104
v 11.84361458 63.62891388 4.30153704
v 11.45282745 63.77155304 4.17037058
v 11.05279064 63.91757584 4.07596111
v 10.64654446 64.06585693 4.01902676
v 15.84543991 64.93750000 8.13175964
v 15.75940132 64.97636414 7.70590448
v 15.63986015 65.03034973 7.28989935
v 15.48773384 65.09906006 6.88690901
v 15.30417442 65.18196106 6.50000000
v 15.09058094 65.27842712 6.13211775
v 14.84857845 65.38772583 5.78606176
v 14.58001137 65.50901794 5.46446609
v 14.28692055 65.64139557 5.16977787
v 13.97154140 65.78382874 4.90424013
v 13.63626480 65.93525696 4.66987324
v 13.28365135 66.09451294 4.46846104
v 12.91638279 66.26038361 4.30153704
v 12.53725243 66.43161011 4.17037058
v 12.14914417 66.60689545 4.07596111
v 11.75501537 66.78490448 4.01902676
v 17.00424004 67.26856995 8.13175964
v 16.92131805 67.31370544 7.70590448
v 16.80611038 67.37641144 7.28989935
v 16.65949631 67.45621490 6.88690901
v 16.48259163 67.55249786 6.50000000
v 16.27674294 67.66454315 6.13211775
v 16.04351425 67.79148865 5.78606176
v 15.78468132 67.93236542 5.46446609
v 15.50221443 68.08611298 5.16977787
v 15.19826794 68.25154877 4.90424013
v 14.87514782 68.42742157 4.66987324
v 14.53531551 68.61238861 4.46846104
v 14.18135643 68.80503845 4.30153704
v 13.81596947 69.00392151 4.17037058
v 13.44193172 69.20750427 4.07596111
v 13.06208992 69.41425323 4.01902676
v 17.06571198 67.37863159 8.13789654
v 16.86877441 67.48160553 7.30201006
v 16.54861450 67.65256500 6.51692104
v 16.11480904 67.88639069 5.80612183
v 15.58034134 68.17608643 5.19088316
v 14.96120548 68.51297760 4.68961477
v 14.27592373 68.88697815 4.31731606
v 13.54501057 69.28691101 4.08512878
v 13.16923618 69.49288177 4.02391815
v 13.27778816 69.58316803 4.02832985
v 13.35006237 69.64997864 4.03093672
v 13.44511700 69.74725342 4.03392076
v 13.56707859 69.89080048 4.03689194
v 13.63302803 69.97927856 4.03801441
v 13.70402431 70.08531189 4.03875065
v 17.11598015 67.35368347 8.56711197
v 17.17856598 67.46662903 8.56909084
v 17.22074699 67.54224396 8.57001019
v 17.27753067 67.64340973 8.57085323
v 17.35412979 67.77876282 8.57148743
v 17.39830017 67.85626221 8.57167816
v 17.44908524 67.94486237 8.57178879
v 17.50745392 68.04605103 8.57180405
v 13.85326672 70.36080933 4.03801155
v 13.77838516 70.21169281 4.03885603
v 14.00984859 70.82542419 4.02948046
v 13.98466492 70.72344208 4.03207874
v 13.95596981 70.62610626 4.03418350
v 13.92446423 70.53394318 4.03583574
v 17.57448769 68.16142273 8.57167816
v 17.65136147 68.29264832 8.57128525
v 17.69242096 68.36226654 8.57091808
v 17.73622704 68.43616486 8.57035828
v 17.78293419 68.51457214 8.56951809
v 17.83271027 68.59764099 8.56827354
v 17.88572502 68.68559265 8.56645679
v 16.98310280 67.42137909 7.71513987
v 17.12843323 67.49022675 8.14285564
v 17.04648590 67.53150940 7.72294426
v 17.17090416 67.56542206 8.14555645
v 17.08955765 67.60622406 7.72734785
v 17.22827911 67.66656494 8.14845657
v 17.14788246 67.70727539 7.73221159
v 17.30592155 67.80271149 8.15115356
v 17.22694588 67.84416962 7.73688030
v 17.35076332 67.88098907 8.15212727
v 17.27261353 67.92321777 7.73860264
v 17.40232468 67.97068024 8.15275192
v 17.32506561 68.01403046 7.73971987
v 17.46151733 68.07325745 8.15284061
v 17.38514328 68.11808014 7.73987865
v 17.52930832 68.19023132 8.15212536
v 17.45365906 68.23680115 7.73859882
v 17.60666084 68.32302094 8.15021610
v 17.53133392 68.37140656 7.73523998
v 17.64775085 68.39325714 8.14870262
v 17.57232666 68.44243622 7.73263121
v 17.69139290 68.46762085 8.14669037
v 17.61563683 68.51744080 7.72922993
v 17.73768044 68.54620361 8.14406872
v 17.66129303 68.59644318 7.72490644
v 17.78670502 68.62909698 8.14070129
v 17.70931435 68.67943573 7.71951151
v 17.83856201 68.71637726 8.13641739
v 17.75971794 68.76638031 7.71287537
v 16.72358131 67.55886078 6.90160322
v 16.93332481 67.59018707 7.31245947
v 16.78978920 67.66580963 6.91443348
v 16.97729874 67.66434479 7.31844568
v 16.83495140 67.73936462 6.92184687
v 17.03692436 67.76524353 7.32513809
v 16.89620972 67.84005737 6.93018913
v 17.11777115 67.90282440 7.33164263
v 16.97917747 67.97827911 6.93835211
v 17.16440773 67.98265839 7.33406305
v 17.02692032 68.05887604 6.94140339
v 17.21786308 68.07461548 7.33563900
v 17.08148003 68.15199280 6.94339371
v 17.27887535 68.18020630 7.33586311
v 17.14347076 68.25916290 6.94367695
v 17.34808350 68.30078888 7.33405733
v 17.21333122 68.38175964 6.94139576
v 17.42592239 68.43743896 7.32934809
v 17.29119110 68.52066040 6.93546677
v 17.46669579 68.50941467 7.32571888
v 17.33162308 68.59372711 6.93091679
v 17.50950813 68.58525848 7.32102537
v 17.37378693 68.67060089 6.92505646
v 17.55433083 68.66492462 7.31511784
v 17.41758537 68.75113678 6.91772032
v 17.60111046 68.74829865 7.30783749
v 17.46290016 68.83515167 6.90874195
v 17.64978218 68.83522034 7.29901600
v 17.50958633 68.92239380 6.89795256
v 16.34518051 67.76201630 6.15084600
v 16.61693764 67.75781250 6.53180838
v 16.41604614 67.86553955 6.16741228
v 16.66356277 67.83074951 6.54045820
v 16.46438217 67.93779755 6.17707348
v 16.72676468 67.93115997 6.55023098
v 16.52980995 68.03790283 6.18802023
v 16.81216240 68.06996918 6.55983448
v 16.61792564 68.17725372 6.19880724
v 16.86113548 68.15132141 6.56343365
v 16.66823769 68.25936127 6.20285749
v 16.91688919 68.24562073 6.56578398
v 16.72526550 68.35481262 6.20550537
v 16.97989845 68.35443115 6.56611872
v 16.78932190 68.46529388 6.20588303
v 17.05037308 68.47910309 6.56342459
v 16.86036873 68.59214783 6.20284748
v 17.12810898 68.62046051 6.55643463
v 16.93785095 68.73610687 6.19498491
v 17.16808510 68.69475555 6.55108500
v 16.97727013 68.81175995 6.18897820
v 17.20945930 68.77281189 6.54421234
v 17.01772499 68.89116669 6.18127441
v 17.25206375 68.85444641 6.53563929
v 17.05898094 68.97409058 6.17168760
v 17.29570961 68.93936920 6.52519083
v 17.10078049 69.06016541 6.16003847
v 17.34018326 69.02722931 6.51270390
v 17.14284706 69.14894104 6.14616776
v 15.85922432 68.02476501 5.48533297
v 16.18860245 67.98818207 5.82393742
v 15.93628883 68.12483215 5.50392151
v 16.23887634 68.05975342 5.83435488
v 15.98869228 68.19570160 5.51481438
v 16.30678368 68.15950775 5.84618378
v 16.05929756 68.29508972 5.52720261
v 16.39786339 68.29935455 5.85786438
v 16.15355492 68.43540192 5.53945541
v 16.44961166 68.38217926 5.86225653
v 16.20681572 68.51892853 5.54406691
v 16.50798035 68.47880554 5.86512899
v 16.26657677 68.61671448 5.54708481
v 16.57310486 68.59096527 5.86553907
v 16.33278656 68.73056793 5.54751539
v 16.64468384 68.72006989 5.86224604
v 16.40485954 68.86197662 5.54405594
v 16.72178841 68.86679077 5.85372305
v 16.48148155 69.01155853 5.53510904
v 16.76056290 68.94390106 5.84722042
v 16.51953125 69.09021759 5.52828884
v 16.79998589 69.02480316 5.83889198
v 16.55783081 69.17273712 5.51956367
v 16.83976364 69.10918427 5.82854462
v 16.59602165 69.25875092 5.50873709
v 16.87956810 69.19664001 5.81599998
v 16.63371277 69.34778595 5.49563360
v 16.91906166 69.28662109 5.80110359
v 16.67051315 69.43923187 5.48010588
v 15.28025055 68.33922577 4.92497969
v 15.66096401 68.27447510 5.20973015
v 15.36466599 68.43601227 4.94353724
v 15.71566200 68.34465790 5.22079372
v 15.42178917 68.50553131 4.95444632
v 15.78914738 68.44367218 5.23339128
v 15.49829578 68.60416412 4.96688080
v 15.88675785 68.58439636 5.24586678
v 15.59938145 68.74530029 4.97920752
v 15.94159412 68.66862488 5.25056601
v 15.65583801 68.83019257 4.98385429
v 16.00278854 68.76754761 5.25364304
v 15.71848965 68.93022156 4.98689747
v 16.07008362 68.88310242 5.25408173
v 15.78687096 69.04745483 4.98733139
v 16.14261055 69.01682281 5.25055504
v 15.85981655 69.18350983 4.98384333
v 16.21865845 69.16936493 5.24143982
v 15.93521976 69.33907318 4.97483206
v 16.25592613 69.24964905 5.23449659
v 15.97165298 69.42104340 4.96797276
v 16.29302597 69.33388519 5.22562122
v 16.00750542 69.50708771 4.95920944
v 16.32954979 69.42167664 5.21461964
v 16.04231071 69.59676361 4.94835663
v 16.36504745 69.51247406 5.20132160
v 16.07556725 69.68948364 4.93525362
v 16.39907074 69.60562134 5.18559122
v 16.10677719 69.78453064 4.91977501
v 14.62559032 68.69601440 4.48655272
v 15.04958439 68.60825348 4.70730925
v 14.71804810 68.78992462 4.50279331
v 15.10923004 68.67713928 4.71772337
v 14.78026772 68.85823059 4.51236057
v 15.18885422 68.77541351 4.72960472
v 14.86306286 68.95617676 4.52328539
v 15.29349804 68.91693115 4.74139357
v 14.97130108 69.09806061 4.53413296
v 15.35159683 69.00246429 4.74584007
v 15.03104687 69.18422699 4.53822660
v 15.41571331 69.10359955 4.74875259
v 15.09661579 69.28642273 4.54090834
v 15.48516750 69.22248077 4.74916840
v 15.16712856 69.40692139 4.54129076
v 15.55849648 69.36086273 4.74582958
v 15.24081039 69.54759216 4.53821611
v 15.63320351 69.51947021 4.73720789
v 15.31478786 69.70923615 4.53028011
v 15.66877556 69.60315704 4.73064852
v 15.34948826 69.79467010 4.52424479
v 15.70335388 69.69106293 4.72227383
v 15.38279247 69.88447571 4.51654387
v 15.73641968 69.78272247 4.71190977
v 15.41412640 69.97817993 4.50701857
v 15.76742172 69.87749481 4.69940758
v 15.44290733 70.07511139 4.49553823
v 15.79582691 69.97463226 4.68465710
v 15.46856785 70.17446899 4.48200655
v 13.91483116 69.08444214 4.18317318
v 14.37250900 68.97967529 4.33149910
v 14.01551437 69.17610168 4.19469357
v 14.43731785 69.04746246 4.33986330
v 14.08288956 69.24346924 4.20149326
v 14.52328968 69.14512634 4.34941864
v 14.17199898 69.34091187 4.20926666
v 14.63510513 69.28740692 4.35891390
v 14.28732681 69.48358917 4.21699572
v 14.69648266 69.37417603 4.36249828
v 14.35029507 69.57094574 4.21991491
v 14.76348209 69.47738647 4.36484766
v 14.41868782 69.67514038 4.22182798
v 14.83501911 69.59945679 4.36518288
v 14.49121571 69.79872131 4.22210121
v 14.90902901 69.74236298 4.36249018
v 14.56552696 69.94379425 4.21990776
v 14.98226833 69.90702057 4.35554028
v 14.63804054 70.11138916 4.21424913
v 15.01610851 69.99418640 4.35025835
v 14.67105007 70.20027161 4.20994997
v 15.04816151 70.08591461 4.34352064
v 14.70189571 70.29389954 4.20446777
v 15.07780743 70.18169403 4.33519220
v 14.72993565 70.39179230 4.19769573
v 15.10443497 70.28086853 4.32516146
v 14.75452232 70.49322510 4.18954372
v 15.12745762 70.38256836 4.31334925
v 14.77506351 70.59734344 4.17995262
v 13.64970589 69.37776184 4.09338760
v 13.71958447 69.44480133 4.09826565
v 13.81173706 69.54210663 4.10384560
v 13.93046188 69.68519592 4.10939693
v 13.99496174 69.77312469 4.11149502
v 14.06469154 69.87826538 4.11286974
v 14.13816261 70.00328827 4.11306620
v 14.21276855 70.15043640 4.11148977
v 14.28459167 70.32086182 4.10742426
v 14.31681633 70.41142273 4.10433674
v 14.34653282 70.50692749 4.10040092
v 14.37307549 70.60688782 4.09554100
v 14.39577675 70.71060181 4.08969498
v 14.03085899 70.93138885 4.02635670
v 14.41403484 70.81718445 4.08282185
v 14.04709339 71.04043579 4.02268696
v 17.93570328 68.76608276 8.58714390
v 17.93484688 68.76660156 8.56422138
v 17.89138412 68.79317474 8.17726040
v 17.88627434 68.79630280 8.13175964
v 17.81843758 68.83777618 7.77312040
v 17.80572510 68.84555054 7.70590448
v 17.71736908 68.89956665 7.37745428
v 17.69381714 68.91396332 7.28989935
v 17.58887100 68.97813416 6.99293518
v 17.55139923 69.00103760 6.88690901
v 17.43381691 69.07292175 6.62216234
v 17.37956047 69.10609436 6.50000000
v 17.25326538 69.18331146 6.26763868
v 17.17960358 69.22834015 6.13211775
v 17.04843712 69.30854034 5.93176126
v 16.95305252 69.36685944 5.78606176
v 16.82072258 69.44775391 5.61679792
v 16.70163155 69.52056885 5.46446609
v 16.57166290 69.60002899 5.32487917
v 16.42725182 69.68832397 5.16977787
v 16.30294418 69.76432037 5.05797911
v 16.13200378 69.86883545 4.90424013
v 16.01638222 69.93952179 4.81790304
v 15.81813431 70.06072235 4.66987324
v 15.71390820 70.12445068 4.60627937
v 15.48803234 70.26254272 4.46846104
v 15.39757442 70.31784821 4.42454338
v 15.14420986 70.47275543 4.30153704
v 15.06951046 70.51841736 4.27393103
v 14.78928375 70.68975067 4.17037058
v 14.73193645 70.72480774 4.15546942
v 14.42595577 70.91188049 4.07596111
v 14.38713455 70.93561554 4.06997108
v 14.05698776 71.13746643 4.01902676
v 14.03742981 71.14942169 4.01802540
v 18.89790726 71.27267456 6.62026310
v 19.37345886 70.93102264 8.58710289
v 28.74940872 85.19502258 4.01707745
v 29.74929810 85.72259521 4.02486181
v 30.11355972 85.70144653 4.03608799
v 28.94687843 84.83561707 4.06819344
v 30.57804871 85.67948914 4.07671690
v 31.42678070 85.63989258 4.15359735
v 31.35018730 85.64299011 4.14425659
v 29.14163971 84.48114014 4.15299892
v 29.33236504 84.13401794 4.27091408
v 20.96705246 72.98393250 8.58710289
v 22.70851135 74.91299438 8.58710289
v 24.58824158 76.70758820 8.58710289
v 26.59589195 78.35783386 8.58710289
v 28.72040367 79.85462952 8.58710289
v 30.95007515 81.18974304 8.58710289
v 19.33194733 70.96084595 8.17702675
v 30.92546082 81.23454285 8.17702675
v 30.88462448 81.30886841 7.77257252
v 19.26307297 71.01033020 7.77257252
v 19.16730881 71.07912445 7.37650251
v 30.82784271 81.41220856 7.37650251
v 30.75550461 81.54386139 6.99152279
v 19.04531097 71.16677856 6.99152279
v 30.66810608 81.70293427 6.62026310
v 30.56624222 81.88833618 6.26525927
v 18.72611046 71.39609528 6.26525927
v 18.53108978 71.53620148 5.92893648
v 18.31418037 71.69203186 5.61359215
v 30.45060921 82.09878540 5.92893648
v 30.32199669 82.33286285 5.61359215
v 18.07686234 71.86252594 5.32138014
v 30.18128395 82.58896637 5.32138014
v 17.82075882 72.04651642 5.05429745
v 30.02943039 82.86534119 5.05429745
v 17.54761696 72.24275208 4.81416750
v 29.86747742 83.16010284 4.81416750
v 17.25930214 72.44987488 4.60263109
v 29.69652748 83.47123718 4.60263109
v 16.95778656 72.66649628 4.42113352
v 29.51774979 83.79661560 4.42113352
v 16.64512825 72.89111328 4.27091408
v 16.32346153 73.12220001 4.15299892
v 15.99498844 73.35818481 4.06819344
v 15.66194725 73.59744263 4.01707745
v 20.92786598 73.01675415 8.17702675
v 20.86285210 73.07120514 7.77257252
v 20.77245331 73.14691925 7.37650251
v 20.65728951 73.24337006 6.99152279
v 20.51814842 73.35990906 6.62026310
v 20.35597801 73.49572754 6.26525927
v 20.17188454 73.64990997 5.92893648
v 19.96712875 73.82140350 5.61359215
v 19.74311066 74.00903320 5.32138014
v 19.50135803 74.21150970 5.05429745
v 19.24352074 74.42745209 4.81416750
v 18.97136307 74.65539551 4.60263109
v 18.68674278 74.89378357 4.42113352
v 18.39160347 75.14096832 4.27091408
v 18.08796501 75.39527893 4.15299892
v 17.77789497 75.65496826 4.06819344
v 17.46351624 75.91827393 4.01707745
v 22.67186546 74.94863129 8.17702675
v 22.61106873 75.00775146 7.77257252
v 22.52653503 75.08995819 7.37650251
v 22.41884232 75.19469452 6.99152279
v 22.28872681 75.32122803 6.62026310
v 22.13707542 75.46870422 6.26525927
v 21.96492386 75.63611603 5.92893648
v 21.77345467 75.82232666 5.61359215
v 21.56396675 76.02604675 5.32138014
v 21.33789444 76.24588776 5.05429745
v 21.09678459 76.48036957 4.81416750
v 20.84228134 76.72786713 4.60263109
v 20.57612419 76.98670197 4.42113352
v 20.30013084 77.25509644 4.27091408
v 20.01618767 77.53122711 4.15299892
v 19.72623444 77.81320953 4.06819344
v 19.43225098 78.09909821 4.01707745
v 24.55434036 76.74584198 8.17702675
v 24.49809647 76.80931854 7.77257252
v 24.41989136 76.89756775 7.37650251
v 24.32026291 77.00999451 6.99152279
v 24.19989014 77.14582825 6.62026310
v 24.05959320 77.30415344 6.26525927
v 23.90033340 77.48387146 5.92893648
v 23.72319984 77.68376160 5.61359215
v 23.52939987 77.90245819 5.32138014
v 23.32025528 78.13847351 5.05429745
v 23.09719849 78.39018250 4.81416750
v 22.86175346 78.65587616 4.60263109
v 22.61552429 78.93373108 4.42113352
v 22.36019897 79.22186279 4.27091408
v 22.09751511 79.51828766 4.15299892
v 21.82927322 79.82099152 4.06819344
v 21.55730057 80.12789917 4.01707745
v 26.56492043 78.39849854 8.17702675
v 26.51353836 78.46596527 7.77257252
v 26.44209480 78.55976868 7.37650251
v 26.35107994 78.67927551 6.99152279
v 26.24111176 78.82366943 6.62026310
v 26.11294365 78.99195862 6.26525927
v 25.96745300 79.18299103 5.92893648
v 25.80562973 79.39546967 5.61359215
v 25.62858200 79.62793732 5.32138014
v 25.43751907 79.87880707 5.05429745
v 25.23374557 80.14636993 4.81416750
v 25.01865196 80.42879486 4.60263109
v 24.79371071 80.72415161 4.42113352
v 24.56045532 81.03041840 4.27091408
v 24.32048225 81.34551239 4.15299892
v 24.07542801 81.66728210 4.06819344
v 23.82696724 81.99352264 4.01707745
v 28.69253349 79.89747620 8.17702675
v 28.64629745 79.96857452 7.77257252
v 28.58200836 80.06742096 7.37650251
v 28.50010681 80.19335175 6.99152279
v 28.40114975 80.34549713 6.62026310
v 28.28581619 80.52282715 6.26525927
v 28.15489197 80.72412872 5.92893648
v 28.00927544 80.94802856 5.61359215
v 27.84995461 81.19298553 5.32138014
v 27.67802429 81.45732880 5.05429745
v 27.49465561 81.73926544 4.81416750
v 27.30110168 82.03686523 4.60263109
v 27.09868431 82.34809113 4.42113352
v 26.88878632 82.67082214 4.27091408
v 26.67284203 83.00284576 4.15299892
v 26.45232773 83.34189606 4.06819344
v 26.22874641 83.68566132 4.01707745
v 77.68979645 68.76660156 8.56422138
v 74.65908813 72.98518372 8.56422138
v 66.25057983 84.05812073 4.30153704
v 66.45091248 84.42271423 4.17037058
v 64.04827118 85.63448334 4.17500925
v 66.65596771 84.79593658 4.07596111
v 64.95938873 85.67413330 4.07804918
v 66.86421967 85.17496490 4.01902676
v 66.20102692 85.73993683 4.00629520
v 65.83065796 85.72006226 4.02642441
v 65.04141998 85.67770386 4.06931973
v 64.67550659 81.19145203 8.56422138
v 66.90530396 79.85626221 8.56422138
v 69.02993774 78.35938263 8.56422138
v 71.03769684 76.70904541 8.56422138
v 72.91753387 74.91435242 8.56422138
v 76.25277710 70.93216705 8.56422138
v 64.70292664 81.24135590 8.13175964
v 64.74839020 81.32409668 7.70590448
v 64.81154633 81.43904877 7.28989935
v 64.89193726 81.58535004 6.88690901
v 64.98892975 81.76186371 6.50000000
v 65.10178375 81.96726990 6.13211775
v 65.22964478 82.19998932 5.78606176
v 65.37155914 82.45827484 5.46446609
v 65.52642059 82.74011993 5.16977787
v 65.69306183 83.04341125 4.90424013
v 65.87020874 83.36582947 4.66987324
v 66.05651855 83.70492554 4.46846104
v 66.93634796 79.90399170 8.13175964
v 66.98782349 79.98313904 7.70590448
v 67.05934143 80.09309387 7.28989935
v 67.15034485 80.23302460 6.88690901
v 67.26016235 80.40187073 6.50000000
v 67.38793945 80.59834290 6.13211775
v 67.53271484 80.82093048 5.78606176
v 67.69338226 81.06797028 5.46446609
v 67.86872101 81.33756256 5.16977787
v 68.05740356 81.62766266 4.90424013
v 68.25797272 81.93605042 4.66987324
v 68.46892548 82.26039886 4.46846104
v 68.68864441 82.59822083 4.30153704
v 68.91545868 82.94695282 4.17037058
v 69.14763641 83.30393982 4.07596111
v 69.38343048 83.66647339 4.01902676
v 69.06443024 78.40467834 8.13175964
v 69.12163544 78.47978210 7.70590448
v 69.20110321 78.58413696 7.28989935
v 69.30224609 78.71693420 6.88690901
v 69.42427826 78.87716675 6.50000000
v 69.56627655 79.06361389 6.13211775
v 69.72716522 79.27486420 5.78606176
v 69.90571594 79.50930023 5.46446609
v 70.10056305 79.76515198 5.16977787
v 70.31023407 80.04045105 4.90424013
v 70.53312683 80.33312225 4.66987324
v 70.76755524 80.64093018 4.46846104
v 71.01171875 80.96152496 4.30153704
v 71.26377869 81.29248047 4.17037058
v 71.52178955 81.63126373 4.07596111
v 71.78382111 81.97531128 4.01902676
v 71.07546234 76.75166321 8.13175964
v 71.13807678 76.82231903 7.70590448
v 71.22505951 76.92048645 7.28989935
v 71.33577728 77.04541779 6.88690901
v 71.46935272 77.19615936 6.50000000
v 71.62479401 77.37156677 6.13211775
v 71.80090332 77.57029724 5.78606176
v 71.99634552 77.79084778 5.46446609
v 72.20963287 78.03153992 5.16977787
v 72.43914795 78.29053497 4.90424013
v 72.68313599 78.56586456 4.66987324
v 72.93973541 78.85543823 4.46846104
v 73.20701599 79.15704346 4.30153704
v 73.48291779 79.46839142 4.17037058
v 73.76535034 79.78710938 4.07596111
v 74.05216980 80.11077118 4.01902676
v 72.95835114 74.95404816 8.13175964
v 73.02603149 75.01986694 7.70590448
v 73.12006378 75.11131287 7.28989935
v 73.23973846 75.22769165 6.88690901
v 73.38412476 75.36810303 6.50000000
v 73.55214691 75.53149414 6.13211775
v 73.74250793 75.71662903 5.78606176
v 73.95378113 75.92208099 5.46446609
v 74.18432617 76.14628601 5.16977787
v 74.43241882 76.38755035 4.90424013
v 74.69615173 76.64402771 4.66987324
v 74.97352600 76.91376495 4.46846104
v 75.26242828 77.19471741 4.30153704
v 75.56066895 77.48474884 4.17037058
v 75.86595917 77.78164673 4.07596111
v 76.17599487 78.08314514 4.01902676
v 74.70274353 73.02173615 8.13175964
v 74.77511597 73.08235931 7.70590448
v 74.87567139 73.16658020 7.28989935
v 75.00363922 73.27376556 6.88690901
v 75.15805054 73.40308380 6.50000000
v 75.33772278 73.55355835 6.13211775
v 75.54129791 73.72406006 5.78606176
v 75.76721191 73.91327667 5.46446609
v 76.01375580 74.11976624 5.16977787
v 76.27906036 74.34196472 4.90424013
v 76.56108856 74.57817841 4.66987324
v 76.85770416 74.82660675 4.46846104
v 77.16664886 75.08535767 4.30153704
v 77.48557281 75.35247803 4.17037058
v 77.81204224 75.62590027 4.07596111
v 78.14359283 75.90357971 4.01902676
v 76.29901123 70.96537781 8.13175964
v 76.37568665 71.02046967 7.70590448
v 76.48220825 71.09699249 7.28989935
v 76.61777496 71.19438934 6.88690901
v 76.78134918 71.31190491 6.50000000
v 76.97168732 71.44864655 6.13211775
v 77.18734741 71.60358429 5.78606176
v 77.42667389 71.77552032 5.46446609
v 77.68785858 71.96315002 5.16977787
v 77.96890259 72.16506195 4.90424013
v 78.26767731 72.37970734 4.66987324
v 78.58190155 72.60545349 4.46846104
v 78.90918732 72.84058380 4.30153704
v 79.24703979 73.08330536 4.17037058
v 79.59289551 73.33177185 4.07596111
v 79.94412231 73.58409119 4.01902676
v 77.73837280 68.79630280 8.13175964
v 77.81892395 68.84555054 7.70590448
v 77.93083191 68.91396332 7.28989935
v 78.07324982 69.00103760 6.88690901
v 78.24508667 69.10609436 6.50000000
v 78.44504547 69.22834015 6.13211775
v 78.67160034 69.36685944 5.78606176
v 78.92301941 69.52056885 5.46446609
v 79.19739532 69.68832397 5.16977787
v 79.49264526 69.86883545 4.90424013
v 79.80651093 70.06072235 4.66987324
v 80.13661194 70.26254272 4.46846104
v 80.48043823 70.47275543 4.30153704
v 80.83536530 70.68975067 4.17037058
v 81.19869232 70.91188049 4.07596111
v 81.56765747 71.13746643 4.01902676
v 82.48347473 69.47132874 4.02268696
v 82.31590271 69.61108398 4.02948046
v 81.99181366 69.97900391 4.03801155
v 78.16008759 67.97176361 8.57180405
v 81.60609436 70.86620331 4.02832985
v 81.58219147 71.00534821 4.02391815
v 81.24225616 70.64681244 4.09338760
v 81.21592712 70.78290558 4.08512878
v 80.88471222 70.43084717 4.19469357
v 80.85566711 70.56387329 4.18317318
v 80.53609467 70.21989441 4.33149910
v 80.50411987 70.34988403 4.31731606
v 80.19899750 70.01552582 4.50279331
v 80.16389465 70.14255524 4.48655272
v 79.87590027 69.81924438 4.70730925
v 79.83757782 69.94342041 4.68961477
v 79.56919098 69.63248444 4.94353724
v 79.52758789 69.75399017 4.92497969
v 79.28115082 69.45665741 5.20973015
v 79.23625183 69.57567596 5.19088316
v 79.01389313 69.29304504 5.50392151
v 78.96575928 69.40982056 5.48533297
v 78.76939392 69.14285278 5.82393742
v 78.71813965 69.25765991 5.80612183
v 78.54946136 69.00720215 6.16741228
v 78.49523926 69.12033844 6.15084600
v 78.35572815 68.88709259 6.53180838
v 78.29873657 68.99888611 6.51692104
v 78.18961334 68.78340149 6.91443348
v 78.13010406 68.89421082 6.90160322
v 78.05236053 68.69690704 7.31245947
v 77.99060822 68.80709839 7.30201006
v 77.94496155 68.62824249 7.72294426
v 77.88127899 68.73819733 7.71513987
v 77.86824036 68.57791901 8.14285564
v 77.80295563 68.68803406 8.13789654
v 77.82273102 68.54630280 8.56909084
v 77.75621033 68.65698242 8.56711197
v 81.62782288 70.77020264 4.03093672
v 81.26536560 70.55278015 4.09826565
v 80.90935516 70.33881378 4.20149326
v 80.56240082 70.12986755 4.33986330
v 80.22704315 69.92749023 4.51236057
v 79.90573120 69.73313904 4.71772337
v 79.60083771 69.54826355 4.95444632
v 79.31458282 69.37419891 5.22079372
v 79.04906464 69.21222687 5.51481438
v 78.80623627 69.06353760 5.83435488
v 78.58787537 68.92920685 6.17707348
v 78.39556885 68.81024933 6.54045820
v 78.23073578 68.70751190 6.92184687
v 78.09459686 68.62174988 7.31844568
v 77.98813629 68.55358887 7.72734785
v 77.91212463 68.50354004 8.14555645
v 77.86712646 68.47196198 8.57001019
v 81.66453552 70.63925171 4.03392076
v 81.30356598 70.42431641 4.10384560
v 80.94920349 70.21292114 4.20926666
v 80.60399628 70.00658417 4.34941864
v 80.27046967 69.80681610 4.52328539
v 79.95103455 69.61505127 4.72960472
v 79.64800262 69.43269348 4.96688080
v 79.36358643 69.26105499 5.23339128
v 79.09983063 69.10138702 5.52720261
v 78.85867310 68.95484924 5.84618378
v 78.64184570 68.82250214 6.18802023
v 78.45093536 68.70530701 6.55023098
v 78.28730011 68.60411072 6.93018913
v 78.15216827 68.51966095 7.32513809
v 78.04648590 68.45255280 7.73221159
v 77.97102356 68.40328217 8.14845657
v 77.92635345 68.37220764 8.57085323
v 81.77152252 70.36050415 4.03801441
v 81.72786713 70.46185303 4.03689194
v 81.41201782 70.15013885 4.11149502
v 81.36811829 70.24995422 4.10939693
v 81.05926514 69.94350433 4.21991491
v 81.01509094 70.04170990 4.21699572
v 80.71575928 69.74207306 4.36249828
v 80.67129517 69.83861542 4.35891390
v 80.38397980 69.54730988 4.53822660
v 80.33923340 69.64212799 4.53413296
v 80.06629181 69.36058044 4.74584007
v 80.02126312 69.45367432 4.74139357
v 79.76497650 69.18324280 4.98385429
v 79.71968079 69.27458191 4.97920752
v 79.48218536 69.01655579 5.25056601
v 79.43666077 69.10615540 5.24586678
v 79.21993256 68.86170959 5.54406691
v 79.17421722 68.94960022 5.53945541
v 78.98010254 68.71981812 5.86225653
v 78.93424225 68.80604553 5.85786438
v 78.76441956 68.59189606 6.20285749
v 78.71847534 68.67651367 6.19880724
v 78.57441711 68.47885132 6.56343365
v 78.52845001 68.56194305 6.55983448
v 78.41145325 68.38150024 6.94140339
v 78.36552429 68.46315765 6.93835211
v 78.27670288 68.30054474 7.33406305
v 78.23088837 68.38085175 7.33164263
v 78.17112732 68.23655701 7.73860264
v 78.12549591 68.31563568 7.73688030
v 78.09547424 68.18999481 8.15212727
v 78.05010986 68.26796722 8.15115356
v 78.05030060 68.16118622 8.57167816
v 78.00527191 68.23818970 8.57148743
v 81.82785034 70.24600220 4.03875065
v 81.46820831 70.03717804 4.11286974
v 81.11529541 69.83216858 4.22182798
v 80.77163696 69.63243866 4.36484766
v 80.43968964 69.43942261 4.54090834
v 80.12181854 69.25449371 4.74875259
v 79.82028961 69.07896423 4.98689747
v 79.53724670 68.91410065 5.25364304
v 79.27472687 68.76106262 5.54708481
v 79.03459930 68.62095642 5.86512899
v 78.81857300 68.49477386 6.20550537
v 78.62819672 68.38342285 6.56578398
v 78.46482086 68.28769684 6.94339371
v 78.32961273 68.20827484 7.33563900
v 78.22354889 68.14572144 7.73971987
v 78.14737701 68.10049438 8.15275192
v 78.10163879 68.07290649 8.57178879
v 81.90011597 70.11841583 4.03885603
v 81.53974152 69.91104126 4.11306620
v 81.18605804 69.70757294 4.22210121
v 80.84158325 69.50946045 4.36518288
v 80.50879669 69.31811523 4.54129076
v 80.19004822 69.13489532 4.74916840
v 79.88761139 68.96112823 4.98733139
v 79.60366821 68.79803467 5.25408173
v 79.34023285 68.64679718 5.54751539
v 79.09917450 68.50847626 5.86553907
v 78.88221741 68.38406372 6.20588303
v 78.69092560 68.27445221 6.56611872
v 78.52664185 68.18042755 6.94367695
v 78.39055634 68.10264587 7.33586311
v 78.28362274 68.04167175 7.73987865
v 78.20661163 67.99794006 8.15284061
v 81.62987518 69.77285767 4.11148977
v 81.27453613 69.57067871 4.21990776
v 80.92834473 69.37390900 4.36249018
v 80.59378052 69.18396759 4.53821611
v 80.27322388 69.00220490 4.74582958
v 79.96897125 68.82993317 4.98384333
v 79.68321228 68.66836548 5.25055504
v 79.41799164 68.51867676 5.54405594
v 79.17518616 68.38193512 5.86224604
v 78.95655823 68.25910187 6.20284748
v 78.76366425 68.15107727 6.56342459
v 78.59786987 68.05863190 6.94139576
v 78.46038055 67.98241425 7.33405733
v 78.35216522 67.92298126 7.73859882
v 78.27401733 67.88075256 8.15212536
v 78.22648621 67.85602570 8.57167816
v 82.10615540 69.83077240 4.03583574
v 81.74155426 69.62543488 4.10742426
v 81.38342285 69.42407990 4.21424913
v 81.03431702 69.22815704 4.35554028
v 80.69677734 69.03907776 4.53028011
v 80.37322998 68.85820770 4.73720789
v 80.06599426 68.68684387 4.97483206
v 79.77729797 68.52623749 5.24143982
v 79.50923157 68.37752533 5.53510904
v 79.26370239 68.24179840 5.85372305
v 79.04249573 68.12002563 6.19498491
v 78.84719849 68.01308441 6.55643463
v 78.67923737 67.92175293 6.93546677
v 78.53980255 67.84667969 7.32934809
v 78.42990875 67.78840637 7.73523998
v 78.35034943 67.74736023 8.15021610
v 78.30168915 67.72383881 8.57128525
v 82.17022705 69.75740814 4.03418350
v 81.80387115 69.55226135 4.10433674
v 81.44389343 69.35105133 4.20994997
v 81.09289551 69.15525818 4.35025835
v 80.75341797 68.96630859 4.52424479
v 80.42791748 68.78555298 4.73064852
v 80.11875916 68.61431122 4.96797276
v 79.82820129 68.45381927 5.23449659
v 79.55831909 68.30524445 5.52828884
v 79.31108856 68.16967010 5.84722042
v 79.08830261 68.04805756 6.18897820
v 78.89156342 67.94131470 6.55108500
v 78.72229767 67.85020447 6.93091679
v 78.58174896 67.77537537 7.32571888
v 78.47093201 67.71739197 7.73263121
v 78.39062500 67.67665863 8.14870262
v 78.34144592 67.65348053 8.57091808
v 82.24016571 69.68389130 4.03207874
v 81.87173462 69.47875977 4.10040092
v 81.50955963 69.27752686 4.20446777
v 81.15630341 69.08164215 4.34352064
v 80.81453705 68.89256287 4.51654387
v 80.48676300 68.71165466 4.72227383
v 80.17535400 68.54023743 4.95920944
v 79.88259888 68.37956238 5.22562122
v 79.61063385 68.23081970 5.51956367
v 79.36143494 68.09506989 5.83889198
v 79.13684845 67.97332001 6.18127441
v 78.93847656 67.86645508 6.54421234
v 78.76779175 67.77525330 6.92505646
v 78.62602997 67.70037842 7.32102537
v 78.51422882 67.64237976 7.72922993
v 78.43319702 67.60168457 8.14669037
v 78.38355255 67.57858276 8.57035828
v 81.94502258 69.40579224 4.09554100
v 81.58031464 69.20429993 4.19769573
v 81.22442627 69.00807190 4.33519220
v 80.88001251 68.81857300 4.50701857
v 80.54959869 68.63719177 4.71190977
v 80.23561096 68.46526337 4.94835663
v 79.94036102 68.30404663 5.21461964
v 79.66603088 68.15473938 5.50873709
v 79.41463470 68.01843262 5.82854462
v 79.18801880 67.89613342 6.17168760
v 78.98786926 67.78874207 6.53563929
v 78.81563568 67.69705200 6.91772032
v 78.67259979 67.62172699 7.31511784
v 78.55981445 67.56333923 7.72490644
v 78.47811127 67.52230835 8.14406872
v 78.42809296 67.49893951 8.56951809
v 82.39715576 69.53991699 4.02635670
v 82.02348328 69.33428192 4.08969498
v 81.65586090 69.13228607 4.18954372
v 81.29699707 68.93543243 4.32516146
v 80.94957733 68.74517822 4.49553823
v 80.61617279 68.56295776 4.69940758
v 80.29928589 68.39009857 4.93525362
v 80.00125122 68.22790527 5.20132160
v 79.72428894 68.07757568 5.49563360
v 79.47046661 67.94023132 5.81599998
v 79.24166107 67.81689453 6.16003847
v 79.03958893 67.70848846 6.52519083
v 78.86573792 67.61579895 6.90874195
v 78.72142029 67.53953552 7.30783749
v 78.60768127 67.48024750 7.71951151
v 78.52538300 67.43840027 8.14070129
v 78.47515106 67.41429138 8.56827354
v 82.10666656 69.26518250 4.08282185
v 81.73576355 69.06243896 4.17995262
v 81.37356567 68.86464691 4.31334925
v 81.02279663 68.67328644 4.48200655
v 80.68609619 68.48979187 4.68465710
v 80.36598206 68.31555176 4.91977501
v 80.06490326 68.15187073 5.18559122
v 79.78507996 67.99999237 5.48010588
v 79.52864838 67.86104584 5.80110359
v 79.29752350 67.73607635 6.14616776
v 79.09344482 67.62603760 6.51270390
v 78.91795349 67.53174591 6.89795256
v 78.77236176 67.45391846 7.29901600
v 78.65777588 67.39314270 7.71287537
v 78.57504272 67.34985352 8.13641739
v 78.52480316 67.32440186 8.56645679
v 82.56256104 69.41425323 4.01902676
v 82.18272400 69.20750427 4.07596111
v 81.80867767 69.00392151 4.17037058
v 81.44329834 68.80503845 4.30153704
v 81.08933258 68.61238861 4.46846104
v 80.74949646 68.42742157 4.66987324
v 80.42637634 68.25154877 4.90424013
v 80.12243652 68.08611298 5.16977787
v 79.83996582 67.93236542 5.46446609
v 79.58113098 67.79148865 5.78606176
v 79.34790802 67.66454315 6.13211775
v 79.14205933 67.55249786 6.50000000
v 78.96514893 67.45621490 6.88690901
v 78.81853485 67.37641144 7.28989935
v 78.70333099 67.31370544 7.70590448
v 78.62040710 67.26856995 8.13175964
v 78.57040405 67.24135590 8.56422138
v 83.10593414 49.75224304 7.28989935
v 82.95388794 47.13668823 7.29014921
v 83.11117554 47.12163162 6.90482187
v 79.72732544 64.91407013 8.56422138
v 87.36766815 49.66194916 4.01902676
v 87.32293701 48.49438095 4.02623749
v 87.14704895 48.22686005 4.03608799
v 86.93530273 49.67110825 4.07596111
v 86.84477234 47.75612259 4.08496761
v 85.92863464 46.85197830 4.30331087
v 86.24805450 46.82140732 4.19670057
v 86.35907745 46.99693298 4.17139244
v 86.47811127 47.18513489 4.14425659
v 86.50954437 49.68013000 4.17037058
v 86.09363556 49.68894196 4.30153704
v 80.70844269 62.50739288 8.56422138
v 81.50838470 60.03457642 8.56422138
v 82.12271118 57.50924301 8.56422138
v 82.54806519 54.94530487 8.56422138
v 82.78208923 52.35687637 8.56422138
v 82.82349396 49.75822449 8.56422138
v 82.72737122 47.15836334 8.13953876
v 82.88041687 49.75701904 8.13175964
v 82.67222595 47.16364288 8.56424332
v 82.67171478 47.16369247 8.56815529
v 82.72905731 47.15820312 8.13183117
v 82.81967163 47.14953232 7.71735287
v 82.97480774 49.75501633 7.70590448
v 82.94792175 47.13725662 7.30475283
v 83.30819702 47.10277557 6.52054977
v 83.47418976 49.74443817 6.50000000
v 83.27282715 49.74870300 6.88690901
v 83.32076263 47.10157394 6.50051594
v 83.53752136 47.08082581 6.15480757
v 83.70851135 49.73947525 6.13211775
v 83.97399139 49.73385239 5.78606176
v 83.79743195 47.05595398 5.81032944
v 83.81851196 47.05393219 5.78691101
v 84.26860809 49.72760773 5.46446609
v 84.08599091 47.02833176 5.48968935
v 84.11187744 47.02585602 5.46549845
v 84.59013367 49.72079849 5.16977787
v 84.40103912 46.99818039 5.19528341
v 84.43200684 46.99522018 5.17100048
v 84.93611145 49.71346664 4.90424013
v 84.74021912 46.96571732 4.92931223
v 84.77645111 46.96224976 4.90565586
v 85.30390930 49.70567322 4.66987324
v 85.10099792 46.93118668 4.69376373
v 85.14260101 46.92721176 4.67148304
v 85.69073486 49.69747925 4.46846104
v 85.48069000 46.89485168 4.49039793
v 85.52765656 46.89035416 4.47025967
v 85.87643433 46.85697174 4.32073450
v 79.77920532 64.93750000 8.13175964
v 79.86524963 64.97636414 7.70590448
v 79.98478699 65.03034973 7.28989935
v 80.13690948 65.09906006 6.88690901
v 80.32048035 65.18196106 6.50000000
v 80.53407288 65.27842712 6.13211775
v 80.77606201 65.38772583 5.78606176
v 81.04463959 65.50901794 5.46446609
v 81.33773041 65.64139557 5.16977787
v 81.65310669 65.78382874 4.90424013
v 81.98838043 65.93525696 4.66987324
v 82.34100342 66.09451294 4.46846104
v 82.70826721 66.26038361 4.30153704
v 83.08740234 66.43161011 4.17037058
v 83.47550201 66.60689545 4.07596111
v 83.86963654 66.78490448 4.01902676
v 80.76192474 62.52691269 8.13175964
v 80.85061646 62.55928421 7.70590448
v 80.97383118 62.60426331 7.28989935
v 81.13063812 62.66149139 6.88690901
v 81.31983948 62.73055649 6.50000000
v 81.53999329 62.81091309 6.13211775
v 81.78943634 62.90196609 5.78606176
v 82.06626129 63.00300217 5.46446609
v 82.36836243 63.11327362 5.16977787
v 82.69344330 63.23192978 4.90424013
v 83.03901672 63.35807037 4.66987324
v 83.40247345 63.49073410 4.46846104
v 83.78103638 63.62891388 4.30153704
v 84.17181396 63.77155304 4.17037058
v 84.57185364 63.91757584 4.07596111
v 84.97810364 64.06585693 4.01902676
v 81.56315613 60.05007935 8.13175964
v 81.65400696 60.07578278 7.70590448
v 81.78022003 60.11149216 7.28989935
v 81.94082642 60.15694046 6.88690901
v 82.13463593 60.21178055 6.50000000
v 82.36014557 60.27559280 6.13211775
v 82.61566162 60.34788895 5.78606176
v 82.89921570 60.42812347 5.46446609
v 83.20865631 60.51568222 5.16977787
v 83.54164124 60.60990143 4.90424013
v 83.89562225 60.71006393 4.66987324
v 84.26791382 60.81541061 4.46846104
v 84.65568542 60.92513275 4.30153704
v 85.05597687 61.03839874 4.17037058
v 85.46573639 61.15434265 4.07596111
v 85.88185883 61.27208710 4.01902676
v 82.17849731 57.52063751 8.13175964
v 82.27099609 57.53953934 7.70590448
v 82.39950562 57.56578827 7.28989935
v 82.56305695 57.59920120 6.88690901
v 82.76039124 57.63951492 6.50000000
v 82.99001312 57.68642044 6.13211775
v 83.25018311 57.73957062 5.78606176
v 83.53890228 57.79855728 5.46446609
v 83.85398865 57.86292267 5.16977787
v 84.19304657 57.93218994 4.90424013
v 84.55348206 58.00582504 4.66987324
v 84.93256378 58.08326721 4.46846104
v 85.32740021 58.16392517 4.30153704
v 85.73497772 58.24718857 4.17037058
v 86.15222931 58.33242798 4.07596111
v 86.57593536 58.41899109 4.01902676
v 82.60453796 54.95253372 8.13175964
v 82.69818115 54.96451569 7.70590448
v 82.82828522 54.98116302 7.28989935
v 82.99386597 55.00235367 6.88690901
v 83.19364166 55.02791977 6.50000000
v 83.42611694 55.05767059 6.13211775
v 83.68950653 55.09138107 5.78606176
v 83.98181152 55.12878799 5.46446609
v 84.30080414 55.16960907 5.16977787
v 84.64406586 55.21353531 4.90424013
v 85.00896454 55.26023865 4.66987324
v 85.39274597 55.30935287 4.46846104
v 85.79247284 55.36050797 4.30153704
v 86.20510864 55.41331482 4.17037058
v 86.62752533 55.46736908 4.07596111
v 87.05648804 55.52227020 4.01902676
v 82.83893585 52.35989761 8.13175964
v 82.93321991 52.36490631 7.70590448
v 83.06420135 52.37186050 7.28989935
v 83.23088074 52.38071060 6.88690901
v 83.43202209 52.39138794 6.50000000
v 83.66605377 52.40381622 6.13211775
v 83.93122101 52.41789627 5.78606176
v 84.22549438 52.43352127 5.46446609
v 84.54663849 52.45057678 5.16977787
v 84.89220428 52.46892548 4.90424013
v 85.25957489 52.48843002 4.66987324
v 85.64592743 52.50894547 4.46846104
v 86.04835510 52.53031540 4.30153704
v 86.46377563 52.55237198 4.17037058
v 86.88903046 52.57495499 4.07596111
v 87.32088470 52.59788895 4.01902676
v 85.23715973 46.46126175 4.58093023
v 84.88085938 46.49288177 4.79158211
v 84.54302216 46.52125168 5.03114796
v 84.17349243 45.65964508 5.17765474
v 85.60948181 46.42660904 4.40064478
v 86.00109863 46.38654327 4.23574209
v 86.02856445 46.43490601 4.23140049
v 85.98770142 46.38742065 4.24139071
v 85.45637512 45.56035995 4.34676552
v 85.52822113 45.55388260 4.31049776
v 85.30310059 45.15745544 4.34608793
v 84.88798523 44.64746094 4.43228054
v 84.99661255 44.63720322 4.36010838
v 83.98416138 42.91860199 4.40642262
v 84.40511322 43.63315964 4.38716650
v 84.27943420 43.64200211 4.48592138
v 83.63011932 42.54627228 4.51207113
v 83.75960541 42.54219818 4.40211773
v 82.29035950 40.07879639 4.35240078
v 82.82450104 40.97473526 4.38418961
v 83.00708008 41.48012543 4.51097536
v 83.12696838 41.48175049 4.38998890
v 81.25881958 38.34855652 4.29100895
v 81.40904999 38.60054779 4.29995012
v 81.33631897 38.58549118 4.41023731
v 82.19084167 40.07009888 4.47713423
v 80.49314117 37.05197906 4.22487402
v 80.44597626 37.03548813 4.31494522
v 79.69142151 35.69438171 4.15562582
v 79.52493286 35.43276596 4.19750023
v 79.54703522 35.44748306 4.14161777
v 78.13914490 33.02759552 4.00162125
v 78.13900757 33.02735901 4.00227022
v 78.14041901 33.02981186 4.00175142
v 78.58026123 33.79217529 4.06557798
v 78.58612823 33.79791260 4.04661798
v 79.07328033 34.63742447 4.09565592
v 78.13839722 33.02631378 4.00514030
v 78.13824463 33.02605438 4.00585794
v 78.55886078 33.76411819 4.14856148
v 78.13854980 33.02657700 4.00442266
v 78.56407928 33.77120590 4.12780762
v 79.45594788 35.37980270 4.38644171
v 78.13688660 33.02370071 4.01231480
v 78.51155090 33.69044113 4.35628605
v 79.26729584 35.15010071 5.08805704
v 78.13870239 33.02683640 4.00370502
v 78.56938934 33.77824783 4.10705853
v 79.47812653 35.39793015 4.32329750
v 80.34670258 36.99073792 4.51844740
v 78.13885498 33.02709579 4.00298786
v 78.57478333 33.78524017 4.08631516
v 79.50112152 35.41558838 4.26031303
v 80.39523315 37.01375961 4.41630316
v 81.25115204 38.56450272 4.54474688
v 79.94351959 36.61903000 5.78539467
v 80.53958130 38.08590698 6.43159866
v 82.06497192 40.05443192 4.63783216
v 81.17003632 38.54113007 4.68135834
v 80.30037689 36.96644592 4.62132406
v 79.43459320 35.36119843 4.44973326
v 78.55373383 33.75697327 4.16931963
v 78.13809967 33.02579498 4.00657463
v 81.05667114 39.54047012 7.01225519
v 81.49778748 40.97507477 7.51565313
v 82.83554077 41.47339630 4.68965006
v 81.94531250 40.03516769 4.80283546
v 81.09307098 38.51539993 4.81993008
v 80.25630188 36.94088745 4.72487783
v 79.41407013 35.34212875 4.51315975
v 78.54869080 33.74977875 4.19008255
v 78.13793945 33.02553177 4.00729227
v 83.41947174 42.54845428 4.69854021
v 82.67245483 41.46191788 4.87584829
v 81.83209229 40.01232910 4.97186852
v 81.02033234 38.48733902 4.96031952
v 80.21448517 36.91407394 4.82905436
v 79.39438629 35.32259369 4.57670927
v 78.54373932 33.74253464 4.21084929
v 78.13779449 33.02527237 4.00800991
v 84.02439880 43.65473175 4.67379618
v 83.21896362 42.54518127 4.89586353
v 82.51823425 41.44571686 5.06911230
v 81.72547913 39.98595428 5.14464664
v 80.95188904 38.45697021 5.10238218
v 80.17496490 36.88602448 4.93379688
v 79.37553406 35.30260086 4.64036942
v 78.53887177 33.73524094 4.23161936
v 78.13763428 33.02501297 4.00872707
v 81.79777527 42.10072708 7.85502815
v 82.07447815 43.30190277 8.15552616
v 82.29844666 44.45239639 8.37547207
v 84.58842468 44.67036438 4.61408663
v 83.78110504 43.66162491 4.87691307
v 83.02924347 42.53645706 5.10341787
v 82.37325287 41.42483139 5.26896715
v 81.62566376 39.95609665 5.32088137
v 80.88782501 38.42432785 5.24597120
v 80.13775635 36.85675430 5.03905058
v 79.35752106 35.28215027 4.70412779
v 78.53409576 33.72789764 4.25239182
v 78.13748932 33.02474594 4.00944471
v 85.11495972 45.59374619 4.52197599
v 84.30175781 44.68762589 4.81615496
v 83.55051422 43.66264343 5.09445429
v 82.85089111 42.52231216 5.32054377
v 82.23786926 41.39930725 5.47492266
v 81.53280640 39.92279434 5.50027704
v 80.82818604 38.38944626 5.39093828
v 80.10287476 36.82627487 5.14475918
v 79.34035492 35.26124954 4.76797199
v 78.52941132 33.72050858 4.27316713
v 78.13733673 33.02448654 4.01016235
v 82.11241913 41.36921692 5.68647289
v 82.68450165 42.50278854 5.54655647
v 82.53057098 42.47794724 5.78073835
v 83.13110352 43.64707947 5.56925917
v 82.94397736 43.63056183 5.82461405
v 83.53278351 44.70487213 5.53349352
v 83.31102753 44.69901657 5.80571890
v 83.89537048 45.67161942 5.44189024
v 83.63793945 45.67845535 5.72647667
v 84.22599792 46.54616928 5.29797649
v 83.93195343 46.56747055 5.59022856
v 80.07034302 36.79460907 5.25086641
v 80.77305603 38.35236740 5.53713417
v 80.72248077 38.31312180 5.68440771
v 81.36858368 39.84611130 5.86734152
v 81.29750061 39.80285263 6.05439568
v 81.89250183 41.29562759 6.12426710
v 81.79859924 41.25231552 6.34943485
v 82.26206207 42.41265869 6.27062321
v 82.14831543 42.37241364 6.52477503
v 82.61860657 43.58037949 6.36609983
v 82.48168945 43.54691315 6.65005445
v 82.92607117 44.67001724 6.39190817
v 82.76477051 44.64701843 6.70298004
v 83.19100952 45.67658234 6.34988689
v 83.00415802 45.66788101 6.68503666
v 83.42076874 46.59865189 6.24278402
v 83.20714569 46.60831833 6.59858942
v 79.32403564 35.23989868 4.83189058
v 80.04018402 36.76176834 5.35731506
v 80.67651367 38.27174759 5.83260775
v 81.23391724 39.75641251 6.24338055
v 81.71569061 41.20478821 6.57805014
v 82.04874420 42.32726288 6.78399992
v 82.36269379 43.50804138 6.94130611
v 82.62533569 44.61850357 7.02401066
v 82.84323883 45.65406036 7.03321314
v 83.02353668 46.61393356 6.97085285
v 78.13719177 33.02422333 4.01087952
v 78.13703156 33.02396011 4.01159716
v 78.52029419 33.70557404 4.31472445
v 78.51587677 33.69802856 4.33550453
v 79.29395294 35.19587326 4.95989990
v 79.28018951 35.17319870 5.02396631
v 79.98703766 36.69263458 5.57101250
v 79.96406555 36.65637970 5.67814636
v 80.59857941 38.18280792 6.13117313
v 80.56670380 38.13532639 6.28123045
v 81.12971497 39.65430832 6.62587309
v 81.08925629 39.59880829 6.81873941
v 81.58367920 41.09758759 7.04336834
v 81.53490448 41.03817368 7.27892876
v 81.89333344 42.22284698 7.31437206
v 81.83798218 42.16390991 7.58383989
v 82.18034363 43.41471481 7.54099226
v 82.11772156 43.36063766 7.84701681
v 82.41474915 44.54547882 7.68957043
v 82.34461975 44.50134277 8.03081703
v 82.60281372 45.61143494 7.76037407
v 82.52471924 45.58287048 8.13507271
v 82.75117493 46.61289978 7.75439548
v 82.66432190 46.60625839 8.16027355
v 84.78508759 45.62059402 4.71633863
v 84.47064209 45.64260483 4.93532848
v 84.02935791 44.69916534 5.03748846
v 83.77262115 44.70492554 5.27699471
v 83.33354950 43.65779114 5.32554579
v 81.44706726 39.88611603 5.68253231
v 81.99720001 41.33462906 5.90309811
v 82.38961792 42.44787216 6.02234888
v 82.77291107 43.60829544 6.09058380
v 83.10845184 44.68737411 6.09232807
v 83.40267944 45.68011475 6.02973747
v 83.66292572 46.58500290 5.90588951
v 78.52481079 33.71306610 4.29394531
v 79.30857086 35.21810532 4.89587069
v 80.01241302 36.72777176 5.46404934
v 80.63520813 38.22829437 5.98158073
v 81.17796326 39.70687103 6.43397951
v 81.64398193 41.15317154 6.80955076
v 81.96366119 42.27735519 7.04747677
v 82.26211548 43.46391678 7.23868370
v 82.50847626 44.58459854 7.35341549
v 82.70919037 45.63520813 7.39236403
v 82.87119293 46.61546707 7.35700941
v 82.47537994 45.54969788 8.51425457
v 82.61120605 46.59557724 8.57184505
v 4.50054932 50.81629944 2.50000000
v 3.56496501 52.17042160 2.50000000
v 2.74389243 53.59688950 2.50000000
v 2.04289341 55.08603668 2.50000000
v 1.46671009 56.62778091 2.50000000
v 1.01925063 58.21168137 2.50000000
v 0.70353973 59.82700729 2.50000000
v 0.52171946 61.46282578 2.50000000
v 0.47501922 63.10805511 2.50000000
v 0.56375933 64.75155640 2.50000000
v 0.78733265 66.38219452 2.50000000
v 1.14422667 67.98892212 2.50000000
v 1.63202739 69.56086731 2.50000000
v 26.43035889 12.83275318 2.50000000
v 27.13527107 11.34545326 2.50000000
v 27.96009064 9.92115211 2.50000000
v 28.89923096 8.56949425 2.50000000
v 29.94632912 7.29963541 2.50000000
v 31.09429550 6.12017155 2.50000000
v 32.33535767 5.03909588 2.50000000
v 33.66110992 4.06372547 2.50000000
v 35.06256866 3.20066500 2.50000000
v 36.53025055 2.45576715 2.50000000
v 38.05421066 1.83406842 2.50000000
v 39.62412643 1.33978200 2.50000000
v 41.22937012 0.97625703 2.50000000
v 25.88251305 87.85095215 2.50000000
v 24.24201775 87.98413086 2.50000000
v 22.59612656 87.98197174 2.50000000
v 20.95598793 87.84447479 2.50000000
v 19.33270454 87.57258606 2.50000000
v 17.73727608 87.16815948 2.50000000
v 16.18050766 86.63390350 2.50000000
v 14.67293549 85.97345734 2.50000000
v 13.22477722 85.19127655 2.50000000
v 11.84583473 84.29267883 2.50000000
v 10.54544735 83.28374481 2.50000000
v 9.33242226 82.17129517 2.50000000
v 8.21498013 80.96288300 2.50000000
v 69.19429016 12.83275318 2.50000000
v 68.48937225 11.34545326 2.50000000
v 67.66455841 9.92115211 2.50000000
v 66.72541809 8.56949425 2.50000000
v 65.67832184 7.29963541 2.50000000
v 64.53034973 6.12017155 2.50000000
v 63.28929138 5.03909588 2.50000000
v 61.96353912 4.06372547 2.50000000
v 60.56207657 3.20066500 2.50000000
v 59.09439850 2.45576715 2.50000000
v 57.57043839 1.83406842 2.50000000
v 56.00052261 1.33978200 2.50000000
v 54.39527893 0.97625703 2.50000000
v 91.12409973 50.81629944 2.50000000
v 92.05968475 52.17042160 2.50000000
v 92.88075256 53.59688950 2.50000000
v 93.58174896 55.08603668 2.50000000
v 94.15793610 56.62778091 2.50000000
v 94.60540009 58.21168137 2.50000000
v 94.92111206 59.82700729 2.50000000
v 95.10292816 61.46282578 2.50000000
v 95.14962769 63.10805511 2.50000000
v 95.06088257 64.75155640 2.50000000
v 94.83731842 66.38219452 2.50000000
v 94.48042297 67.98892212 2.50000000
v 93.99262238 69.56086731 2.50000000
v 69.74213409 87.85095215 2.50000000
v 71.38262939 87.98413086 2.50000000
v 73.02851868 87.98197174 2.50000000
v 74.66866302 87.84447479 2.50000000
v 76.29193878 87.57258606 2.50000000
v 77.88737488 87.16815948 2.50000000
v 79.44413757 86.63390350 2.50000000
v 80.95171356 85.97345734 2.50000000
v 82.39987183 85.19127655 2.50000000
v 83.77881622 84.29267883 2.50000000
v 85.07920074 83.28374481 2.50000000
v 86.29222107 82.17129517 2.50000000
v 87.40966797 80.96288300 2.50000000
v 57.11232376 77.20786285 18.20000076
v 57.11232376 23.79213905 18.20000076
v 35.89352798 21.89027214 18.20000076
v 36.56878281 21.79293442 18.20000076
v 36.39745712 21.79543877 18.20000076
v 38.48302078 23.45102119 18.20000076
v 38.44659042 23.28359604 18.20000076
v 38.39596176 23.11990166 18.20000076
v 38.16312408 22.66304207 18.20000076
v 38.06042480 22.52588844 18.20000076
v 36.22697449 21.81259918 18.20000076
v 36.05858612 21.84428596 18.20000076
v 37.94635773 22.39802933 18.20000076
v 37.82176971 22.28040123 18.20000076
v 37.68756866 22.17386818 18.20000076
v 59.73111725 21.89027214 18.20000076
v 59.56606293 21.84428596 18.20000076
v 59.39767456 21.81259918 18.20000076
v 59.22719193 21.79543877 18.20000076
v 57.46152115 22.66304207 18.20000076
v 57.37093735 22.80848312 18.20000076
v 44.31232452 60.10000229 18.20000076
v 38.33151245 22.96114159 18.20000076
v 38.25370789 22.80848312 18.20000076
v 47.56232452 30.56698799 18.20000076
v 47.52553558 30.59042549 18.20000076
v 37.54474640 78.92079163 18.20000076
v 37.68756866 78.82613373 18.20000076
v 59.73111725 79.10972595 18.20000076
v 38.50498581 77.37905121 18.20000076
v 38.51232147 77.20786285 18.20000076
v 38.51232147 23.79213905 18.20000076
v 38.50498581 23.62095261 18.20000076
v 47.72549820 30.50759888 18.20000076
v 47.68291473 30.51703835 18.20000076
v 47.89915085 30.50759888 18.20000076
v 47.85590363 30.50190353 18.20000076
v 47.81232452 30.50000191 18.20000076
v 47.76874542 30.50190353 18.20000076
v 47.49093246 30.61697960 18.20000076
v 47.45877075 30.64644814 18.20000076
v 47.42930222 30.67860794 18.20000076
v 59.05586624 21.79293442 18.20000076
v 58.88495636 21.80510330 18.20000076
v 58.71571350 21.83185768 18.20000076
v 58.07990265 22.07921410 18.20000076
v 57.93707657 22.17386818 18.20000076
v 51.31232452 60.10000229 18.20000076
v 51.31232452 57.10000229 18.20000076
v 57.11966324 23.62095261 18.20000076
v 37.54474640 22.07921410 18.20000076
v 37.39434052 21.99713326 18.20000076
v 37.23746490 21.92822456 18.20000076
v 37.07526779 21.87299919 18.20000076
v 47.64131546 30.53015518 18.20000076
v 47.60101318 30.54684830 18.20000076
v 47.42930222 31.32139587 18.20000076
v 47.45877075 31.35355568 18.20000076
v 47.85590363 31.49809647 18.20000076
v 47.89915085 31.49240494 18.20000076
v 47.94173431 31.48296547 18.20000076
v 47.98333359 31.46984863 18.20000076
v 48.02363205 31.45315552 18.20000076
v 58.54938126 21.87299919 18.20000076
v 58.38718414 21.92822456 18.20000076
v 58.23030853 21.99713326 18.20000076
v 57.80287933 22.28040123 18.20000076
v 57.67829132 22.39802933 18.20000076
v 57.56422424 22.52588844 18.20000076
v 35.89352798 79.10972595 18.20000076
v 36.05858612 79.15571594 18.20000076
v 36.22697449 79.18740845 18.20000076
v 36.90893555 21.83185768 18.20000076
v 36.73969269 21.80510330 18.20000076
v 47.68291473 31.48296547 18.20000076
v 47.72549820 31.49240494 18.20000076
v 47.76874542 31.49809647 18.20000076
v 47.81232452 31.50000381 18.20000076
v 48.06232452 31.43301582 18.20000076
v 48.09911346 31.40957642 18.20000076
v 48.13371658 31.38302231 18.20000076
v 57.29313660 22.96114159 18.20000076
v 57.22868347 23.11990166 18.20000076
v 57.17805862 23.28359604 18.20000076
v 57.14162827 23.45102119 18.20000076
v 37.23746490 79.07177734 18.20000076
v 37.39434052 79.00286865 18.20000076
v 47.40274811 30.71321297 18.20000076
v 47.37931061 30.75000000 18.20000076
v 47.35916901 30.78869247 18.20000076
v 47.34247971 30.82899284 18.20000076
v 47.32936096 30.87059212 18.20000076
v 47.31991959 30.91317749 18.20000076
v 47.31422806 30.95642471 18.20000076
v 47.31232452 31.00000191 18.20000076
v 47.31422806 31.04357910 18.20000076
v 47.31991959 31.08682632 18.20000076
v 47.32936096 31.12940979 18.20000076
v 47.34247971 31.17101288 18.20000076
v 47.35916901 31.21131134 18.20000076
v 47.49093246 31.38302231 18.20000076
v 47.52553558 31.40957642 18.20000076
v 47.56232452 31.43301582 18.20000076
v 47.60101318 31.45315552 18.20000076
v 47.64131546 31.46984863 18.20000076
v 36.39745712 79.20456696 18.20000076
v 36.56878281 79.20706940 18.20000076
v 36.73969269 79.19490051 18.20000076
v 36.90893555 79.16815186 18.20000076
v 37.07526779 79.12700653 18.20000076
v 37.82176971 78.71960449 18.20000076
v 37.94635773 78.60197449 18.20000076
v 38.06042480 78.47412109 18.20000076
v 57.80287933 78.71960449 18.20000076
v 57.93707657 78.82613373 18.20000076
v 58.54938126 79.12700653 18.20000076
v 58.71571350 79.16815186 18.20000076
v 47.37931061 31.25000000 18.20000076
v 47.40274811 31.28679085 18.20000076
v 48.22190094 30.71321297 18.20000076
v 48.19534683 30.67860794 18.20000076
v 48.16587830 30.64644814 18.20000076
v 48.13371658 30.61697960 18.20000076
v 48.02363205 30.54684830 18.20000076
v 47.98333359 30.53015518 18.20000076
v 47.94173431 30.51703835 18.20000076
v 38.16312408 78.33695984 18.20000076
v 38.25370789 78.19152069 18.20000076
v 38.33151245 78.03886414 18.20000076
v 38.39596176 77.88009644 18.20000076
v 38.44659042 77.71640778 18.20000076
v 38.48302078 77.54898071 18.20000076
v 57.11966324 77.37905121 18.20000076
v 57.14162827 77.54898071 18.20000076
v 57.17805862 77.71640778 18.20000076
v 57.22868347 77.88009644 18.20000076
v 57.29313660 78.03886414 18.20000076
v 57.37093735 78.19152069 18.20000076
v 58.88495636 79.19490051 18.20000076
v 59.05586624 79.20706940 18.20000076
v 59.22719193 79.20456696 18.20000076
v 59.39767456 79.18740845 18.20000076
v 59.56606293 79.15571594 18.20000076
v 48.09911346 30.59042549 18.20000076
v 48.06232452 30.56698799 18.20000076
v 58.07990265 78.92079163 18.20000076
v 58.23030853 79.00286865 18.20000076
v 58.38718414 79.07177734 18.20000076
v 48.16587830 31.35355568 18.20000076
v 48.19534683 31.32139587 18.20000076
v 48.22190094 31.28679085 18.20000076
v 57.46152115 78.33695984 18.20000076
v 57.56422424 78.47412109 18.20000076
v 57.67829132 78.60197449 18.20000076
v 48.28216934 31.17101288 18.20000076
v 48.29528427 31.12940979 18.20000076
v 48.30472946 31.08682632 18.20000076
v 48.31042099 30.95642471 18.20000076
v 48.31232452 31.00000191 18.20000076
v 48.31042099 31.04357910 18.20000076
v 48.28216934 30.82899284 18.20000076
v 48.26548004 30.78869247 18.20000076
v 48.24533844 30.75000000 18.20000076
v 48.24533844 31.25000000 18.20000076
v 48.26548004 31.21131134 18.20000076
v 48.30472946 30.91317749 18.20000076
v 48.29528427 30.87059212 18.20000076
v 51.31232452 64.10000610 10.00000000
v 44.31232452 64.10000610 10.00000000
v 45.02614975 17.76480293 30.85355186
v 42.26004791 18.11901855 30.85355186
v 44.94935226 17.77463722 30.85355186
v 39.53395081 18.70653343 30.85355186
v 42.10867310 18.15164185 30.85355186
v 36.86750031 19.52312660 30.85355186
v 39.31184769 18.77455330 30.85355186
v 34.27990341 20.56290817 30.85355186
v 36.58010864 19.63861084 30.85355186
v 31.78981018 21.81838608 30.85355186
v 33.93418884 20.73721313 30.85355186
v 29.41516304 23.28051567 30.85355186
v 31.39416885 22.06199265 30.85355186
v 27.17306519 24.93876266 30.85355186
v 28.97932816 23.60285759 30.85355186
v 25.07967377 26.78117943 30.85355186
v 26.70798874 25.34808159 30.85355186
v 23.15007210 28.79448891 30.85355186
v 24.59738159 27.28439331 30.85355186
v 21.39816093 30.96418762 30.85355186
v 22.66352463 29.39706612 30.85355186
v 19.83656502 33.27464676 30.85355186
v 20.92108536 31.67004967 30.85355186
v 18.47653580 35.70920944 30.85355186
v 19.38328362 34.08605957 30.85355186
v 17.32787323 38.25034332 30.85355186
v 18.06178474 36.62673950 30.85355186
v 16.39885139 40.87973404 30.85355186
v 16.96661568 39.27280045 30.85355186
v 15.69616032 43.57843781 30.85355186
v 16.10608101 42.00412750 30.85355186
v 15.22487068 46.32701492 30.85355186
v 15.48670578 44.79998398 30.85355186
v 14.98837376 49.10565948 30.85355186
v 15.11319351 47.63912964 30.85355186
v 14.98837376 51.89434433 30.85355186
v 14.98837376 50.50000000 30.85355186
v 15.22487068 54.67298889 30.85355186
v 15.11319351 53.36087418 30.85355186
v 15.69616032 57.42156601 30.85355186
v 15.48670578 56.20001984 30.85355186
v 16.39885139 60.12026978 30.85355186
v 16.10608101 58.99587631 30.85355186
v 17.32787323 62.74966049 30.85355186
v 16.96661568 61.72720337 30.85355186
v 18.47653580 65.29079437 30.85355186
v 18.06178474 64.37326050 30.85355186
v 19.83656502 67.72535706 30.85355186
v 19.38328362 66.91394806 30.85355186
v 21.39816093 70.03581238 30.85355186
v 20.92108536 69.32995605 30.85355186
v 23.15007210 72.20551300 30.85355186
v 22.66352463 71.60294342 30.85355186
v 25.07967377 74.21882629 30.85355186
v 24.59738159 73.71561432 30.85355186
v 27.17306519 76.06124115 30.85355186
v 26.70798874 75.65192413 30.85355186
v 29.41516304 77.71949005 30.85355186
v 28.97932816 77.39714813 30.85355186
v 31.78981018 79.18161774 30.85355186
v 31.39416885 78.93800354 30.85355186
v 34.27990341 80.43709564 30.85355186
v 33.93418884 80.26278687 30.85355186
v 36.86750031 81.47687531 30.85355186
v 36.58010864 81.36138916 30.85355186
v 39.53395081 82.29346466 30.85355186
v 39.31184769 82.22544861 30.85355186
v 42.26004791 82.88098907 30.85355186
v 42.10867310 82.84836578 30.85355186
v 45.02614975 83.23520660 30.85355186
v 44.94935226 83.22537231 30.85355186
v 50.59849930 83.23520660 30.85355186
v 47.81232452 83.35355377 30.85355186
v 53.36460114 82.88098907 30.85355186
v 50.67529678 83.22537231 30.85355186
v 56.09069824 82.29346466 30.85355186
v 53.51597595 82.84836578 30.85355186
v 58.75714874 81.47687531 30.85355186
v 56.31279755 82.22544861 30.85355186
v 61.34474182 80.43709564 30.85355186
v 59.04454041 81.36138916 30.85355186
v 63.83483887 79.18161774 30.85355186
v 61.69046021 80.26278687 30.85355186
v 66.20948792 77.71949005 30.85355186
v 64.23047638 78.93800354 30.85355186
v 68.45158386 76.06124115 30.85355186
v 66.64532471 77.39714813 30.85355186
v 70.54497528 74.21882629 30.85355186
v 68.91666412 75.65192413 30.85355186
v 72.47457886 72.20551300 30.85355186
v 71.02726746 73.71561432 30.85355186
v 74.22648621 70.03581238 30.85355186
v 72.96112061 71.60294342 30.85355186
v 75.78807831 67.72535706 30.85355186
v 74.70355988 69.32995605 30.85355186
v 77.14810944 65.29079437 30.85355186
v 76.24136353 66.91394806 30.85355186
v 78.29677582 62.74966049 30.85355186
v 77.56285858 64.37326050 30.85355186
v 79.22579193 60.12026978 30.85355186
v 78.65802765 61.72720337 30.85355186
v 79.92848969 57.42156601 30.85355186
v 79.51856995 58.99587631 30.85355186
v 80.39978027 54.67298889 30.85355186
v 80.13793945 56.20001984 30.85355186
v 80.63627625 51.89434433 30.85355186
v 80.51145172 53.36087418 30.85355186
v 80.63627625 49.10565948 30.85355186
v 80.63627625 50.50000000 30.85355186
v 80.39978027 46.32701492 30.85355186
v 80.51145172 47.63912964 30.85355186
v 79.92848969 43.57843781 30.85355186
v 80.13793945 44.79998398 30.85355186
v 79.22579193 40.87973404 30.85355186
v 79.51856995 42.00412750 30.85355186
v 78.29677582 38.25034332 30.85355186
v 78.65802765 39.27280045 30.85355186
v 77.14810944 35.70920944 30.85355186
v 77.56285858 36.62673950 30.85355186
v 75.78807831 33.27464676 30.85355186
v 76.24136353 34.08605957 30.85355186
v 74.22648621 30.96418762 30.85355186
v 74.70355988 31.67004967 30.85355186
v 72.47457886 28.79448891 30.85355186
v 72.96112061 29.39706612 30.85355186
v 70.54497528 26.78117943 30.85355186
v 71.02726746 27.28439331 30.85355186
v 68.45158386 24.93876266 30.85355186
v 68.91666412 25.34808159 30.85355186
v 66.20948792 23.28051567 30.85355186
v 66.64532471 23.60285759 30.85355186
v 63.83483887 21.81838608 30.85355186
v 64.23047638 22.06199265 30.85355186
v 61.34474182 20.56290817 30.85355186
v 61.69046021 20.73721313 30.85355186
v 58.75714874 19.52312660 30.85355186
v 59.04454041 19.63861084 30.85355186
v 56.09069824 18.70653343 30.85355186
v 56.31279755 18.77455330 30.85355186
v 53.36460114 18.11901855 30.85355186
v 53.51597595 18.15164185 30.85355186
v 47.81232452 17.64644623 30.85355186
v 50.59849930 17.76480293 30.85355186
v 50.67529678 17.77463722 30.85355186
v 73.56125641 26.79643631 30.54357910
v 75.43073273 29.00372696 30.54357910
v 77.11155701 31.35785866 30.54357910
v 78.59223175 33.84275055 30.54357910
v 79.86264801 36.44142532 30.54357910
v 80.91412354 39.13613892 30.54357910
v 81.73948669 41.90847778 30.54357910
v 82.33308411 44.73950195 30.54357910
v 81.73948669 59.09152603 30.54357910
v 80.91412354 61.86386490 30.54357910
v 79.86264801 64.55857849 30.54357910
v 78.59223175 67.15725708 30.54357910
v 77.11155701 69.64215088 30.54357910
v 75.43073273 71.99627686 30.54357910
v 73.56125641 74.20356750 30.54357910
v 71.51588440 76.24893951 30.54357910
v 69.30860138 78.11841583 30.54357910
v 66.95446777 79.79923248 30.54357910
v 64.46957397 81.27991486 30.54357910
v 61.87089920 82.55032349 30.54357910
v 59.17618942 83.60179901 30.54357910
v 56.40385056 84.42716217 30.54357910
v 53.57282257 85.02076721 30.54357910
v 39.22079849 84.42716217 30.54357910
v 36.44845963 83.60179901 30.54357910
v 33.75374985 82.55032349 30.54357910
v 31.15506935 81.27991486 30.54357910
v 28.67017937 79.79923248 30.54357910
v 26.31604767 78.11841583 30.54357910
v 24.10875893 76.24893951 30.54357910
v 22.06338692 74.20356750 30.54357910
v 20.19390869 71.99627686 30.54357910
v 18.51309013 69.64215088 30.54357910
v 17.03241730 67.15725708 30.54357910
v 15.76200104 64.55857849 30.54357910
v 14.71051979 61.86386490 30.54357910
v 13.88515949 59.09152603 30.54357910
v 13.29155636 56.26050186 30.54357910
v 13.88515949 41.90847778 30.54357910
v 14.71051979 39.13613892 30.54357910
v 15.76200104 36.44142532 30.54357910
v 17.03241730 33.84275055 30.54357910
v 18.51309013 31.35785866 30.54357910
v 20.19390869 29.00372696 30.54357910
v 22.06338692 26.79643631 30.54357910
v 24.10875893 24.75106621 30.54357910
v 26.31604767 22.88158607 30.54357910
v 28.67017937 21.20076942 30.54357910
v 31.15506935 19.72009468 30.54357910
v 33.75374985 18.44967842 30.54357910
v 36.44845963 17.39819717 30.54357910
v 39.22079849 16.57283592 30.54357910
v 78.19249725 66.94092560 30.99809837
v 79.44641113 64.37599945 30.99809837
v 79.48601532 64.39337158 30.99240303
v 50.66490936 16.07440758 30.99809837
v 53.49801254 16.42755508 30.99809837
v 56.29227448 17.01344872 30.99809837
v 59.02860260 17.82809258 30.99809837
v 61.68832397 18.86591339 30.99809837
v 64.25325012 20.11983109 30.99809837
v 66.70586395 21.58127785 30.99809837
v 69.02942657 23.24026489 30.99809837
v 80.56541443 61.74415207 30.98296356
v 80.52513885 61.73032379 30.99240303
v 80.48423004 61.71628571 30.99809837
v 81.42240906 59.01123047 30.96984673
v 81.38208008 59.00102234 30.98296356
v 81.34080505 58.99056244 30.99240303
v 81.29887390 58.97994995 30.99809837
v 82.05021667 56.21329880 30.95315361
v 82.01045990 56.20666122 30.96984673
v 81.96942902 56.19981384 30.98296356
v 81.92743683 56.19280624 30.99240303
v 81.88477325 56.18568802 30.99809837
v 82.44364166 53.36963272 30.93301392
v 82.40507507 53.36643600 30.95315361
v 82.36491394 53.36310959 30.96984673
v 82.32346344 53.35967636 30.98296356
v 82.28101349 53.35615921 30.99240303
v 82.23791504 53.35258865 30.99809837
v 82.59911346 50.50000000 30.90957642
v 82.56232452 50.50000000 30.93301392
v 82.52362823 50.50000000 30.95315361
v 82.48333740 50.50000000 30.96984673
v 82.44173431 50.50000000 30.98296356
v 82.39914703 50.50000000 30.99240303
v 82.35590363 50.50000000 30.99809837
v 82.51478577 47.62447357 30.88302231
v 82.48029327 47.62733078 30.90957642
v 82.44364166 47.63037109 30.93301392
v 82.40507507 47.63356781 30.95315361
v 82.36491394 47.63689423 30.96984673
v 82.32346344 47.64032745 30.98296356
v 82.28101349 47.64384460 30.99240303
v 82.23791504 47.64741516 30.99809837
v 82.19052124 44.76329803 30.85355186
v 82.15880585 44.76858902 30.88302231
v 82.12466431 44.77428818 30.90957642
v 82.08837891 44.78033829 30.93301392
v 82.05021667 44.78670502 30.95315361
v 82.01045990 44.79334259 30.96984673
v 81.96942902 44.80018997 30.98296356
v 81.92743683 44.80719757 30.99240303
v 81.88477325 44.81431580 30.99809837
v 81.62793732 41.93672562 30.82139397
v 81.59937286 41.94395828 30.85355186
v 81.56819916 41.95185471 30.88302231
v 81.53464508 41.96035004 30.90957642
v 81.49897766 41.96937943 30.93301392
v 81.46147156 41.97888184 30.95315361
v 81.42240906 41.98876953 30.96984673
v 81.38208008 41.99898529 30.98296356
v 81.34080505 42.00943756 30.99240303
v 81.29887390 42.02005768 30.99809837
v 80.83040619 39.16488266 30.78678894
v 80.80529022 39.17350388 30.82139397
v 80.77741241 39.18307114 30.85355186
v 80.74699402 39.19351578 30.88302231
v 80.71427155 39.20475006 30.90957642
v 80.67947388 39.21669769 30.93301392
v 80.64287567 39.22925949 30.95315361
v 80.60475922 39.24234390 30.96984673
v 80.56541443 39.25585175 30.98296356
v 80.52513885 39.26968002 30.99240303
v 80.48423004 39.28372192 30.99809837
v 79.80304718 36.46757126 30.75000000
v 79.78158569 36.47698593 30.78678894
v 79.75726318 36.48765182 30.82139397
v 79.73027802 36.49948883 30.85355186
v 79.70082855 36.51240921 30.88302231
v 79.66913605 36.52630615 30.90957642
v 79.63545227 36.54108429 30.93301392
v 79.60001373 36.55662918 30.95315361
v 79.56311035 36.57281876 30.96984673
v 79.52500916 36.58952713 30.98296356
v 79.48601532 36.60663223 30.99240303
v 79.44641113 36.62400436 30.99809837
v 78.55271149 33.86413956 30.71130943
v 78.53498840 33.87372589 30.75000000
v 78.51438141 33.88488007 30.78678894
v 78.49102783 33.89751816 30.82139397
v 78.46511078 33.91154480 30.85355186
v 78.43682098 33.92685318 30.88302231
v 78.40639496 33.94332123 30.90957642
v 78.37403870 33.96083069 30.93301392
v 78.34001160 33.97924423 30.95315361
v 78.30456543 33.99842453 30.96984673
v 78.26797485 34.01822662 30.98296356
v 78.23052979 34.03849411 30.99240303
v 78.19249725 34.05907822 30.99809837
v 77.08790588 31.37331009 30.67100906
v 77.07392883 31.38243866 30.71130943
v 77.05706787 31.39345741 30.75000000
v 77.03745270 31.40627670 30.78678894
v 77.01522064 31.42079735 30.82139397
v 76.99055481 31.43691635 30.85355186
v 76.96362305 31.45450783 30.88302231
v 76.93465424 31.47343254 30.90957642
v 76.90385437 31.49355507 30.93301392
v 76.87146759 31.51471519 30.95315361
v 76.83773041 31.53675842 30.96984673
v 76.80290985 31.55951118 30.98296356
v 76.76725006 31.58280182 30.99240303
v 76.73104858 31.60645866 30.99809837
v 75.41880035 29.01302147 30.62940979
v 75.40844727 29.02107620 30.67100906
v 75.39527130 29.03133011 30.71130943
v 75.37937927 29.04370117 30.75000000
v 75.36088562 29.05809784 30.78678894
v 75.33992767 29.07440567 30.82139397
v 75.31667328 29.09250641 30.85355186
v 75.29129791 29.11225891 30.88302231
v 75.26399231 29.13351440 30.90957642
v 75.23495483 29.15610886 30.93301392
v 75.20442200 29.17987442 30.95315361
v 75.17261505 29.20462799 30.96984673
v 75.13979340 29.23017693 30.98296356
v 75.10618591 29.25633430 30.99240303
v 75.07206726 29.28289795 30.99809837
v 73.55706787 26.80029106 30.58682442
v 73.55012512 26.80668640 30.62940979
v 73.54048157 26.81556892 30.67100906
v 73.52819061 26.82687569 30.71130943
v 73.51337433 26.84051514 30.75000000
v 73.49613190 26.85638809 30.78678894
v 73.47660065 26.87437248 30.82139397
v 73.45491791 26.89433289 30.85355186
v 73.43125153 26.91611290 30.88302231
v 73.40579224 26.93955040 30.90957642
v 73.37872314 26.96446609 30.93301392
v 73.35026550 26.99067307 30.95315361
v 73.32061005 27.01796532 30.96984673
v 73.29000854 27.04614067 30.98296356
v 73.25867462 27.07498360 30.99240303
v 73.22686005 27.10427284 30.99809837
v 44.92267609 15.62711620 30.58682442
v 47.81232452 15.50759792 30.58682442
v 47.81232452 15.51703739 30.62940979
v 71.51588440 24.75106621 30.54357910
v 71.51203918 24.75525475 30.58682442
v 71.50563812 24.76219940 30.62940979
v 71.49675751 24.77185059 30.67100906
v 71.48545074 24.78413010 30.71130943
v 71.47180939 24.79894829 30.75000000
v 71.45594025 24.81619263 30.78678894
v 71.43795776 24.83572769 30.82139397
v 71.41799164 24.85740852 30.85355186
v 71.39621735 24.88107109 30.88302231
v 71.37277985 24.90652847 30.90957642
v 71.34786224 24.93359566 30.93301392
v 71.32164764 24.96206284 30.95315361
v 71.29435730 24.99171066 30.96984673
v 71.26618958 25.02231598 30.98296356
v 71.23734283 25.05364799 30.99240303
v 71.20805359 25.08546638 30.99809837
v 47.81232452 15.50190544 30.54357910
v 44.92220306 15.62144279 30.54357910
v 42.05182648 15.97923374 30.54357910
v 44.95973969 16.07440758 30.99809837
v 42.12663651 16.42755508 30.99809837
v 42.11951828 16.38489532 30.99240303
v 39.32176208 16.97152519 30.99240303
v 39.31130600 16.93024063 30.98296356
v 36.56817245 17.74691010 30.98296356
v 36.55466461 17.70756340 30.96984673
v 33.88513565 18.74921417 30.96984673
v 33.86894989 18.71231270 30.95315361
v 31.29156685 19.97231674 30.95315361
v 31.27315331 19.93828773 30.93301392
v 28.80587578 21.40846634 30.93301392
v 28.78575325 21.37767029 30.90957642
v 26.44583511 23.04833794 30.90957642
v 26.42458153 23.02102852 30.88302231
v 24.22843552 24.88107109 30.88302231
v 24.20665550 24.85740852 30.85355186
v 22.16973114 26.89433289 30.85355186
v 22.14805031 26.87437248 30.82139397
v 20.28471756 29.07440567 30.82139397
v 20.26376343 29.05809784 30.78678894
v 18.58719826 31.40627670 30.78678894
v 18.56757736 31.39345741 30.75000000
v 17.08965492 33.87372589 30.75000000
v 17.07194138 33.86413956 30.71130943
v 15.80315781 36.45948029 30.71130943
v 15.78786945 36.45277405 30.67100906
v 14.73724079 39.14531326 30.67100906
v 14.72483540 39.14105225 30.62940979
v 13.89982891 41.91219330 30.62940979
v 13.89068031 41.90987396 30.58682442
v 13.29717064 44.74044037 30.58682442
v 13.29155636 44.73950195 30.54357910
v 12.93376446 47.60988235 30.54357910
v 39.33237457 17.01344872 30.99809837
v 36.59604645 17.82809258 30.99809837
v 36.58200073 17.78718758 30.99240303
v 33.91895294 18.82630920 30.99240303
v 33.90184784 18.78731346 30.98296356
v 31.33054733 20.04434586 30.98296356
v 31.31074524 20.00775909 30.96984673
v 28.84907913 21.47459412 30.96984673
v 28.82703781 21.44085884 30.95315361
v 26.49219704 23.10790062 30.95315361
v 26.46843147 23.07736969 30.93301392
v 24.27678871 24.93359566 30.93301392
v 24.25187302 24.90652847 30.90957642
v 22.21885109 26.93955040 30.90957642
v 22.19339180 26.91611290 30.88302231
v 20.33335114 29.11225891 30.88302231
v 20.30797386 29.09250641 30.85355186
v 18.63409805 31.43691635 30.85355186
v 18.60942650 31.42079735 30.82139397
v 17.13362122 33.89751816 30.82139397
v 17.11026764 33.88488007 30.78678894
v 15.84306335 36.47698593 30.78678894
v 15.82160187 36.46757126 30.75000000
v 14.77207947 39.15727234 30.75000000
v 14.75302887 39.15073395 30.71130943
v 13.92872620 41.91950989 30.71130943
v 13.91254711 41.91541290 30.67100906
v 13.31942177 44.74415588 30.67100906
v 13.30648327 44.74199677 30.62940979
v 12.94884491 47.61113358 30.62940979
v 12.93943787 47.61035538 30.58682442
v 12.81991959 50.50000000 30.58682442
v 12.81422710 50.50000000 30.54357910
v 12.93376446 53.39012146 30.54357910
v 13.38673019 53.35258865 30.99809837
v 13.73987675 56.18568802 30.99809837
v 13.69721794 56.19280624 30.99240303
v 14.28384686 58.99056244 30.99240303
v 14.24256325 59.00102234 30.98296356
v 15.05923271 61.74415207 30.98296356
v 15.01988602 61.75765991 30.96984673
v 16.06153679 64.42719269 30.96984673
v 16.02463341 64.44338226 30.95315361
v 17.28463936 67.02075958 30.95315361
v 17.25061035 67.03917694 30.93301392
v 18.72078896 69.50645447 30.93301392
v 18.68999100 69.52656555 30.90957642
v 20.36066055 71.86649323 30.90957642
v 20.33335114 71.88774872 30.88302231
v 22.19339180 74.08389282 30.88302231
v 22.16973114 74.10567474 30.85355186
v 24.20665550 76.14259338 30.85355186
v 24.18669510 76.16427612 30.82139397
v 26.38672829 78.02760315 30.82139397
v 26.37041855 78.04856110 30.78678894
v 28.71859550 79.72512817 30.78678894
v 28.70577812 79.74475098 30.75000000
v 31.18604851 81.22267151 30.75000000
v 31.17646027 81.24038696 30.71130943
v 33.77180099 82.50917053 30.71130943
v 33.76509476 82.52445984 30.67100906
v 36.45763397 83.57508850 30.67100906
v 36.45337296 83.58748627 30.62940979
v 39.22451401 84.41249847 30.62940979
v 39.22219467 84.42164612 30.58682442
v 42.05276489 85.01515198 30.58682442
v 42.05182648 85.02076721 30.54357910
v 44.92220306 85.37855530 30.54357910
v 14.32577133 58.97994995 30.99809837
v 15.14041424 61.71628571 30.99809837
v 15.09951019 61.73032379 30.99240303
v 16.13863182 64.39337158 30.99240303
v 16.09963608 64.41047668 30.98296356
v 17.35666847 66.98178101 30.98296356
v 17.32008171 67.00157928 30.96984673
v 18.78691673 69.46324921 30.96984673
v 18.75317955 69.48529053 30.95315361
v 20.42022324 71.82012177 30.95315361
v 20.38969040 71.84389496 30.93301392
v 22.24591827 74.03553772 30.93301392
v 22.21885109 74.06045532 30.90957642
v 24.25187302 76.09347534 30.90957642
v 24.22843552 76.11893463 30.88302231
v 26.42458153 77.97897339 30.88302231
v 26.40482712 78.00435638 30.85355186
v 28.74923706 79.67823029 30.85355186
v 28.73311996 79.70289612 30.82139397
v 31.20984077 81.17870331 30.82139397
v 31.19720078 81.20205688 30.78678894
v 33.78930664 82.46926117 30.78678894
v 33.77989197 82.49073029 30.75000000
v 36.46959305 83.54024506 30.75000000
v 36.46305084 83.55929565 30.71130943
v 39.23183441 84.38359833 30.71130943
v 39.22773361 84.39977264 30.67100906
v 42.05648041 84.99289703 30.67100906
v 42.05431747 85.00584412 30.62940979
v 44.92345428 85.36347961 30.62940979
v 44.92267609 85.37288666 30.58682442
v 47.81232452 85.49240112 30.58682442
v 47.81232452 85.49809265 30.54357910
v 50.70244598 85.37855530 30.54357910
v 50.66490936 84.92559052 30.99809837
v 53.49801254 84.57244873 30.99809837
v 53.50513077 84.61511230 30.99240303
v 56.30288696 84.02848053 30.99240303
v 56.31334305 84.06975555 30.98296356
v 59.05647659 83.25308990 30.98296356
v 59.06998444 83.29244232 30.96984673
v 61.73951340 82.25078583 30.96984673
v 61.75569916 82.28768921 30.95315361
v 64.33308411 81.02768707 30.95315361
v 64.35150146 81.06171417 30.93301392
v 66.81877136 79.59153748 30.93301392
v 66.83889008 79.62233734 30.90957642
v 69.17881012 77.95166779 30.90957642
v 69.20006561 77.97897339 30.88302231
v 71.39621735 76.11893463 30.88302231
v 71.41799164 76.14259338 30.85355186
v 73.45491791 74.10567474 30.85355186
v 73.47660065 74.12563324 30.82139397
v 75.33992767 71.92559814 30.82139397
v 75.36088562 71.94190216 30.78678894
v 77.03745270 69.59372711 30.78678894
v 77.05706787 69.60655212 30.75000000
v 78.53498840 67.12627411 30.75000000
v 78.55271149 67.13586426 30.71130943
v 79.82148743 64.54051971 30.71130943
v 79.83677673 64.54722595 30.67100906
v 80.88740540 61.85469437 30.67100906
v 80.89981079 61.85895157 30.62940979
v 81.72482300 59.08781433 30.62940979
v 81.73397064 59.09012985 30.58682442
v 82.32747650 56.25955963 30.58682442
v 82.33308411 56.26050186 30.54357910
v 82.69087982 53.39012146 30.54357910
v 56.29227448 83.98654938 30.99809837
v 59.02860260 83.17191315 30.99809837
v 59.04264832 83.21281433 30.99240303
v 61.70569229 82.17369080 30.99240303
v 61.72280121 82.21268463 30.98296356
v 64.29409790 80.95565796 30.98296356
v 64.31390381 80.99224091 30.96984673
v 66.77556610 79.52541351 30.96984673
v 66.79761505 79.55915070 30.95315361
v 69.13244629 77.89210510 30.95315361
v 69.15621185 77.92263794 30.93301392
v 71.34786224 76.06640625 30.93301392
v 71.37277985 76.09347534 30.90957642
v 73.40579224 74.06045532 30.90957642
v 73.43125153 74.08389282 30.88302231
v 75.29129791 71.88774872 30.88302231
v 75.31667328 71.90750122 30.85355186
v 76.99055481 69.56308746 30.85355186
v 77.01522064 69.57920837 30.82139397
v 78.49102783 67.10248566 30.82139397
v 78.51438141 67.11512756 30.78678894
v 79.78158569 64.52301788 30.78678894
v 79.80304718 64.53243256 30.75000000
v 80.85256958 61.84273148 30.75000000
v 80.87162018 61.84927368 30.71130943
v 81.69592285 59.08049393 30.71130943
v 81.71209717 59.08459091 30.67100906
v 82.30522156 56.25585175 30.67100906
v 82.31816101 56.25800705 30.62940979
v 82.67579651 53.38887024 30.62940979
v 82.68521118 53.38964844 30.58682442
v 82.80472565 50.50000000 30.58682442
v 82.81041718 50.50000000 30.54357910
v 82.69087982 47.60988235 30.54357910
v 42.05276489 15.98484802 30.58682442
v 44.92345428 15.63652229 30.62940979
v 47.81232452 15.53015423 30.67100906
v 39.22219467 16.57835770 30.58682442
v 42.05431747 15.99416161 30.62940979
v 44.92453766 15.64959431 30.67100906
v 47.81232452 15.54684734 30.71130943
v 36.45030594 17.40358353 30.58682442
v 39.22451401 16.58750725 30.62940979
v 42.05648041 16.00709915 30.67100906
v 44.92591858 15.66623116 30.71130943
v 47.81232452 15.56698990 30.75000000
v 33.75603485 18.45489120 30.58682442
v 36.45337296 17.41251373 30.62940979
v 39.22773361 16.60022545 30.67100906
v 42.05922318 16.02356529 30.71130943
v 44.92757797 15.68630314 30.75000000
v 47.81232452 15.59042549 30.78678894
v 31.15777969 19.72510147 30.58682442
v 33.75983047 18.46353722 30.62940979
v 36.45763397 17.42491913 30.67100906
v 39.23183441 16.61640358 30.71130943
v 42.06253815 16.04342842 30.75000000
v 44.92951584 15.70966053 30.78678894
v 47.81232452 15.61697960 30.82139397
v 28.67329216 21.20553589 30.58682442
v 31.16227341 19.73340416 30.62940979
v 33.76509476 18.47554779 30.67100906
v 36.46305084 17.44070625 30.71130943
v 39.23677826 16.63592911 30.75000000
v 42.06639481 16.06654739 30.78678894
v 44.93170547 15.73612213 30.82139397
v 47.81232452 15.64645004 30.85355186
v 26.31954384 22.88607788 30.58682442
v 28.67845726 21.21343803 30.62940979
v 31.16851616 19.74493980 30.67100906
v 33.77180099 18.49083519 30.71130943
v 36.46959305 17.45975685 30.75000000
v 39.24252701 16.65864944 30.78678894
v 42.07077026 16.09273911 30.82139397
v 44.93413925 15.76549149 30.85355186
v 47.81232452 15.67860699 30.88302231
v 24.11261368 24.75525475 30.58682442
v 26.32534409 22.89352989 30.62940979
v 28.68563080 21.22441864 30.67100906
v 31.17646027 19.75961876 30.71130943
v 33.77989197 18.50927925 30.75000000
v 36.47720337 17.48192215 30.78678894
v 39.24904633 16.68439102 30.82139397
v 42.07561874 16.12180519 30.85355186
v 44.93679428 15.79754066 30.88302231
v 47.81232452 15.71321487 30.90957642
v 22.06757736 26.80029106 30.58682442
v 24.11900902 24.76219940 30.62940979
v 26.33339882 22.90387917 30.67100906
v 28.69475937 21.23839188 30.71130943
v 31.18604851 19.77733421 30.75000000
v 33.78930664 18.53074074 30.78678894
v 36.48582458 17.50703812 30.82139397
v 39.25628281 16.71295547 30.85355186
v 42.08090973 16.15352631 30.88302231
v 44.93965149 15.83202934 30.90957642
v 47.81232452 15.75000191 30.93301392
v 20.19840050 29.00722313 30.58682442
v 22.07452202 26.80668640 30.62940979
v 24.12789154 24.77185059 30.67100906
v 26.34365273 22.91705322 30.71130943
v 28.70577812 21.25525475 30.75000000
v 31.19720078 19.79794502 30.78678894
v 33.79997253 18.55505943 30.82139397
v 36.49539566 17.53491211 30.85355186
v 39.26417542 16.74413300 30.88302231
v 42.08660889 16.18766022 30.90957642
v 44.94269180 15.86868954 30.93301392
v 47.81232452 15.78869343 30.95315361
v 18.51785660 31.36097336 30.58682442
v 20.20585251 29.01302147 30.62940979
v 22.08417320 26.81556892 30.67100906
v 24.13919830 24.78413010 30.71130943
v 26.35602188 22.93294716 30.75000000
v 28.71859550 21.27487564 30.78678894
v 31.20984077 19.82129860 30.82139397
v 33.81180954 18.58204651 30.85355186
v 36.50583649 17.56532860 30.88302231
v 39.27267456 16.77767944 30.90957642
v 42.09266281 16.22394562 30.93301392
v 44.94588852 15.90725040 30.95315361
v 47.81232452 15.82899284 30.96984673
v 17.03742409 33.84545898 30.58682442
v 18.52576065 31.36613655 30.62940979
v 20.21620178 29.02107620 30.67100906
v 22.09645271 26.82687569 30.71130943
v 24.15283775 24.79894829 30.75000000
v 26.37041855 22.95144081 30.78678894
v 28.73311996 21.29710388 30.82139397
v 31.22386551 19.84721565 30.85355186
v 33.82472992 18.61149788 30.88302231
v 36.51707077 17.59805870 30.90957642
v 39.28170395 16.81334114 30.93301392
v 42.09902954 16.26210976 30.95315361
v 44.94921494 15.94740868 30.96984673
v 47.81232452 15.87059307 30.98296356
v 15.76721287 36.44371414 30.58682442
v 17.04572678 33.84995270 30.62940979
v 18.53674126 31.37331009 30.67100906
v 20.22937584 29.03133011 30.71130943
v 22.11127090 26.84051514 30.75000000
v 24.16871071 24.81619263 30.78678894
v 26.38672829 22.97239494 30.82139397
v 28.74923706 21.32177544 30.85355186
v 31.23917198 19.87549973 30.88302231
v 33.83863068 18.64318848 30.90957642
v 36.52901840 17.63285255 30.93301392
v 39.29120255 16.85084724 30.95315361
v 42.10566330 16.30185890 30.96984673
v 44.95264816 15.98886776 30.98296356
v 47.81232452 15.91317749 30.99240303
v 14.71590614 39.13798523 30.58682442
v 15.77585983 36.44750595 30.62940979
v 17.05726242 33.85619354 30.67100906
v 18.55071449 31.38243866 30.71130943
v 20.24526978 29.04370117 30.75000000
v 22.12851524 26.85638809 30.78678894
v 24.18669510 24.83572769 30.82139397
v 26.40482712 22.99565125 30.85355186
v 28.76682854 21.34869766 30.88302231
v 31.25564003 19.90593338 30.90957642
v 33.85340881 18.67687607 30.93301392
v 36.54158020 17.66944695 30.95315361
v 39.30109406 16.88991547 30.96984673
v 42.11251068 16.34289360 30.98296356
v 44.95616531 16.03130913 30.99240303
v 47.81232452 15.95642376 30.99809837
v 12.93943787 53.38964844 30.58682442
v 12.82936001 50.50000000 30.62940979
v 12.96191692 47.61221695 30.67100906
v 13.33588696 44.74690247 30.71130943
v 13.94825077 41.92445374 30.75000000
v 14.79424572 39.16488266 30.78678894
v 15.86738205 36.48765182 30.82139397
v 17.15953827 33.91154480 30.85355186
v 18.66102028 31.45450783 30.88302231
v 20.36066055 29.13351440 30.90957642
v 22.24591827 26.96446609 30.93301392
v 24.30299568 24.96206284 30.95315361
v 26.51695061 23.13970375 30.96984673
v 28.87183189 21.50942039 30.98296356
v 31.35081291 20.08179855 30.99240303
v 33.93632507 18.86591339 30.99809837
v 13.29717064 56.25955963 30.58682442
v 12.94884491 53.38887024 30.62940979
v 12.84247589 50.50000000 30.67100906
v 12.97855377 47.61359406 30.71130943
v 13.35575104 44.75021744 30.75000000
v 13.97097111 41.93020630 30.78678894
v 14.81936169 39.17350388 30.82139397
v 15.89436817 36.49948883 30.85355186
v 17.18782234 33.92685318 30.88302231
v 18.68999100 31.47343254 30.90957642
v 20.38969040 29.15610886 30.93301392
v 22.27438354 26.99067307 30.95315361
v 24.33028793 24.99171066 30.96984673
v 26.54249954 23.17253113 30.98296356
v 28.89512444 21.54507065 30.99240303
v 31.37139893 20.11983109 30.99809837
v 13.89068031 59.09012985 30.58682442
v 13.30648327 56.25800705 30.62940979
v 12.96191692 53.38778687 30.67100906
v 12.85916901 50.50000000 30.71130943
v 12.99862576 47.61525726 30.75000000
v 13.37887001 44.75407410 30.78678894
v 13.99671268 41.93672562 30.82139397
v 14.84723377 39.18307114 30.85355186
v 15.92382050 36.51240921 30.88302231
v 17.21825600 33.94332123 30.90957642
v 18.72078896 31.49355507 30.93301392
v 20.42022324 29.17987442 30.95315361
v 22.30403137 27.01796532 30.96984673
v 24.35846329 25.02231598 30.98296356
v 26.56865692 23.20613670 30.99240303
v 28.91877937 21.58127785 30.99809837
v 14.71590614 61.86201859 30.58682442
v 13.89982891 59.08781433 30.62940979
v 13.31942177 56.25585175 30.67100906
v 12.97855377 53.38640976 30.71130943
v 12.87931252 50.50000000 30.75000000
v 13.02198315 47.61719513 30.78678894
v 13.40506268 44.75844574 30.82139397
v 14.02527809 41.94395828 30.85355186
v 14.87765121 39.19351578 30.88302231
v 15.95551109 36.52630615 30.90957642
v 17.25061035 33.96083069 30.93301392
v 18.75317955 31.51471519 30.95315361
v 20.45202637 29.20462799 30.96984673
v 22.33463860 27.04614067 30.98296356
v 24.38730621 25.05364799 30.99240303
v 26.59522057 23.24026489 30.99809837
v 15.76721287 64.55628967 30.58682442
v 14.72483540 61.85895157 30.62940979
v 13.91254711 59.08459091 30.67100906
v 13.33588696 56.25310135 30.71130943
v 12.99862576 53.38474655 30.75000000
v 12.90274811 50.50000000 30.78678894
v 13.04844379 47.61938477 30.82139397
v 13.43412685 44.76329803 30.85355186
v 14.05645561 41.95185471 30.88302231
v 14.91038132 39.20475006 30.90957642
v 15.98919964 36.54108429 30.93301392
v 17.28463936 33.97924423 30.95315361
v 18.78691673 31.53675842 30.96984673
v 20.48485374 29.23017693 30.98296356
v 22.36597061 27.07498360 30.99240303
v 24.41659546 25.08546638 30.99809837
v 17.03742409 67.15454102 30.58682442
v 15.77585983 64.55249786 30.62940979
v 14.73724079 61.85469437 30.67100906
v 13.92872620 59.08049393 30.71130943
v 13.35575104 56.24978638 30.75000000
v 13.02198315 53.38280869 30.78678894
v 12.92930126 50.50000000 30.82139397
v 13.07781410 47.62181473 30.85355186
v 13.46584797 44.76858902 30.88302231
v 14.09000206 41.96035004 30.90957642
v 14.94517517 39.21669769 30.93301392
v 16.02463341 36.55662918 30.95315361
v 17.32008171 33.99842453 30.96984673
v 18.82174301 31.55951118 30.98296356
v 20.51845932 29.25633430 30.99240303
v 22.39778900 27.10427284 30.99809837
v 18.51785660 69.63903809 30.58682442
v 17.04572678 67.15005493 30.62940979
v 15.78786945 64.54722595 30.67100906
v 14.75302887 61.84927368 30.71130943
v 13.94825077 59.07555008 30.75000000
v 13.37887001 56.24592972 30.78678894
v 13.04844379 53.38061905 30.82139397
v 12.95877266 50.50000000 30.85355186
v 13.10986328 47.62447357 30.88302231
v 13.49998283 44.77428818 30.90957642
v 14.12566376 41.96937943 30.93301392
v 14.98176861 39.22925949 30.95315361
v 16.06153679 36.57281876 30.96984673
v 17.35666847 34.01822662 30.98296356
v 18.85739326 31.58280182 30.99240303
v 20.55258751 29.28289795 30.99809837
v 20.19840050 71.99278259 30.58682442
v 18.52576065 69.63387299 30.62940979
v 17.05726242 67.14381409 30.67100906
v 15.80315781 64.54051971 30.71130943
v 14.77207947 61.84273148 30.75000000
v 13.97097111 59.06979752 30.78678894
v 13.40506268 56.24155807 30.82139397
v 13.07781410 53.37818527 30.85355186
v 12.99092960 50.50000000 30.88302231
v 13.14435196 47.62733078 30.90957642
v 13.53626728 44.78033829 30.93301392
v 14.16316986 41.97888184 30.95315361
v 15.01988602 39.24234390 30.96984673
v 16.09963608 36.58952713 30.98296356
v 17.39411926 34.03849411 30.99240303
v 18.89360046 31.60645866 30.99809837
v 22.06757736 74.19971466 30.58682442
v 20.20585251 71.98698425 30.62940979
v 18.53674126 69.62669373 30.67100906
v 17.07194138 67.13586426 30.71130943
v 15.82160187 64.53243256 30.75000000
v 14.79424572 61.83512115 30.78678894
v 13.99671268 59.06327820 30.82139397
v 13.43412685 56.23670578 30.85355186
v 13.10986328 53.37553024 30.88302231
v 13.02553749 50.50000000 30.90957642
v 13.18101215 47.63037109 30.93301392
v 13.57443237 44.78670502 30.95315361
v 14.20223713 41.98876953 30.96984673
v 15.05923271 39.25585175 30.98296356
v 16.13863182 36.60663223 30.99240303
v 17.43215370 34.05907822 30.99809837
v 24.11261368 76.24475098 30.58682442
v 22.07452202 74.19331360 30.62940979
v 20.21620178 71.97892761 30.67100906
v 18.55071449 69.61756897 30.71130943
v 17.08965492 67.12627411 30.75000000
v 15.84306335 64.52301788 30.78678894
v 14.81936169 61.82649994 30.82139397
v 14.02527809 59.05604553 30.85355186
v 13.46584797 56.23141861 30.88302231
v 13.14435196 53.37267303 30.90957642
v 13.06232452 50.50000000 30.93301392
v 13.21957302 47.63356781 30.95315361
v 13.61418152 44.79334259 30.96984673
v 14.24256325 41.99898529 30.98296356
v 15.09951019 39.26968002 30.99240303
v 16.17823601 36.62400436 30.99809837
v 26.31954384 78.11392975 30.58682442
v 24.11900902 76.23780823 30.62940979
v 22.08417320 74.18443298 30.67100906
v 20.22937584 71.96867371 30.71130943
v 18.56757736 69.60655212 30.75000000
v 17.11026764 67.11512756 30.78678894
v 15.86738205 64.51235199 30.82139397
v 14.84723377 61.81693268 30.85355186
v 14.05645561 59.04814911 30.88302231
v 13.49998283 56.22571945 30.90957642
v 13.18101215 53.36963272 30.93301392
v 13.10101509 50.50000000 30.95315361
v 13.25973129 47.63689423 30.96984673
v 13.65521526 44.80018997 30.98296356
v 14.28384686 42.00943756 30.99240303
v 15.14041424 39.28372192 30.99809837
v 28.67329216 79.79446411 30.58682442
v 26.32534409 78.10647583 30.62940979
v 24.12789154 76.22815704 30.67100906
v 22.09645271 74.17313385 30.71130943
v 20.24526978 71.95630646 30.75000000
v 18.58719826 69.59372711 30.78678894
v 17.13362122 67.10248566 30.82139397
v 15.89436817 64.50051117 30.85355186
v 14.87765121 61.80648804 30.88302231
v 14.09000206 59.03965378 30.90957642
v 13.53626728 56.21966171 30.93301392
v 13.21957302 53.36643600 30.95315361
v 13.14131546 50.50000000 30.96984673
v 13.30119038 47.64032745 30.98296356
v 13.69721794 44.80719757 30.99240303
v 14.32577133 42.02005768 30.99809837
v 31.15777969 81.27490234 30.58682442
v 28.67845726 79.78656769 30.62940979
v 26.33339882 78.09612274 30.67100906
v 24.13919830 76.21587372 30.71130943
v 22.11127090 74.15948486 30.75000000
v 20.26376343 71.94190216 30.78678894
v 18.60942650 69.57920837 30.82139397
v 17.15953827 67.08846283 30.85355186
v 15.92382050 64.48760223 30.88302231
v 14.91038132 61.79525375 30.90957642
v 14.12566376 59.03062057 30.93301392
v 13.57443237 56.21329880 30.95315361
v 13.25973129 53.36310959 30.96984673
v 13.18291569 50.50000000 30.98296356
v 13.34363174 47.64384460 30.99240303
v 13.73987675 44.81431580 30.99809837
v 33.75603485 82.54512024 30.58682442
v 31.16227341 81.26659393 30.62940979
v 28.68563080 79.77558899 30.67100906
v 26.34365273 78.08294678 30.71130943
v 24.15283775 76.20104980 30.75000000
v 22.12851524 74.14361572 30.78678894
v 20.28471756 71.92559814 30.82139397
v 18.63409805 69.56308746 30.85355186
v 17.18782234 67.07315063 30.88302231
v 15.95551109 64.47369385 30.90957642
v 14.94517517 61.78330994 30.93301392
v 14.16316986 59.02112579 30.95315361
v 13.61418152 56.20666122 30.96984673
v 13.30119038 53.35967636 30.98296356
v 13.22549915 50.50000000 30.99240303
v 13.38673019 47.64741516 30.99809837
v 36.45030594 83.59642029 30.58682442
v 33.75983047 82.53646851 30.62940979
v 31.16851616 81.25506592 30.67100906
v 28.69475937 79.76161194 30.71130943
v 26.35602188 78.06705475 30.75000000
v 24.16871071 76.18380737 30.78678894
v 22.14805031 74.12563324 30.82139397
v 20.30797386 71.90750122 30.85355186
v 18.66102028 69.54550171 30.88302231
v 17.21825600 67.05668640 30.90957642
v 15.98919964 64.45892334 30.93301392
v 14.98176861 61.77074432 30.95315361
v 14.20223713 59.01123047 30.96984673
v 13.65521526 56.19981384 30.98296356
v 13.34363174 53.35615921 30.99240303
v 13.26874638 50.50000000 30.99809837
v 50.70197296 85.37288666 30.58682442
v 47.81232452 85.48297119 30.62940979
v 44.92453766 85.35041046 30.67100906
v 42.05922318 84.97643280 30.71130943
v 39.23677826 84.36407471 30.75000000
v 36.47720337 83.51808167 30.78678894
v 33.79997253 82.44494629 30.82139397
v 31.22386551 81.15278625 30.85355186
v 28.76682854 79.65130615 30.88302231
v 26.44583511 77.95166779 30.90957642
v 24.27678871 76.06640625 30.93301392
v 22.27438354 74.00933075 30.95315361
v 20.45202637 71.79537201 30.96984673
v 18.82174301 69.44049072 30.98296356
v 17.39411926 66.96150970 30.99240303
v 16.17823601 64.37599945 30.99809837
v 53.57188416 85.01515198 30.58682442
v 50.70119476 85.36347961 30.62940979
v 47.81232452 85.46984863 30.67100906
v 44.92591858 85.33377075 30.71130943
v 42.06253815 84.95657349 30.75000000
v 39.24252701 84.34135437 30.78678894
v 36.48582458 83.49296570 30.82139397
v 33.81180954 82.41796112 30.85355186
v 31.23917198 81.12449646 30.88302231
v 28.78575325 79.62233734 30.90957642
v 26.46843147 77.92263794 30.93301392
v 24.30299568 76.03794098 30.95315361
v 22.30403137 73.98204041 30.96984673
v 20.48485374 71.76982880 30.98296356
v 18.85739326 69.41719818 30.99240303
v 17.43215370 66.94092560 30.99809837
v 56.40245056 84.42164612 30.58682442
v 53.57033157 85.00584412 30.62940979
v 50.70010757 85.35041046 30.67100906
v 47.81232452 85.45315552 30.71130943
v 44.92757797 85.31369781 30.75000000
v 42.06639481 84.93345642 30.78678894
v 39.24904633 84.31561279 30.82139397
v 36.49539566 83.46509552 30.85355186
v 33.82472992 82.38850403 30.88302231
v 31.25564003 81.09407043 30.90957642
v 28.80587578 79.59153748 30.93301392
v 26.49219704 77.89210510 30.95315361
v 24.33028793 76.00829315 30.96984673
v 22.33463860 73.95386505 30.98296356
v 20.51845932 71.74366760 30.99240303
v 18.89360046 69.39354706 30.99809837
v 59.17433929 83.59642029 30.58682442
v 56.40013504 84.41249847 30.62940979
v 53.56816864 84.99289703 30.67100906
v 50.69873047 85.33377075 30.71130943
v 47.81232452 85.43301392 30.75000000
v 44.92951584 85.29034424 30.78678894
v 42.07077026 84.90726471 30.82139397
v 39.25628281 84.28704834 30.85355186
v 36.50583649 83.43466949 30.88302231
v 33.83863068 82.35681152 30.90957642
v 31.27315331 81.06171417 30.93301392
v 28.82703781 79.55915070 30.95315361
v 26.51695061 77.86029816 30.96984673
v 24.35846329 75.97768402 30.98296356
v 22.36597061 73.92501831 30.99240303
v 20.55258751 71.71710205 30.99809837
v 61.86861038 82.54512024 30.58682442
v 59.17127609 83.58748627 30.62940979
v 56.39691162 84.39977264 30.67100906
v 53.56542206 84.97643280 30.71130943
v 50.69707108 85.31369781 30.75000000
v 47.81232452 85.40958405 30.78678894
v 44.93170547 85.26387787 30.82139397
v 42.07561874 84.87819672 30.85355186
v 39.26417542 84.25587463 30.88302231
v 36.51707077 83.40194702 30.90957642
v 33.85340881 82.32312775 30.93301392
v 31.29156685 81.02768707 30.95315361
v 28.84907913 79.52541351 30.96984673
v 26.54249954 77.82746887 30.98296356
v 24.38730621 75.94635010 30.99240303
v 22.39778900 73.89572906 30.99809837
v 64.46686554 81.27490234 30.58682442
v 61.86481857 82.53646851 30.62940979
v 59.16701126 83.57508850 30.67100906
v 56.39281464 84.38359833 30.71130943
v 53.56210709 84.95657349 30.75000000
v 50.69513321 85.29034424 30.78678894
v 47.81232452 85.38302612 30.82139397
v 44.93413925 85.23450470 30.85355186
v 42.08090973 84.84648132 30.88302231
v 39.27267456 84.22232056 30.90957642
v 36.52901840 83.36715698 30.93301392
v 33.86894989 82.28768921 30.95315361
v 31.31074524 80.99224091 30.96984673
v 28.87183189 79.49058533 30.98296356
v 26.56865692 77.79386902 30.99240303
v 24.41659546 75.91454315 30.99809837
v 66.95135498 79.79446411 30.58682442
v 64.46237946 81.26659393 30.62940979
v 61.85955048 82.52445984 30.67100906
v 59.16159439 83.55929565 30.71130943
v 56.38787079 84.36407471 30.75000000
v 53.55825424 84.93345642 30.78678894
v 50.69294357 85.26387787 30.82139397
v 47.81232452 85.35355377 30.85355186
v 44.93679428 85.20246124 30.88302231
v 42.08660889 84.81233978 30.90957642
v 39.28170395 84.18666077 30.93301392
v 36.54158020 83.33055878 30.95315361
v 33.88513565 82.25078583 30.96984673
v 31.33054733 80.95565796 30.98296356
v 28.89512444 79.45492554 30.99240303
v 26.59522057 77.75974274 30.99809837
v 69.30510712 78.11392975 30.58682442
v 66.94618988 79.78656769 30.62940979
v 64.45613861 81.25506592 30.67100906
v 61.85284805 82.50917053 30.71130943
v 59.15505600 83.54024506 30.75000000
v 56.38211823 84.34135437 30.78678894
v 53.55387878 84.90726471 30.82139397
v 50.69050980 85.23450470 30.85355186
v 47.81232452 85.32139587 30.88302231
v 44.93965149 85.16797638 30.90957642
v 42.09266281 84.77606201 30.93301392
v 39.29120255 84.14915466 30.95315361
v 36.55466461 83.29244232 30.96984673
v 33.90184784 82.21268463 30.98296356
v 31.35081291 80.91820526 30.99240303
v 28.91877937 79.41872406 30.99809837
v 71.51203918 76.24475098 30.58682442
v 69.29930115 78.10647583 30.62940979
v 66.93901825 79.77558899 30.67100906
v 64.44818878 81.24038696 30.71130943
v 61.84475327 82.49073029 30.75000000
v 59.14744186 83.51808167 30.78678894
v 56.37559891 84.31561279 30.82139397
v 53.54903030 84.87819672 30.85355186
v 50.68785477 85.20246124 30.88302231
v 47.81232452 85.28678894 30.90957642
v 44.94269180 85.13131714 30.93301392
v 42.09902954 84.73789978 30.95315361
v 39.30109406 84.11009216 30.96984673
v 36.56817245 83.25308990 30.98296356
v 33.91895294 82.17369080 30.99240303
v 31.37139893 80.88017273 30.99809837
v 73.55706787 74.19971466 30.58682442
v 71.50563812 76.23780823 30.62940979
v 69.29125214 78.09612274 30.67100906
v 66.92989349 79.76161194 30.71130943
v 64.43859863 81.22267151 30.75000000
v 61.83534241 82.46926117 30.78678894
v 59.13882446 83.49296570 30.82139397
v 56.36836624 84.28704834 30.85355186
v 53.54373932 84.84648132 30.88302231
v 50.68499756 85.16797638 30.90957642
v 47.81232452 85.25000763 30.93301392
v 44.94588852 85.09275055 30.95315361
v 42.10566330 84.69814301 30.96984673
v 39.31130600 84.06975555 30.98296356
v 36.58200073 83.21281433 30.99240303
v 33.93632507 82.13408661 30.99809837
v 75.42625427 71.99278259 30.58682442
v 73.55012512 74.19331360 30.62940979
v 71.49675751 76.22815704 30.67100906
v 69.28099823 78.08294678 30.71130943
v 66.91886902 79.74475098 30.75000000
v 64.42745209 81.20205688 30.78678894
v 61.82467651 82.44494629 30.82139397
v 59.12925339 83.46509552 30.85355186
v 56.36047363 84.25587463 30.88302231
v 53.53804016 84.81233978 30.90957642
v 50.68195724 85.13131714 30.93301392
v 47.81232452 85.21130371 30.95315361
v 44.94921494 85.05259705 30.96984673
v 42.11251068 84.65711212 30.98296356
v 39.32176208 84.02848053 30.99240303
v 36.59604645 83.17191315 30.99809837
v 77.10678864 69.63903809 30.58682442
v 75.41880035 71.98698425 30.62940979
v 73.54048157 74.18443298 30.67100906
v 71.48545074 76.21587372 30.71130943
v 69.26863098 78.06705475 30.75000000
v 66.90605164 79.72512817 30.78678894
v 64.41481018 81.17870331 30.82139397
v 61.81283569 82.41796112 30.85355186
v 59.11881256 83.43466949 30.88302231
v 56.35197449 84.22232056 30.90957642
v 53.53198624 84.77606201 30.93301392
v 50.67876053 85.09275055 30.95315361
v 47.81232452 85.17101288 30.96984673
v 44.95264816 85.01113892 30.98296356
v 42.11951828 84.61511230 30.99240303
v 39.33237457 83.98654938 30.99809837
v 78.58722687 67.15454102 30.58682442
v 77.09889221 69.63387299 30.62940979
v 75.40844727 71.97892761 30.67100906
v 73.52819061 74.17313385 30.71130943
v 71.47180939 76.20104980 30.75000000
v 69.25422668 78.04856110 30.78678894
v 66.89152527 79.70289612 30.82139397
v 64.40078735 81.15278625 30.85355186
v 61.79991913 82.38850403 30.88302231
v 59.10757446 83.40194702 30.90957642
v 56.34294510 84.18666077 30.93301392
v 53.52561951 84.73789978 30.95315361
v 50.67543411 85.05259705 30.96984673
v 47.81232452 85.12940979 30.98296356
v 44.95616531 84.96869659 30.99240303
v 42.12663651 84.57244873 30.99809837
v 79.85743713 64.55628967 30.58682442
v 78.57891846 67.15005493 30.62940979
v 77.08790588 69.62669373 30.67100906
v 75.39527130 71.96867371 30.71130943
v 73.51337433 74.15948486 30.75000000
v 71.45594025 76.18380737 30.78678894
v 69.23791504 78.02760315 30.82139397
v 66.87541199 79.67823029 30.85355186
v 64.38547516 81.12449646 30.88302231
v 61.78601837 82.35681152 30.90957642
v 59.09562683 83.36715698 30.93301392
v 56.33344650 84.14915466 30.95315361
v 53.51898575 84.69814301 30.96984673
v 50.67199707 85.01113892 30.98296356
v 47.81232452 85.08682251 30.99240303
v 44.95973969 84.92559052 30.99809837
v 80.90874481 61.86201859 30.58682442
v 79.84878540 64.55249786 30.62940979
v 78.56738281 67.14381409 30.67100906
v 77.07392883 69.61756897 30.71130943
v 75.37937927 71.95630646 30.75000000
v 73.49613190 74.14361572 30.78678894
v 71.43795776 76.16427612 30.82139397
v 69.21981812 78.00435638 30.85355186
v 66.85781860 79.65130615 30.88302231
v 64.36901093 81.09407043 30.90957642
v 61.77124023 82.32312775 30.93301392
v 59.08306503 83.33055878 30.95315361
v 56.32355499 84.11009216 30.96984673
v 53.51213837 84.65711212 30.98296356
v 50.66847992 84.96869659 30.99240303
v 47.81232452 85.04357910 30.99809837
v 82.68521118 47.61035538 30.58682442
v 82.79529572 50.50000000 30.62940979
v 82.66273499 53.38778687 30.67100906
v 82.28875732 56.25310135 30.71130943
v 81.67639160 59.07555008 30.75000000
v 80.83040619 61.83512115 30.78678894
v 79.75726318 64.51235199 30.82139397
v 78.46511078 67.08846283 30.85355186
v 76.96362305 69.54550171 30.88302231
v 75.26399231 71.86649323 30.90957642
v 73.37872314 74.03553772 30.93301392
v 71.32164764 76.03794098 30.95315361
v 69.10769653 77.86029816 30.96984673
v 66.75281525 79.49058533 30.98296356
v 64.27383423 80.91820526 30.99240303
v 61.68832397 82.13408661 30.99809837
v 82.32747650 44.74044037 30.58682442
v 82.67579651 47.61113358 30.62940979
v 82.78217316 50.50000000 30.67100906
v 82.64609528 53.38640976 30.71130943
v 82.26889038 56.24978638 30.75000000
v 81.65367889 59.06979752 30.78678894
v 80.80529022 61.82649994 30.82139397
v 79.73027802 64.50051117 30.85355186
v 78.43682098 67.07315063 30.88302231
v 76.93465424 69.52656555 30.90957642
v 75.23495483 71.84389496 30.93301392
v 73.35026550 74.00933075 30.95315361
v 71.29435730 76.00829315 30.96984673
v 69.08214569 77.82746887 30.98296356
v 66.72952271 79.45492554 30.99240303
v 64.25325012 80.88017273 30.99809837
v 81.73397064 41.90987396 30.58682442
v 82.31816101 44.74199677 30.62940979
v 82.66273499 47.61221695 30.67100906
v 82.76547241 50.50000000 30.71130943
v 82.62602234 53.38474655 30.75000000
v 82.24578094 56.24592972 30.78678894
v 81.62793732 59.06327820 30.82139397
v 80.77741241 61.81693268 30.85355186
v 79.70082855 64.48760223 30.88302231
v 78.40639496 67.05668640 30.90957642
v 76.90385437 69.50645447 30.93301392
v 75.20442200 71.82012177 30.95315361
v 73.32061005 73.98204041 30.96984673
v 71.26618958 75.97768402 30.98296356
v 69.05599213 77.79386902 30.99240303
v 66.70586395 79.41872406 30.99809837
v 80.90874481 39.13798523 30.58682442
v 81.72482300 41.91219330 30.62940979
v 82.30522156 44.74415588 30.67100906
v 82.64609528 47.61359406 30.71130943
v 82.74533844 50.50000000 30.75000000
v 82.60266113 53.38280869 30.78678894
v 82.21958923 56.24155807 30.82139397
v 81.59937286 59.05604553 30.85355186
v 80.74699402 61.80648804 30.88302231
v 79.66913605 64.47369385 30.90957642
v 78.37403870 67.03917694 30.93301392
v 76.87146759 69.48529053 30.95315361
v 75.17261505 71.79537201 30.96984673
v 73.29000854 73.95386505 30.98296356
v 71.23734283 75.94635010 30.99240303
v 69.02942657 77.75974274 30.99809837
v 79.85743713 36.44371414 30.58682442
v 80.89981079 39.14105225 30.62940979
v 81.71209717 41.91541290 30.67100906
v 82.28875732 44.74690247 30.71130943
v 82.62602234 47.61525726 30.75000000
v 82.72190094 50.50000000 30.78678894
v 82.57620239 53.38061905 30.82139397
v 82.19052124 56.23670578 30.85355186
v 81.56819916 59.04814911 30.88302231
v 80.71427155 61.79525375 30.90957642
v 79.63545227 64.45892334 30.93301392
v 78.34001160 67.02075958 30.95315361
v 76.83773041 69.46324921 30.96984673
v 75.13979340 71.76982880 30.98296356
v 73.25867462 73.92501831 30.99240303
v 71.20805359 75.91454315 30.99809837
v 78.58722687 33.84545898 30.58682442
v 79.84878540 36.44750595 30.62940979
v 80.88740540 39.14531326 30.67100906
v 81.69592285 41.91950989 30.71130943
v 82.26889038 44.75021744 30.75000000
v 82.60266113 47.61719513 30.78678894
v 82.69535065 50.50000000 30.82139397
v 82.54682922 53.37818527 30.85355186
v 82.15880585 56.23141861 30.88302231
v 81.53464508 59.03965378 30.90957642
v 80.67947388 61.78330994 30.93301392
v 79.60001373 64.44338226 30.95315361
v 78.30456543 67.00157928 30.96984673
v 76.80290985 69.44049072 30.98296356
v 75.10618591 71.74366760 30.99240303
v 73.22686005 73.89572906 30.99809837
v 77.10678864 31.36097336 30.58682442
v 78.57891846 33.84995270 30.62940979
v 79.83677673 36.45277405 30.67100906
v 80.87162018 39.15073395 30.71130943
v 81.67639160 41.92445374 30.75000000
v 82.24578094 44.75407410 30.78678894
v 82.57620239 47.61938477 30.82139397
v 82.66587830 50.50000000 30.85355186
v 82.51478577 53.37553024 30.88302231
v 82.12466431 56.22571945 30.90957642
v 81.49897766 59.03062057 30.93301392
v 80.64287567 61.77074432 30.95315361
v 79.56311035 64.42719269 30.96984673
v 78.26797485 66.98178101 30.98296356
v 76.76725006 69.41719818 30.99240303
v 75.07206726 71.71710205 30.99809837
v 75.42625427 29.00722313 30.58682442
v 77.09889221 31.36613655 30.62940979
v 78.56738281 33.85619354 30.67100906
v 79.82148743 36.45948029 30.71130943
v 80.85256958 39.15727234 30.75000000
v 81.65367889 41.93020630 30.78678894
v 82.21958923 44.75844574 30.82139397
v 82.54682922 47.62181473 30.85355186
v 82.63372040 50.50000000 30.88302231
v 82.48029327 53.37267303 30.90957642
v 82.08837891 56.21966171 30.93301392
v 81.46147156 59.02112579 30.95315361
v 80.60475922 61.75765991 30.96984673
v 79.52500916 64.41047668 30.98296356
v 78.23052979 66.96150970 30.99240303
v 76.73104858 69.39354706 30.99809837
v 69.30860138 22.88158607 30.54357910
v 69.05599213 23.20613670 30.99240303
v 69.08214569 23.17253113 30.98296356
v 69.10769653 23.13970375 30.96984673
v 69.13244629 23.10790062 30.95315361
v 69.15621185 23.07736969 30.93301392
v 69.17881012 23.04833794 30.90957642
v 69.20006561 23.02102852 30.88302231
v 69.21981812 22.99565125 30.85355186
v 69.23791504 22.97239494 30.82139397
v 69.25422668 22.95144081 30.78678894
v 69.26863098 22.93294716 30.75000000
v 69.28099823 22.91705322 30.71130943
v 69.29125214 22.90387917 30.67100906
v 69.29930115 22.89352989 30.62940979
v 69.30510712 22.88607788 30.58682442
v 66.95446777 21.20076942 30.54357910
v 66.72952271 21.54507065 30.99240303
v 66.75281525 21.50942039 30.98296356
v 66.77556610 21.47459412 30.96984673
v 66.79761505 21.44085884 30.95315361
v 66.81877136 21.40846634 30.93301392
v 66.83889008 21.37767029 30.90957642
v 66.85781860 21.34869766 30.88302231
v 66.87541199 21.32177544 30.85355186
v 66.89152527 21.29710388 30.82139397
v 66.90605164 21.27487564 30.78678894
v 66.91886902 21.25525475 30.75000000
v 66.92989349 21.23839188 30.71130943
v 66.93901825 21.22441864 30.67100906
v 66.94618988 21.21343803 30.62940979
v 66.95135498 21.20553589 30.58682442
v 64.46957397 19.72009468 30.54357910
v 64.27383423 20.08179855 30.99240303
v 64.29409790 20.04434586 30.98296356
v 64.31390381 20.00775909 30.96984673
v 64.33308411 19.97231674 30.95315361
v 64.35150146 19.93828773 30.93301392
v 64.36901093 19.90593338 30.90957642
v 64.38547516 19.87549973 30.88302231
v 64.40078735 19.84721565 30.85355186
v 64.41481018 19.82129860 30.82139397
v 64.42745209 19.79794502 30.78678894
v 64.43859863 19.77733421 30.75000000
v 64.44818878 19.75961876 30.71130943
v 64.45613861 19.74493980 30.67100906
v 64.46237946 19.73340416 30.62940979
v 64.46686554 19.72510147 30.58682442
v 61.87089920 18.44967842 30.54357910
v 61.70569229 18.82630920 30.99240303
v 61.72280121 18.78731346 30.98296356
v 61.73951340 18.74921417 30.96984673
v 61.75569916 18.71231270 30.95315361
v 61.77124023 18.67687607 30.93301392
v 61.78601837 18.64318848 30.90957642
v 61.79991913 18.61149788 30.88302231
v 61.81283569 18.58204651 30.85355186
v 61.82467651 18.55505943 30.82139397
v 61.83534241 18.53074074 30.78678894
v 61.84475327 18.50927925 30.75000000
v 61.85284805 18.49083519 30.71130943
v 61.85955048 18.47554779 30.67100906
v 61.86481857 18.46353722 30.62940979
v 61.86861038 18.45489120 30.58682442
v 59.17618942 17.39819717 30.54357910
v 59.04264832 17.78718758 30.99240303
v 59.05647659 17.74691010 30.98296356
v 59.06998444 17.70756340 30.96984673
v 59.08306503 17.66944695 30.95315361
v 59.09562683 17.63285255 30.93301392
v 59.10757446 17.59805870 30.90957642
v 59.11881256 17.56532860 30.88302231
v 59.12925339 17.53491211 30.85355186
v 59.13882446 17.50703812 30.82139397
v 59.14744186 17.48192215 30.78678894
v 59.15505600 17.45975685 30.75000000
v 59.16159439 17.44070625 30.71130943
v 59.16701126 17.42491913 30.67100906
v 59.17127609 17.41251373 30.62940979
v 59.17433929 17.40358353 30.58682442
v 56.40385056 16.57283592 30.54357910
v 56.30288696 16.97152519 30.99240303
v 56.31334305 16.93024063 30.98296356
v 56.32355499 16.88991547 30.96984673
v 56.33344650 16.85084724 30.95315361
v 56.34294510 16.81334114 30.93301392
v 56.35197449 16.77767944 30.90957642
v 56.36047363 16.74413300 30.88302231
v 56.36836624 16.71295547 30.85355186
v 56.37559891 16.68439102 30.82139397
v 56.38211823 16.65864944 30.78678894
v 56.38787079 16.63592911 30.75000000
v 56.39281464 16.61640358 30.71130943
v 56.39691162 16.60022545 30.67100906
v 56.40013504 16.58750725 30.62940979
v 56.40245056 16.57835770 30.58682442
v 53.57282257 15.97923374 30.54357910
v 53.50513077 16.38489532 30.99240303
v 53.51213837 16.34289360 30.98296356
v 53.51898575 16.30185890 30.96984673
v 53.52561951 16.26210976 30.95315361
v 53.53198624 16.22394562 30.93301392
v 53.53804016 16.18766022 30.90957642
v 53.54373932 16.15352631 30.88302231
v 53.54903030 16.12180519 30.85355186
v 53.55387878 16.09273911 30.82139397
v 53.55825424 16.06654739 30.78678894
v 53.56210709 16.04342842 30.75000000
v 53.56542206 16.02356529 30.71130943
v 53.56816864 16.00709915 30.67100906
v 53.57033157 15.99416161 30.62940979
v 53.57188416 15.98484802 30.58682442
v 50.70244598 15.62144279 30.54357910
v 50.66847992 16.03130913 30.99240303
v 50.67199707 15.98886776 30.98296356
v 50.67543411 15.94740868 30.96984673
v 50.67876053 15.90725040 30.95315361
v 50.68195724 15.86868954 30.93301392
v 50.68499756 15.83202934 30.90957642
v 50.68785477 15.79754066 30.88302231
v 50.69050980 15.76549149 30.85355186
v 50.69294357 15.73612213 30.82139397
v 50.69513321 15.70966053 30.78678894
v 50.69707108 15.68630314 30.75000000
v 50.69873047 15.66623116 30.71130943
v 50.70010757 15.64959431 30.67100906
v 50.70119476 15.63652229 30.62940979
v 50.70197296 15.62711620 30.58682442
v 42.25517273 18.09060287 30.88020325
v 45.02370071 17.73607635 30.88020325
v 39.52668762 18.67863464 30.88020325
v 36.85789490 19.49594498 30.88020325
v 34.26802826 20.53663635 30.88020325
v 31.77575111 21.79321861 30.88020325
v 29.39901924 23.25662994 30.88020325
v 27.15495491 24.91633224 30.88020325
v 25.05972672 26.76036644 30.88020325
v 23.12842941 28.77544212 30.88020325
v 21.37498093 30.94704628 30.88020325
v 19.81201744 33.25952911 30.88020325
v 18.45079422 35.69623184 30.88020325
v 17.30112267 38.23959351 30.88020325
v 16.37128448 40.87129211 30.88020325
v 15.66797829 43.57236481 30.88020325
v 15.19627476 46.32335663 30.88020325
v 14.95956993 49.10443497 30.88020325
v 14.95956993 51.89556885 30.88020325
v 15.19627476 54.67665100 30.88020325
v 15.66797829 57.42763901 30.88020325
v 16.37128448 60.12871170 30.88020325
v 17.30112267 62.76041412 30.88020325
v 18.45079422 65.30377197 30.88020325
v 19.81201744 67.74047089 30.88020325
v 21.37498093 70.05295563 30.88020325
v 23.12842941 72.22455597 30.88020325
v 25.05972672 74.23963928 30.88020325
v 27.15495491 76.08367157 30.88020325
v 29.39901924 77.74337006 30.88020325
v 31.77575111 79.20678711 30.88020325
v 34.26802826 80.46336365 30.88020325
v 36.85789490 81.50405884 30.88020325
v 39.52668762 82.32136536 30.88020325
v 42.25517273 82.90940857 30.88020325
v 45.02370071 83.26392365 30.88020325
v 47.81232452 83.38238525 30.88020325
v 50.60094452 83.26392365 30.88020325
v 53.36947250 82.90940857 30.88020325
v 56.09796143 82.32136536 30.88020325
v 58.76675415 81.50405884 30.88020325
v 61.35662079 80.46336365 30.88020325
v 63.84889603 79.20678711 30.88020325
v 66.22563171 77.74337006 30.88020325
v 68.46969604 76.08367157 30.88020325
v 70.56492615 74.23963928 30.88020325
v 72.49622345 72.22455597 30.88020325
v 74.24967194 70.05295563 30.88020325
v 75.81262970 67.74047089 30.88020325
v 77.17385101 65.30377197 30.88020325
v 78.32352448 62.76041412 30.88020325
v 79.25335693 60.12871170 30.88020325
v 79.95666504 57.42763901 30.88020325
v 80.42837524 54.67665100 30.88020325
v 80.66508484 51.89556885 30.88020325
v 80.66508484 49.10443497 30.88020325
v 80.42837524 46.32335663 30.88020325
v 79.95666504 43.57236481 30.88020325
v 79.25335693 40.87129211 30.88020325
v 78.32352448 38.23959351 30.88020325
v 77.17385101 35.69623184 30.88020325
v 75.81262970 33.25952911 30.88020325
v 74.24967194 30.94704628 30.88020325
v 72.49622345 28.77544212 30.88020325
v 70.56492615 26.76036644 30.88020325
v 68.46969604 24.91633224 30.88020325
v 66.22563171 23.25662994 30.88020325
v 63.84889603 21.79321861 30.88020325
v 61.35662079 20.53663635 30.88020325
v 58.76675415 19.49594498 30.88020325
v 56.09796143 18.67863464 30.88020325
v 53.36947250 18.09060287 30.88020325
v 50.60094452 17.73607635 30.88020325
v 47.81232452 17.61762047 30.88020325
v 50.60356140 17.70535851 30.90450859
v 53.37468719 18.06021500 30.90450859
v 56.10573196 18.64879990 30.90450859
v 58.77702713 19.46687508 30.90450859
v 61.36931992 20.50854301 30.90450859
v 63.86393356 21.76630211 30.90450859
v 66.24289703 23.23108482 30.90450859
v 68.48905945 24.89234543 30.90450859
v 70.58625793 26.73810577 30.90450859
v 72.51936340 28.75507164 30.90450859
v 74.27445221 30.92871284 30.90450859
v 75.83888245 33.24336624 30.90450859
v 77.20137787 35.68235016 30.90450859
v 78.35213470 38.22809982 30.90450859
v 79.28285217 40.86226273 30.90450859
v 79.98680878 43.56586838 30.90450859
v 80.45895386 46.31943512 30.90450859
v 80.69588470 49.10312653 30.90450859
v 80.69588470 51.89687729 30.90450859
v 80.45895386 54.68056870 30.90450859
v 79.98680878 57.43413544 30.90450859
v 79.28285217 60.13774109 30.90450859
v 78.35213470 62.77190781 30.90450859
v 77.20137787 65.31764984 30.90450859
v 75.83888245 67.75663757 30.90450859
v 74.27445221 70.07129669 30.90450859
v 72.51936340 72.24492645 30.90450859
v 70.58625793 74.26189423 30.90450859
v 68.48905945 76.10765839 30.90450859
v 66.24289703 77.76892090 30.90450859
v 63.86393356 79.23370361 30.90450859
v 61.36931992 80.49146271 30.90450859
v 58.77702713 81.53312683 30.90450859
v 56.10573196 82.35121155 30.90450859
v 53.37468719 82.93978882 30.90450859
v 50.60356140 83.29464722 30.90450859
v 47.81232452 83.41321564 30.90450859
v 45.02108765 83.29464722 30.90450859
v 42.24996185 82.93978882 30.90450859
v 39.51891327 82.35121155 30.90450859
v 36.84762192 81.53312683 30.90450859
v 34.25532913 80.49146271 30.90450859
v 31.76071548 79.23370361 30.90450859
v 29.38175392 77.76892090 30.90450859
v 27.13558388 76.10765839 30.90450859
v 25.03839111 74.26189423 30.90450859
v 23.10528564 72.24492645 30.90450859
v 21.35019302 70.07129669 30.90450859
v 19.78576279 67.75663757 30.90450859
v 18.42326546 65.31764984 30.90450859
v 17.27251244 62.77190781 30.90450859
v 16.34180260 60.13774109 30.90450859
v 15.63783741 57.43413544 30.90450859
v 15.16569424 54.68056870 30.90450859
v 14.92876530 51.89687729 30.90450859
v 14.92876530 49.10312653 30.90450859
v 15.16569424 46.31943512 30.90450859
v 15.63783741 43.56586838 30.90450859
v 16.34180260 40.86226273 30.90450859
v 17.27251244 38.22809982 30.90450859
v 18.42326546 35.68235016 30.90450859
v 19.78576279 33.24336624 30.90450859
v 21.35019302 30.92871284 30.90450859
v 23.10528564 28.75507164 30.90450859
v 25.03839111 26.73810577 30.90450859
v 27.13558388 24.89234543 30.90450859
v 29.38175392 23.23108482 30.90450859
v 31.76071548 21.76630211 30.90450859
v 34.25532913 20.50854301 30.90450859
v 36.84762192 19.46687508 30.90450859
v 39.51891327 18.64879990 30.90450859
v 42.24996185 18.06021500 30.90450859
v 45.02108765 17.70535851 30.90450859
v 47.81232452 17.58678627 30.90450859
v 50.60633087 17.67283249 30.92632103
v 53.38020325 18.02803993 30.92632103
v 56.11396027 18.61720848 30.92632103
v 58.78790283 19.43609428 30.92632103
v 61.38276291 20.47879791 30.92632103
v 63.87984848 21.73780251 30.92632103
v 66.26116943 23.20404243 30.92632103
v 68.50957489 24.86694527 30.92632103
v 70.60884094 26.71453857 30.92632103
v 72.54386902 28.73350716 30.92632103
v 74.30069733 30.90930176 30.92632103
v 75.86668396 33.22624969 30.92632103
v 77.23052979 35.66765594 30.92632103
v 78.38242340 38.21592331 30.92632103
v 79.31405640 40.85270309 30.92632103
v 80.01871490 43.55899429 30.92632103
v 80.49133301 46.31528854 30.92632103
v 80.72850037 49.10174179 30.92632103
v 80.72850037 51.89826202 30.92632103
v 80.49133301 54.68471527 30.92632103
v 80.01871490 57.44100952 30.92632103
v 79.31405640 60.14730072 30.92632103
v 78.38242340 62.78407669 30.92632103
v 77.23052979 65.33235168 30.92632103
v 75.86668396 67.77375793 30.92632103
v 74.30069733 70.09070587 30.92632103
v 72.54386902 72.26649475 30.92632103
v 70.60884094 74.28546143 30.92632103
v 68.50957489 76.13305664 30.92632103
v 66.26116943 77.79595947 30.92632103
v 63.87984848 79.26219940 30.92632103
v 61.38276291 80.52120209 30.92632103
v 58.78790283 81.56390381 30.92632103
v 56.11396027 82.38279724 30.92632103
v 53.38020325 82.97196198 30.92632103
v 50.60633087 83.32717133 30.92632103
v 47.81232452 83.44586182 30.92632103
v 45.01831818 83.32717133 30.92632103
v 42.24444580 82.97196198 30.92632103
v 39.51068878 82.38279724 30.92632103
v 36.83674622 81.56390381 30.92632103
v 34.24188614 80.52120209 30.92632103
v 31.74479675 79.26219940 30.92632103
v 29.36347389 77.79595947 30.92632103
v 27.11507607 76.13305664 30.92632103
v 25.01580429 74.28546143 30.92632103
v 23.08078194 72.26649475 30.92632103
v 21.32394981 70.09070587 30.92632103
v 19.75796509 67.77375793 30.92632103
v 18.39411545 65.33235168 30.92632103
v 17.24222565 62.78407669 30.92632103
v 16.31059074 60.14730072 30.92632103
v 15.60593033 57.44100952 30.92632103
v 15.13331413 54.68471527 30.92632103
v 14.89615059 51.89826202 30.92632103
v 14.89615059 49.10174179 30.92632103
v 15.13331413 46.31528854 30.92632103
v 15.60593033 43.55899429 30.92632103
v 16.31059074 40.85270309 30.92632103
v 17.24222565 38.21592331 30.92632103
v 18.39411545 35.66765594 30.92632103
v 19.75796509 33.22624969 30.92632103
v 21.32394981 30.90930176 30.92632103
v 23.08078194 28.73350716 30.92632103
v 25.01580429 26.71453857 30.92632103
v 27.11507607 24.86694527 30.92632103
v 29.36347389 23.20404243 30.92632103
v 31.74479675 21.73780251 30.92632103
v 34.24188614 20.47879791 30.92632103
v 36.83674622 19.43609428 30.92632103
v 39.51068878 18.61720848 30.92632103
v 42.24444580 18.02803993 30.92632103
v 45.01831818 17.67283249 30.92632103
v 47.81232452 17.55414581 30.92632103
v 50.60923004 17.63870239 30.94550323
v 53.38598633 17.99428177 30.94550323
v 56.12258911 18.58406067 30.94550323
v 58.79931259 19.40379906 30.94550323
v 61.39687347 20.44758415 30.94550323
v 63.89656067 21.70789909 30.94550323
v 66.28035736 23.17566109 30.94550323
v 68.53108978 24.84029579 30.94550323
v 70.63254547 26.68980789 30.94550323
v 72.56958008 28.71087646 30.94550323
v 74.32823944 30.88893318 30.94550323
v 75.89584351 33.20829010 30.94550323
v 77.26112366 35.65223312 30.94550323
v 78.41420746 38.20315552 30.94550323
v 79.34680939 40.84267426 30.94550323
v 80.05220795 43.55177689 30.94550323
v 80.52530670 46.31093979 30.94550323
v 80.76271057 49.10028839 30.94550323
v 80.76271057 51.89971542 30.94550323
v 80.52530670 54.68906403 30.94550323
v 80.05220795 57.44822693 30.94550323
v 79.34680939 60.15732956 30.94550323
v 78.41420746 62.79684448 30.94550323
v 77.26112366 65.34777069 30.94550323
v 75.89584351 67.79171753 30.94550323
v 74.32823944 70.11106873 30.94550323
v 72.56958008 72.28912354 30.94550323
v 70.63254547 74.31019592 30.94550323
v 68.53108978 76.15970612 30.94550323
v 66.28035736 77.82434082 30.94550323
v 63.89656067 79.29210663 30.94550323
v 61.39687347 80.55242157 30.94550323
v 58.79931259 81.59620667 30.94550323
v 56.12258911 82.41593933 30.94550323
v 53.38598633 83.00572968 30.94550323
v 50.60923004 83.36129761 30.94550323
v 47.81232452 83.48011017 30.94550323
v 45.01541519 83.36129761 30.94550323
v 42.23865891 83.00572968 30.94550323
v 39.50205994 82.41593933 30.94550323
v 36.82533646 81.59620667 30.94550323
v 34.22777176 80.55242157 30.94550323
v 31.72808838 79.29210663 30.94550323
v 29.34429169 77.82434082 30.94550323
v 27.09355736 76.15970612 30.94550323
v 24.99210358 74.31019592 30.94550323
v 23.05506706 72.28912354 30.94550323
v 21.29640961 70.11106873 30.94550323
v 19.72879791 67.79171753 30.94550323
v 18.36352921 65.34777069 30.94550323
v 17.21044159 62.79684448 30.94550323
v 16.27783775 60.15732956 30.94550323
v 15.57244396 57.44822693 30.94550323
v 15.09933567 54.68906403 30.94550323
v 14.86192989 51.89971542 30.94550323
v 14.86192989 49.10028839 30.94550323
v 15.09933567 46.31093979 30.94550323
v 15.57244396 43.55177689 30.94550323
v 16.27783775 40.84267426 30.94550323
v 17.21044159 38.20315552 30.94550323
v 18.36352921 35.65223312 30.94550323
v 19.72879791 33.20829010 30.94550323
v 21.29640961 30.88893318 30.94550323
v 23.05506706 28.71087646 30.94550323
v 24.99210358 26.68980789 30.94550323
v 27.09355736 24.84029579 30.94550323
v 29.34429169 23.17566109 30.94550323
v 31.72808838 21.70789909 30.94550323
v 34.22777176 20.44758415 30.94550323
v 36.82533646 19.40379906 30.94550323
v 39.50205994 18.58406067 30.94550323
v 42.23865891 17.99428177 30.94550323
v 45.01541519 17.63870239 30.94550323
v 47.81232452 17.51989174 30.94550323
v 50.61225510 17.60317802 30.96194077
v 53.39201355 17.95914078 30.96194077
v 56.13157272 18.54955864 30.96194077
v 58.81118774 19.37018204 30.96194077
v 61.41156006 20.41509628 30.96194077
v 63.91394043 21.67677307 30.96194077
v 66.30031586 23.14612198 30.96194077
v 68.55348969 24.81255722 30.96194077
v 70.65721893 26.66406822 30.96194077
v 72.59634399 28.68732071 30.96194077
v 74.35690308 30.86773300 30.96194077
v 75.92621613 33.18959427 30.96194077
v 77.29295349 35.63618469 30.96194077
v 78.44728851 38.18986130 30.96194077
v 79.38089752 40.83223343 30.96194077
v 80.08705902 43.54426575 30.96194077
v 80.56067657 46.30641174 30.96194077
v 80.79833984 49.09877396 30.96194077
v 80.79833984 51.90123367 30.96194077
v 80.56067657 54.69359207 30.96194077
v 80.08705902 57.45574188 30.96194077
v 79.38089752 60.16777039 30.96194077
v 78.44728851 62.81014633 30.96194077
v 77.29295349 65.36382294 30.96194077
v 75.92621613 67.81040955 30.96194077
v 74.35690308 70.13227081 30.96194077
v 72.59634399 72.31268311 30.96194077
v 70.65721893 74.33592987 30.96194077
v 68.55348969 76.18744659 30.96194077
v 66.30031586 77.85388184 30.96194077
v 63.91394043 79.32323456 30.96194077
v 61.41156006 80.58490753 30.96194077
v 58.81118774 81.62982178 30.96194077
v 56.13157272 82.45044708 30.96194077
v 53.39201355 83.04086304 30.96194077
v 50.61225510 83.39682007 30.96194077
v 47.81232452 83.51576233 30.96194077
v 45.01239395 83.39682007 30.96194077
v 42.23263168 83.04086304 30.96194077
v 39.49307632 82.45044708 30.96194077
v 36.81346130 81.62982178 30.96194077
v 34.21308899 80.58490753 30.96194077
v 31.71070290 79.32323456 30.96194077
v 29.32432938 77.85388184 30.96194077
v 27.07115936 76.18744659 30.96194077
v 24.96743202 74.33592987 30.96194077
v 23.02830315 72.31268311 30.96194077
v 21.26774406 70.13227081 30.96194077
v 19.69843674 67.81040955 30.96194077
v 18.33169365 65.36382294 30.96194077
v 17.17735863 62.81014633 30.96194077
v 16.24374771 60.16777039 30.96194077
v 15.53759003 57.45574188 30.96194077
v 15.06397152 54.69359207 30.96194077
v 14.82630920 51.90123367 30.96194077
v 14.82630920 49.09877396 30.96194077
v 15.06397152 46.30641174 30.96194077
v 15.53759003 43.54426575 30.96194077
v 16.24374771 40.83223343 30.96194077
v 17.17735863 38.18986130 30.96194077
v 18.33169365 35.63618469 30.96194077
v 19.69843674 33.18959427 30.96194077
v 21.26774406 30.86773300 30.96194077
v 23.02830315 28.68732071 30.96194077
v 24.96743202 26.66406822 30.96194077
v 27.07115936 24.81255722 30.96194077
v 29.32432938 23.14612198 30.96194077
v 31.71070290 21.67677307 30.96194077
v 34.21308899 20.41509628 30.96194077
v 36.81346130 19.37018204 30.96194077
v 39.49307632 18.54955864 30.96194077
v 42.23263168 17.95914078 30.96194077
v 45.01239395 17.60317802 30.96194077
v 47.81232452 17.48423576 30.96194077
v 50.61538315 17.56647682 30.97552872
v 53.39823914 17.92283440 30.97552872
v 56.14085388 18.51391411 30.97552872
v 58.82345963 19.33545303 30.97552872
v 61.42672729 20.38153267 30.97552872
v 63.93191147 21.64461708 30.97552872
v 66.32094574 23.11560440 30.97552872
v 68.57662964 24.78389740 30.97552872
v 70.68270111 26.63747787 30.97552872
v 72.62400055 28.66298485 30.97552872
v 74.38652039 30.84583092 30.97552872
v 75.95757294 33.17028427 30.97552872
v 77.32584381 35.61959839 30.97552872
v 78.48146820 38.17612839 30.97552872
v 79.41611481 40.82144928 30.97552872
v 80.12306976 43.53650284 30.97552872
v 80.59720612 46.30173492 30.97552872
v 80.83514404 49.09720993 30.97552872
v 80.83514404 51.90279388 30.97552872
v 80.59720612 54.69826889 30.97552872
v 80.12306976 57.46350098 30.97552872
v 79.41611481 60.17855453 30.97552872
v 78.48146820 62.82387543 30.97552872
v 77.32584381 65.38040924 30.97552872
v 75.95757294 67.82971954 30.97552872
v 74.38652039 70.15417480 30.97552872
v 72.62400055 72.33701324 30.97552872
v 70.68270111 74.36252594 30.97552872
v 68.57662964 76.21610260 30.97552872
v 66.32094574 77.88439941 30.97552872
v 63.93191147 79.35539246 30.97552872
v 61.42672729 80.61846924 30.97552872
v 58.82345963 81.66455078 30.97552872
v 56.14085388 82.48609161 30.97552872
v 53.39823914 83.07717133 30.97552872
v 50.61538315 83.43352509 30.97552872
v 47.81232452 83.55259705 30.97552872
v 45.00926590 83.43352509 30.97552872
v 42.22640610 83.07717133 30.97552872
v 39.48379135 82.48609161 30.97552872
v 36.80118942 81.66455078 30.97552872
v 34.19791794 80.61846924 30.97552872
v 31.69273949 79.35539246 30.97552872
v 29.30370140 77.88439941 30.97552872
v 27.04802132 76.21610260 30.97552872
v 24.94194794 74.36252594 30.97552872
v 23.00065422 72.33701324 30.97552872
v 21.23812866 70.15417480 30.97552872
v 19.66707420 67.82971954 30.97552872
v 18.29880524 65.38040924 30.97552872
v 17.14318085 62.82387543 30.97552872
v 16.20853043 60.17855453 30.97552872
v 15.50158501 57.46350098 30.97552872
v 15.02743721 54.69826889 30.97552872
v 14.78950691 51.90279388 30.97552872
v 14.78950691 49.09720993 30.97552872
v 15.02743721 46.30173492 30.97552872
v 15.50158501 43.53650284 30.97552872
v 16.20853043 40.82144928 30.97552872
v 17.14318085 38.17612839 30.97552872
v 18.29880524 35.61959839 30.97552872
v 19.66707420 33.17028427 30.97552872
v 21.23812866 30.84583092 30.97552872
v 23.00065422 28.66298485 30.97552872
v 24.94194794 26.63747787 30.97552872
v 27.04802132 24.78389740 30.97552872
v 29.30370140 23.11560440 30.97552872
v 31.69273949 21.64461708 30.97552872
v 34.19791794 20.38153267 30.97552872
v 36.80118942 19.33545303 30.97552872
v 39.48379135 18.51391411 30.97552872
v 42.22640610 17.92283440 30.97552872
v 45.00926590 17.56647682 30.97552872
v 47.81232452 17.44740486 30.97552872
v 50.61858368 17.52882385 30.98618507
v 53.40462494 17.88559151 30.98618507
v 56.15037537 18.47734642 30.98618507
v 58.83604813 19.29982567 30.98618507
v 61.44229507 20.34710121 30.98618507
v 63.95033646 21.61162949 30.98618507
v 66.34210205 23.08429909 30.98618507
v 68.60036469 24.75449944 30.98618507
v 70.70884705 26.61019707 30.98618507
v 72.65235138 28.63802147 30.98618507
v 74.41690063 30.82336044 30.98618507
v 75.98975372 33.15047073 30.98618507
v 77.35958862 35.60258865 30.98618507
v 78.51652527 38.16203690 30.98618507
v 79.45224762 40.81038284 30.98618507
v 80.16000366 43.52854538 30.98618507
v 80.63468933 46.29693222 30.98618507
v 80.87289429 49.09560394 30.98618507
v 80.87289429 51.90439987 30.98618507
v 80.63468933 54.70307159 30.98618507
v 80.16000366 57.47146225 30.98618507
v 79.45224762 60.18962097 30.98618507
v 78.51652527 62.83796692 30.98618507
v 77.35958862 65.39742279 30.98618507
v 75.98975372 67.84953308 30.98618507
v 74.41690063 70.17664337 30.98618507
v 72.65235138 72.36198425 30.98618507
v 70.70884705 74.38980865 30.98618507
v 68.60036469 76.24549866 30.98618507
v 66.34210205 77.91570282 30.98618507
v 63.95033646 79.38837433 30.98618507
v 61.44229507 80.65290070 30.98618507
v 58.83604813 81.70017242 30.98618507
v 56.15037537 82.52265930 30.98618507
v 53.40462494 83.11441803 30.98618507
v 50.61858368 83.47117615 30.98618507
v 47.81232452 83.59038544 30.98618507
v 45.00606155 83.47117615 30.98618507
v 42.22002411 83.11441803 30.98618507
v 39.47426987 82.52265930 30.98618507
v 36.78860092 81.70017242 30.98618507
v 34.18235397 80.65290070 30.98618507
v 31.67431068 79.38837433 30.98618507
v 29.28254318 77.91570282 30.98618507
v 27.02428246 76.24549866 30.98618507
v 24.91580200 74.38980865 30.98618507
v 22.97229004 72.36198425 30.98618507
v 21.20775032 70.17664337 30.98618507
v 19.63489723 67.84953308 30.98618507
v 18.26506424 65.39742279 30.98618507
v 17.10811996 62.83796692 30.98618507
v 16.17239761 60.18962097 30.98618507
v 15.46464443 57.47146225 30.98618507
v 14.98995686 54.70307159 30.98618507
v 14.75175476 51.90439987 30.98618507
v 14.75175476 49.09560394 30.98618507
v 14.98995686 46.29693222 30.98618507
v 15.46464443 43.52854538 30.98618507
v 16.17239761 40.81038284 30.98618507
v 17.10811996 38.16203690 30.98618507
v 18.26506424 35.60258865 30.98618507
v 19.63489723 33.15047073 30.98618507
v 21.20775032 30.82336044 30.98618507
v 22.97229004 28.63802147 30.98618507
v 24.91580200 26.61019707 30.98618507
v 27.02428246 24.75449944 30.98618507
v 29.28254318 23.08429909 30.98618507
v 31.67431068 21.61162949 30.98618507
v 34.18235397 20.34710121 30.98618507
v 36.78860092 19.29982567 30.98618507
v 39.47426987 18.47734642 30.98618507
v 42.22002411 17.88559151 30.98618507
v 45.00606155 17.52882385 30.98618507
v 47.81232452 17.40961838 30.98618507
v 50.62184906 17.49045753 30.99384308
v 53.41113281 17.84764290 30.99384308
v 56.16007614 18.44008255 30.99384308
v 58.84887695 19.26351929 30.99384308
v 61.45815659 20.31201363 30.99384308
v 63.96912003 21.57801437 30.99384308
v 66.36366272 23.05239677 30.99384308
v 68.62455750 24.72454071 30.99384308
v 70.73548889 26.58239746 30.99384308
v 72.68126678 28.61258125 30.99384308
v 74.44785309 30.80046463 30.99384308
v 76.02253723 33.13028336 30.99384308
v 77.39396667 35.58525085 30.99384308
v 78.55226135 38.14768219 30.99384308
v 79.48906708 40.79910660 30.99384308
v 80.19764709 43.52043152 30.99384308
v 80.67288208 46.29204559 30.99384308
v 80.91136932 49.09397125 30.99384308
v 80.91136932 51.90602875 30.99384308
v 80.67288208 54.70796204 30.99384308
v 80.19764709 57.47957230 30.99384308
v 79.48906708 60.20089722 30.99384308
v 78.55226135 62.85232162 30.99384308
v 77.39396667 65.41474915 30.99384308
v 76.02253723 67.86972046 30.99384308
v 74.44785309 70.19953156 30.99384308
v 72.68126678 72.38742065 30.99384308
v 70.73548889 74.41760254 30.99384308
v 68.62455750 76.27545929 30.99384308
v 66.36366272 77.94760895 30.99384308
v 63.96912003 79.42198944 30.99384308
v 61.45815659 80.68799591 30.99384308
v 58.84887695 81.73648071 30.99384308
v 56.16007614 82.55992126 30.99384308
v 53.41113281 83.15235901 30.99384308
v 50.62184906 83.50955200 30.99384308
v 47.81232452 83.62889099 30.99384308
v 45.00279999 83.50955200 30.99384308
v 42.21351624 83.15235901 30.99384308
v 39.46456909 82.55992126 30.99384308
v 36.77577209 81.73648071 30.99384308
v 34.16649246 80.68799591 30.99384308
v 31.65553093 79.42198944 30.99384308
v 29.26098251 77.94760895 30.99384308
v 27.00009346 76.27545929 30.99384308
v 24.88915825 74.41760254 30.99384308
v 22.94338417 72.38742065 30.99384308
v 21.17679214 70.19953156 30.99384308
v 19.60210800 67.86972046 30.99384308
v 18.23068237 65.41474915 30.99384308
v 17.07239151 62.85232162 30.99384308
v 16.13558006 60.20089722 30.99384308
v 15.42700481 57.47957230 30.99384308
v 14.95176506 54.70796204 30.99384308
v 14.71328354 51.90602875 30.99384308
v 14.71328354 49.09397125 30.99384308
v 14.95176506 46.29204559 30.99384308
v 15.42700481 43.52043152 30.99384308
v 16.13558006 40.79910660 30.99384308
v 17.07239151 38.14768219 30.99384308
v 18.23068237 35.58525085 30.99384308
v 19.60210800 33.13028336 30.99384308
v 21.17679214 30.80046463 30.99384308
v 22.94338417 28.61258125 30.99384308
v 24.88915825 26.58239746 30.99384308
v 27.00009346 24.72454071 30.99384308
v 29.26098251 23.05239677 30.99384308
v 31.65553093 21.57801437 30.99384308
v 34.16649246 20.31201363 30.99384308
v 36.77577209 19.26351929 30.99384308
v 39.46456909 18.44008255 30.99384308
v 42.21351624 17.84764290 30.99384308
v 45.00279999 17.49045753 30.99384308
v 47.81232452 17.37111092 30.99384308
v 50.62515640 17.45161057 30.99845886
v 53.41772461 17.80921555 30.99845886
v 56.16990280 18.40235329 30.99845886
v 58.86186218 19.22675896 30.99845886
v 61.47421646 20.27648735 30.99845886
v 63.98813248 21.54397583 30.99845886
v 66.38549805 23.02009583 30.99845886
v 68.64904785 24.69420815 30.99845886
v 70.76247406 26.55425072 30.99845886
v 72.71052551 28.58682442 30.99845886
v 74.47920227 30.77728081 30.99845886
v 76.05573273 33.10984421 30.99845886
v 77.42877960 35.56769943 30.99845886
v 78.58843231 38.13314438 30.99845886
v 79.52635193 40.78769302 30.99845886
v 80.23575592 43.51221848 30.99845886
v 80.71155548 46.28709030 30.99845886
v 80.95031738 49.09231949 30.99845886
v 80.95031738 51.90768433 30.99845886
v 80.71155548 54.71291351 30.99845886
v 80.23575592 57.48778534 30.99845886
v 79.52635193 60.21231079 30.99845886
v 78.58843231 62.86685944 30.99845886
v 77.42877960 65.43230438 30.99845886
v 76.05573273 67.89015961 30.99845886
v 74.47920227 70.22271729 30.99845886
v 72.71052551 72.41317749 30.99845886
v 70.76247406 74.44575500 30.99845886
v 68.64904785 76.30579376 30.99845886
v 66.38549805 77.97990417 30.99845886
v 63.98813248 79.45603180 30.99845886
v 61.47421646 80.72351837 30.99845886
v 58.86186218 81.77324677 30.99845886
v 56.16990280 82.59764862 30.99845886
v 53.41772461 83.19078064 30.99845886
v 50.62515640 83.54839325 30.99845886
v 47.81232452 83.66787720 30.99845886
v 44.99949265 83.54839325 30.99845886
v 42.20692444 83.19078064 30.99845886
v 39.45474625 82.59764862 30.99845886
v 36.76278687 81.77324677 30.99845886
v 34.15043259 80.72351837 30.99845886
v 31.63651657 79.45603180 30.99845886
v 29.23914909 77.97990417 30.99845886
v 26.97559929 76.30579376 30.99845886
v 24.86218071 74.44575500 30.99845886
v 22.91411781 72.41317749 30.99845886
v 21.14544678 70.22271729 30.99845886
v 19.56891060 67.89015961 30.99845886
v 18.19586945 65.43230438 30.99845886
v 17.03621483 62.86685944 30.99845886
v 16.09830093 60.21231079 30.99845886
v 15.38889122 57.48778534 30.99845886
v 14.91309357 54.71291351 30.99845886
v 14.67433167 51.90768433 30.99845886
v 14.67433167 49.09231949 30.99845886
v 14.91309357 46.28709030 30.99845886
v 15.38889122 43.51221848 30.99845886
v 16.09830093 40.78769302 30.99845886
v 17.03621483 38.13314438 30.99845886
v 18.19586945 35.56769943 30.99845886
v 19.56891060 33.10984421 30.99845886
v 21.14544678 30.77728081 30.99845886
v 22.91411781 28.58682442 30.99845886
v 24.86218071 26.55425072 30.99845886
v 26.97559929 24.69420815 30.99845886
v 29.23914909 23.02009583 30.99845886
v 31.63651657 21.54397583 30.99845886
v 34.15043259 20.27648735 30.99845886
v 36.76278687 19.22675896 30.99845886
v 39.45474625 18.40235329 30.99845886
v 42.20692444 17.80921555 30.99845886
v 44.99949265 17.45161057 30.99845886
v 47.81232452 17.33212471 30.99845886
v 47.76874542 30.50190353 8.19999981
v 47.81232452 30.50000191 8.19999981
v 47.85590363 30.50190353 8.19999981
v 47.89915085 30.50759888 8.19999981
v 47.94173431 30.51703835 8.19999981
v 47.98333359 30.53015518 8.19999981
v 48.02363205 30.54684830 8.19999981
v 48.06232452 30.56698799 8.19999981
v 48.09911346 30.59042549 8.19999981
v 48.13371658 30.61697960 8.19999981
v 48.16587830 30.64644814 8.19999981
v 48.19534683 30.67860794 8.19999981
v 48.22190094 30.71321297 8.19999981
v 48.24533844 30.75000000 8.19999981
v 48.26548004 30.78869247 8.19999981
v 48.28216934 30.82899284 8.19999981
v 48.29528427 30.87059212 8.19999981
v 48.30472946 30.91317749 8.19999981
v 48.31042099 30.95642471 8.19999981
v 48.31232452 31.00000191 8.19999981
v 48.31042099 31.04357910 8.19999981
v 48.30472946 31.08682632 8.19999981
v 48.29528427 31.12940979 8.19999981
v 48.28216934 31.17101288 8.19999981
v 48.26548004 31.21131134 8.19999981
v 48.24533844 31.25000000 8.19999981
v 48.22190094 31.28679085 8.19999981
v 48.19534683 31.32139587 8.19999981
v 48.16587830 31.35355568 8.19999981
v 48.13371658 31.38302231 8.19999981
v 48.09911346 31.40957642 8.19999981
v 48.06232452 31.43301582 8.19999981
v 48.02363205 31.45315552 8.19999981
v 47.98333359 31.46984863 8.19999981
v 47.94173431 31.48296547 8.19999981
v 47.89915085 31.49240494 8.19999981
v 47.85590363 31.49809647 8.19999981
v 47.81232452 31.50000381 8.19999981
v 47.76874542 31.49809647 8.19999981
v 47.72549820 31.49240494 8.19999981
v 47.68291473 31.48296547 8.19999981
v 47.64131546 31.46984863 8.19999981
v 47.60101318 31.45315552 8.19999981
v 47.56232452 31.43301582 8.19999981
v 47.52553558 31.40957642 8.19999981
v 47.49093246 31.38302231 8.19999981
v 47.45877075 31.35355568 8.19999981
v 47.42930222 31.32139587 8.19999981
v 47.40274811 31.28679085 8.19999981
v 47.37931061 31.25000000 8.19999981
v 47.35916901 31.21131134 8.19999981
v 47.34247971 31.17101288 8.19999981
v 47.32936096 31.12940979 8.19999981
v 47.31991959 31.08682632 8.19999981
v 47.31422806 31.04357910 8.19999981
v 47.31232452 31.00000191 8.19999981
v 47.31422806 30.95642471 8.19999981
v 47.31991959 30.91317749 8.19999981
v 47.32936096 30.87059212 8.19999981
v 47.34247971 30.82899284 8.19999981
v 47.35916901 30.78869247 8.19999981
v 47.37931061 30.75000000 8.19999981
v 47.40274811 30.71321297 8.19999981
v 47.42930222 30.67860794 8.19999981
v 47.45877075 30.64644814 8.19999981
v 47.49093246 30.61697960 8.19999981
v 47.52553558 30.59042549 8.19999981
v 47.56232452 30.56698799 8.19999981
v 47.60101318 30.54684830 8.19999981
v 47.64131546 30.53015518 8.19999981
v 47.68291473 30.51703835 8.19999981
v 47.72549820 30.50759888 8.19999981
v 17.48423958 33.02978134 4.00105810
v 17.48424530 33.02976608 4.00082684
v 17.48425865 33.02974319 4.00036478
v 17.48426437 33.02973557 4.00013351
v 17.48425293 33.02975845 4.00059557
v 17.48427773 33.02970886 3.99967146
v 17.48428345 33.02969742 3.99943995
v 17.48427200 33.02972031 3.99990249
v 17.48429680 33.02967453 3.99897814
v 17.48430252 33.02966309 3.99874663
v 17.48429108 33.02968597 3.99920893
v 17.48431396 33.02964020 3.99828458
v 17.48430824 33.02965164 3.99851561
v 14.45060635 37.94741440 3.69827175
v 10.37761974 43.69382477 3.21016216
v 8.61797142 45.93390656 2.86562324
v 9.21006489 45.19511795 3.00784779
v 9.21886063 45.23989487 3.23181486
v 8.62225151 45.98199081 3.08285165
v 9.21103382 45.21489334 3.12048793
v 8.61688709 45.96107101 3.00213838
v 8.61704350 45.93597794 2.87935615
v 9.23349667 45.26997375 3.34118104
v 8.63392258 46.01325226 3.18903375
v 8.62493038 45.99245071 3.12320018
v 9.25486183 45.30495453 3.44795084
v 8.65187454 46.04910660 3.29285336
v 8.64111233 46.02988815 3.24169731
v 9.28282738 45.34463120 3.55150342
v 8.67601490 46.08937836 3.39376688
v 8.66532707 46.07313156 3.35680199
v 9.35788441 45.43714142 3.74657202
v 8.74233246 46.18229675 3.58478236
v 9.31723785 45.38877869 3.65123701
v 8.73710632 46.17577744 3.57365036
v 8.69739819 46.12187195 3.46771121
v 9.51473808 45.60457611 4.00078869
v 8.94366550 46.41149521 3.90718699
v 9.45692539 45.54535294 3.92185712
v 8.89901066 46.36452103 3.85445833
v 9.40453625 45.48943329 3.83695388
v 8.83826637 46.29752350 3.76770115
v 8.78417110 46.23446274 3.67388010
v 9.57764339 45.66675568 4.07328892
v 9.00640011 46.47577667 3.97291732
v 8.96598816 46.43497849 3.93354607
v 9.14427662 46.61024857 4.08422709
v 9.11671257 46.58430862 4.06656265
v 9.64527607 45.73153305 4.13893652
v 9.07338428 46.54214478 4.03203344
v 9.03872395 46.50841141 4.00441217
v 9.71724510 45.79853058 4.19735098
v 9.19941044 46.66213608 4.11956310
v 9.28623962 46.74135590 4.16304350
v 9.29627609 46.75024796 4.16678190
v 10.69960785 44.06676102 4.21432734
v 10.64942360 44.02003479 4.14785147
v 10.60298824 43.97563553 4.07718945
v 10.56048679 43.93375015 4.00262785
v 10.52208996 43.89453888 3.92446947
v 10.48795128 43.85816574 3.84303045
v 10.45821190 43.82477951 3.75864100
v 10.43299580 43.79451752 3.67164326
v 10.41239834 43.76749802 3.58238983
v 10.39651012 43.74382782 3.49124265
v 10.38539028 43.72360611 3.39857125
v 10.37908363 43.70691681 3.30475092
v 10.81037140 44.16643906 4.33366108
v 9.79312515 45.86735535 4.24819183
v 11.55107880 42.73166656 4.23476553
v 11.51274490 42.69656754 4.17144060
v 11.47739983 42.66339493 4.10539818
v 11.44514942 42.63224411 4.03683519
v 11.41609287 42.60320282 3.96595716
v 11.39031696 42.57636642 3.89297414
v 11.36789513 42.55180359 3.81810498
v 11.34889603 42.52959824 3.74157262
v 11.33337593 42.50980759 3.66360497
v 11.32138443 42.49250031 3.58443522
v 11.31295013 42.47771835 3.50429916
v 11.30810356 42.46551514 3.42343593
v 11.30685997 42.45592117 3.34208655
v 11.63625717 42.80718994 4.35251856
v 13.01941681 40.41482544 4.22041416
v 12.99764633 40.39508820 4.16762638
v 12.97768593 40.37652206 4.11370993
v 12.95956993 40.35914993 4.05875349
v 12.94332695 40.34300995 4.00284481
v 12.92898464 40.32811356 3.94607615
v 12.91656876 40.31450272 3.88853812
v 12.90609360 40.30219269 3.83032489
v 12.89757729 40.29119873 3.77153063
v 12.89103889 40.28153992 3.71225095
v 12.88648319 40.27323532 3.65258169
v 12.88392067 40.26629639 3.59261990
v 12.88335419 40.26073837 3.53246284
v 13.06825161 40.45767212 4.32226467
v 14.50864983 38.02025986 4.16657019
v 14.49901581 38.01113510 4.12887955
v 14.49024296 38.00254822 4.09085464
v 14.48232651 37.99450302 4.05252266
v 14.47527885 37.98701096 4.01391125
v 14.46910572 37.98007202 3.97504735
v 14.46380806 37.97369385 3.93595910
v 14.45939064 37.96788406 3.89667368
v 14.45585823 37.96263885 3.85721922
v 14.45321369 37.95796585 3.81762362
v 14.45145512 37.95386887 3.77791524
v 14.45058346 37.95035172 3.73812151
v 14.53044987 38.04009247 4.24084377
v 16.00071716 35.55656052 4.08955669
v 15.99847889 35.55384827 4.06983232
v 15.99646759 35.55126953 4.05006552
v 15.99468327 35.54882812 4.03025866
v 15.99312210 35.54652786 4.01041746
v 15.99179173 35.54436493 3.99054360
v 15.99068928 35.54233932 3.97064161
v 15.98980999 35.54045486 3.95071411
v 15.98916245 35.53870392 3.93076563
v 15.98874092 35.53709412 3.91079950
v 15.98854733 35.53562546 3.89081860
v 15.98858070 35.53430176 3.87082744
v 15.98884201 35.53311157 3.85082889
v 16.00587082 35.56239700 4.12886333
v 17.48422813 33.02980042 4.00152063
v 10.75332642 44.11562729 4.27634716
v 11.59229088 42.76857376 4.29518509
v 13.04296398 40.43569946 4.27198792
v 14.51912880 38.02991486 4.20390081
v 16.00317955 35.55941010 4.10923433
v 17.48423386 33.02978897 4.00128937
v 8.47204018 47.60377884 3.97955060
v 8.55650425 47.67892838 4.01862192
v 7.90736818 48.64038467 3.97462583
v 7.83801842 46.94469070 2.94394135
v 7.85617924 46.97441864 3.05837536
v 7.08791971 47.90332413 3.00856566
v 7.26797438 48.07464218 3.45156646
v 7.33032084 48.13161850 3.54716492
v 7.02927637 48.51508331 3.56066012
v 6.70059395 48.23223114 2.63073373
v 6.73501205 48.26184845 2.88822842
v 6.71354294 48.24337387 2.76047230
v 7.04386806 47.85580063 2.76203990
v 6.90188646 48.40545273 3.36036468
v 6.84859228 48.35959244 3.25000000
v 7.16334581 47.97697830 3.24064159
v 7.10240364 48.57801437 3.64906669
v 7.39877653 48.19349289 3.63524914
v 7.18109703 48.64573288 3.72872806
v 7.47283936 48.25981140 3.71518183
v 7.26474810 48.71772385 3.79903793
v 7.55197906 48.33009338 3.78638506
v 7.35272837 48.79343414 3.85946178
v 7.53896332 48.95370102 3.94888878
v 7.44436693 48.87229156 3.90953898
v 7.72315645 48.48050690 3.90061021
v 7.73413849 49.12165833 3.99429202
v 8.00270939 48.72244263 3.99584007
v 7.82357883 46.90263748 2.70906472
v 7.03404474 47.84230042 2.63557243
v 7.88149595 47.00970459 3.16983175
v 7.12182760 47.93700027 3.12684083
v 6.80279350 48.32017899 3.13392758
v 8.24011517 47.38954163 3.81059432
v 8.17160320 47.32337952 3.73822188
v 8.10824299 47.26055908 3.65854812
v 8.05043411 47.20148468 3.57208014
v 7.99854469 47.14652634 3.47936702
v 7.95290613 47.09603119 3.38099909
v 8.31333923 47.45862198 3.87520528
v 7.63561964 48.40383530 3.84834385
v 8.39081001 47.53018570 3.93164349
v 7.81396008 48.55954742 3.94280577
v 7.63579845 49.03703308 3.97721171
v 8.64367199 47.75516129 4.04860830
v 7.82712936 46.92071152 2.82725692
v 7.06187248 47.87619400 2.88667130
v 6.76483679 48.28751373 3.01303005
v 7.91380548 47.05033112 3.27760148
v 7.21218061 48.02297211 3.34914517
v 6.96226597 48.45741653 3.46418142
v 5.54856682 49.54748917 2.63073373
v 5.56131458 49.55885696 2.76047230
v 5.58245564 49.57770538 2.88822842
v 5.61182928 49.60388565 3.01303005
v 5.64920902 49.63721466 3.13392758
v 5.69431496 49.67742157 3.25000000
v 5.74679661 49.72420502 3.36036468
v 5.80625963 49.77721786 3.46418142
v 5.87225342 49.83604813 3.56066012
v 5.94426680 49.90024567 3.64906669
v 6.02176428 49.96932983 3.72872806
v 6.10414505 50.04277039 3.79903793
v 6.19078779 50.12000656 3.85946178
v 6.28103304 50.20045853 3.90953898
v 6.37419128 50.28350830 3.94888878
v 6.46955538 50.36852264 3.97721171
v 6.56639767 50.45485306 3.99429202
v 3.49523878 70.52359009 3.99429202
v 2.92196870 69.10158539 3.99429202
v 2.46756530 67.63726807 3.99429202
v 2.13510537 66.14053345 3.99429202
v 1.92683566 64.62153625 3.99429202
v 1.84417510 63.09055710 3.99429202
v 1.88767540 61.55796432 3.99429202
v 2.05704951 60.03414154 3.99429202
v 2.35114622 58.52939987 3.99429202
v 2.76797271 57.05393982 3.99429202
v 3.30470514 55.61774826 3.99429202
v 3.95771480 54.23055267 3.99429202
v 4.72257280 52.90174866 3.99429202
v 5.59410095 51.64033508 3.99429202
v 5.49048567 51.56225586 3.97721171
v 5.38845348 51.48537064 3.94888878
v 5.28878355 51.41026688 3.90953898
v 5.19222784 51.33750916 3.85946178
v 5.09952736 51.26765823 3.79903793
v 5.01138735 51.20124054 3.72872806
v 4.92847347 51.13875961 3.64906669
v 4.85142326 51.08069992 3.56066012
v 4.78081799 51.02749634 3.46418142
v 4.71719742 50.97955322 3.36036468
v 4.66104603 50.93724442 3.25000000
v 4.61278868 50.90087509 3.13392758
v 4.57279396 50.87074280 3.01303005
v 4.54136753 50.84706116 2.88822842
v 4.51874733 50.83001328 2.76047230
v 4.50510550 50.81973648 2.63073373
v 4.61288929 52.83245468 3.97721171
v 4.50488186 52.76422119 3.94888878
v 4.39937019 52.69756699 3.90953898
v 4.29715967 52.63299179 3.85946178
v 4.19903183 52.57099915 3.79903793
v 4.10572433 52.51205444 3.72872806
v 4.01795673 52.45660400 3.64906669
v 3.93639135 52.40507507 3.56066012
v 3.86165094 52.35785675 3.46418142
v 3.79430509 52.31531143 3.36036468
v 3.73486423 52.27775955 3.25000000
v 3.68377948 52.24548340 3.13392758
v 3.64144135 52.21873856 3.01303005
v 3.60817456 52.19771957 2.88822842
v 3.58423209 52.18259430 2.76047230
v 3.56978917 52.17347336 2.63073373
v 3.84270406 54.17051315 3.97721171
v 3.72945142 54.11139297 3.94888878
v 3.61881781 54.05363464 3.90953898
v 3.51164484 53.99768829 3.85946178
v 3.40874863 53.94396973 3.79903793
v 3.31091499 53.89289474 3.72872806
v 3.21888185 53.84485245 3.64906669
v 3.13335657 53.80020142 3.56066012
v 3.05498767 53.75929260 3.46418142
v 2.98436737 53.72242737 3.36036468
v 2.92203951 53.68988800 3.25000000
v 2.86847734 53.66192627 3.13392758
v 2.82408285 53.63875198 3.01303005
v 2.78920317 53.62054062 2.88822842
v 2.76409459 53.60743332 2.76047230
v 2.74895144 53.59952927 2.63073373
v 3.18514919 55.56736755 3.97721171
v 3.06741905 55.51775742 3.94888878
v 2.95240808 55.46929550 3.90953898
v 2.84099960 55.42234802 3.85946178
v 2.73403525 55.37727356 3.79903793
v 2.63233113 55.33441925 3.72872806
v 2.53666186 55.29410553 3.64906669
v 2.44775414 55.25663757 3.56066012
v 2.36628580 55.22230911 3.46418142
v 2.29287529 55.19137573 3.36036468
v 2.22808504 55.16407394 3.25000000
v 2.17240310 55.14060974 3.13392758
v 2.12625408 55.12116623 3.01303005
v 2.08999205 55.10588455 2.88822842
v 2.06389284 55.09488297 2.76047230
v 2.04815340 55.08825302 2.63073373
v 2.64467669 57.01356125 3.97721171
v 2.52326584 56.97380066 3.94888878
v 2.40465999 56.93495560 3.90953898
v 2.28976822 56.89733124 3.85946178
v 2.17946243 56.86120224 3.79903793
v 2.07457685 56.82685471 3.72872806
v 1.97591639 56.79454422 3.64906669
v 1.88422942 56.76451874 3.56066012
v 1.80021298 56.73700333 3.46418142
v 1.72451138 56.71221161 3.36036468
v 1.65769088 56.69032288 3.25000000
v 1.60026920 56.67152023 3.13392758
v 1.55267859 56.65593719 3.01303005
v 1.51528418 56.64368820 2.88822842
v 1.48836899 56.63487244 2.76047230
v 1.47213411 56.62955856 2.63073373
v 2.22494817 58.49929810 3.97721171
v 2.10067630 58.46965408 3.94888878
v 1.97928023 58.44069290 3.90953898
v 1.86168408 58.41263962 3.85946178
v 1.74878168 58.38570786 3.79903793
v 1.64142621 58.36009979 3.72872806
v 1.54044485 58.33601379 3.64906669
v 1.44659734 58.31362152 3.56066012
v 1.36060643 58.29310989 3.46418142
v 1.28311658 58.27462769 3.36036468
v 1.21472776 58.25830841 3.25000000
v 1.15595388 58.24429321 3.13392758
v 1.10724199 58.23266983 3.01303005
v 1.06896460 58.22353745 2.88822842
v 1.04141605 58.21696854 2.76047230
v 1.02480125 58.21300125 2.63073373
v 1.92880261 60.01451492 3.97721171
v 1.80251896 59.99518967 3.94888878
v 1.67915225 59.97631073 3.90953898
v 1.55964494 59.95802307 3.85946178
v 1.44490969 59.94046402 3.79903793
v 1.33581460 59.92376709 3.72872806
v 1.23319399 59.90806198 3.64906669
v 1.13782287 59.89346695 3.56066012
v 1.05043507 59.88009644 3.46418142
v 0.97168982 59.86804581 3.36036468
v 0.90219080 59.85741043 3.25000000
v 0.84245950 59.84826660 3.13392758
v 0.79296160 59.84069443 3.01303005
v 0.75406206 59.83473969 2.88822842
v 0.72606653 59.83045578 2.76047230
v 0.70918351 59.82787323 2.63073373
v 1.75825131 61.54895020 3.97721171
v 1.63080549 61.54007339 3.94888878
v 1.50630617 61.53140259 3.90953898
v 1.38569999 61.52300262 3.85946178
v 1.26990676 61.51493454 3.79903793
v 1.15980959 61.50727081 3.72872806
v 1.05624270 61.50005722 3.64906669
v 0.95999610 61.49335098 3.56066012
v 0.87180364 61.48721313 3.46418142
v 0.79233575 61.48167801 3.36036468
v 0.72219598 61.47678757 3.25000000
v 0.66191703 61.47259521 3.13392758
v 0.61196089 61.46911621 3.01303005
v 0.57270753 61.46638107 2.88822842
v 0.54445493 61.46440887 2.76047230
v 0.52741539 61.46322632 2.63073373
v 1.71444559 63.09221649 3.97721171
v 1.58670175 63.09384918 3.94888878
v 1.46190822 63.09544373 3.90953898
v 1.34102249 63.09698486 3.85946178
v 1.22495747 63.09847641 3.79903793
v 1.11460316 63.09988403 3.72872806
v 1.01079416 63.10121155 3.64906669
v 0.91432405 63.10243988 3.56066012
v 0.82592666 63.10357285 3.46418142
v 0.74626875 63.10459137 3.36036468
v 0.67596507 63.10548782 3.25000000
v 0.61554837 63.10626221 3.13392758
v 0.56547296 63.10690308 3.01303005
v 0.52612650 63.10740280 2.88822842
v 0.49780682 63.10776520 2.76047230
v 0.48072636 63.10798264 2.63073373
v 1.79768348 64.63385010 3.97721171
v 1.67050588 64.64598083 3.94888878
v 1.54626739 64.65783691 3.90953898
v 1.42591822 64.66931915 3.85946178
v 1.31036711 64.68033600 3.79903793
v 1.20050454 64.69081879 3.72872806
v 1.09715390 64.70067596 3.64906669
v 1.00111222 64.70983124 3.56066012
v 0.91310591 64.71823120 3.46418142
v 0.83380568 64.72579193 3.36036468
v 0.76381117 64.73247528 3.25000000
v 0.70366263 64.73821259 3.13392758
v 0.65381080 64.74296570 3.01303005
v 0.61463940 64.74669647 2.88822842
v 0.58644265 64.74938965 2.76047230
v 0.56944042 64.75101471 2.63073373
v 2.00740242 66.16342926 3.97721171
v 1.88165164 66.18598175 3.94888878
v 1.75880647 66.20800781 3.90953898
v 1.63980949 66.22933960 3.85946178
v 1.52555847 66.24982452 3.79903793
v 1.41692531 66.26931000 3.72872806
v 1.31474066 66.28762817 3.64906669
v 1.21977556 66.30465698 3.56066012
v 1.13275647 66.32025909 3.46418142
v 1.05434656 66.33431244 3.36036468
v 0.98513812 66.34672546 3.25000000
v 0.92566383 66.35739136 3.13392758
v 0.87637079 66.36622620 3.01303005
v 0.83763897 66.37316895 2.88822842
v 0.80976260 66.37816620 2.76047230
v 0.79295039 66.38118744 2.63073373
v 2.34217930 67.67058563 3.97721171
v 2.21870852 67.70339966 3.94888878
v 2.09809089 67.73545074 3.90953898
v 1.98125100 67.76649475 3.85946178
v 1.86907125 67.79630280 3.79903793
v 1.76240873 67.82464600 3.72872806
v 1.66207182 67.85131073 3.64906669
v 1.56883144 67.87609100 3.56066012
v 1.48338819 67.89879608 3.46418142
v 1.40639770 67.91925049 3.36036468
v 1.33844841 67.93731689 3.25000000
v 1.28005075 67.95282745 3.13392758
v 1.23165178 67.96569061 3.01303005
v 1.19362402 67.97579956 2.88822842
v 1.16625059 67.98307800 2.76047230
v 1.14974380 67.98745728 2.63073373
v 2.79974556 69.14510345 3.97721171
v 2.67939281 69.18795776 3.94888878
v 2.56181884 69.22982025 3.90953898
v 2.44792557 69.27037048 3.85946178
v 2.33857703 69.30930328 3.79903793
v 2.23460793 69.34632111 3.72872806
v 2.13680410 69.38114929 3.64906669
v 2.04591465 69.41350555 3.56066012
v 1.96262825 69.44316101 3.46418142
v 1.88758230 69.46987915 3.36036468
v 1.82134652 69.49346161 3.25000000
v 1.76442409 69.51373291 3.13392758
v 1.71724701 69.53053284 3.01303005
v 1.68017673 69.54372406 2.88822842
v 1.65349615 69.55322266 2.76047230
v 1.63740289 69.55895233 2.63073373
v 3.37700558 70.57701111 3.97721171
v 3.26058269 70.62960815 3.94888878
v 3.14685321 70.68099976 3.90953898
v 3.03667784 70.73077393 3.85946178
v 2.93090200 70.77857208 3.79903793
v 2.83032656 70.82401276 3.72872806
v 2.73571920 70.86676025 3.64906669
v 2.64779854 70.90648651 3.56066012
v 2.56723166 70.94288635 3.46418142
v 2.49463701 70.97569275 3.36036468
v 2.43056560 71.00463867 3.25000000
v 2.37550211 71.02951050 3.13392758
v 2.32986355 71.05014038 3.01303005
v 2.29400396 71.06633759 2.88822842
v 2.26819515 71.07800293 2.76047230
v 2.25263095 71.08503723 2.63073373
v 4.91580391 73.40931702 3.99429202
v 8.31842804 78.86392212 3.99459243
v 6.52401543 76.19482422 3.99429202
v 8.31284332 78.86792755 3.99429202
v 8.20746613 78.94361115 3.97721171
v 6.41386604 76.26336670 3.97721171
v 8.10369873 79.01812744 3.94888878
v 6.30539656 76.33087158 3.94888878
v 8.00232983 79.09093475 3.90953898
v 6.19943810 76.39681244 3.90953898
v 7.92996979 79.14290619 3.87263703
v 6.09679508 76.46068573 3.85946178
v 7.90413475 79.16146088 3.85946178
v 7.83962393 79.20779419 3.81811619
v 5.99824619 76.52202606 3.79903793
v 7.80985498 79.22917175 3.79903793
v 7.75323439 79.26983643 3.75462914
v 5.90454769 76.58032990 3.72872806
v 7.72021341 79.29354858 3.72872806
v 7.67139339 79.32861328 3.68260646
v 5.81640387 76.63519287 3.64906669
v 7.63589144 79.35411072 3.64906669
v 7.59464502 79.38372803 3.60253620
v 5.73449230 76.68616486 3.56066012
v 7.55752611 79.41039276 3.56066012
v 7.52351427 79.43481445 3.51496029
v 5.65943480 76.73287201 3.46418142
v 7.48572111 79.46195221 3.46418142
v 7.45847797 79.48152161 3.42047167
v 5.59179878 76.77497101 3.36036468
v 7.42101669 79.50842285 3.36036468
v 7.39998007 79.52353668 3.31970835
v 5.53210449 76.81211853 3.25000000
v 7.36390781 79.54943848 3.25000000
v 7.34841442 79.56056976 3.21335125
v 5.48080349 76.84403992 3.13392758
v 7.31483078 79.58468628 3.13392758
v 7.30412817 79.59237671 3.10211921
v 5.43828678 76.87049866 3.01303005
v 4.80136299 73.47043610 3.97721171
v 4.68866920 73.53061676 3.94888878
v 4.57858276 73.58941650 3.90953898
v 4.47194290 73.64636993 3.85946178
v 4.36955690 73.70104218 3.79903793
v 4.27220392 73.75303650 3.72872806
v 4.18062878 73.80194092 3.64906669
v 4.09552479 73.84738922 3.56066012
v 4.01754284 73.88903809 3.46418142
v 3.94727659 73.92656708 3.36036468
v 3.88525438 73.95968628 3.25000000
v 3.83195662 73.98815155 3.13392758
v 3.78778577 74.01174164 3.01303005
v 3.75307345 74.03028107 2.88822842
v 5.38083172 76.90625763 2.76047230
v 5.40487862 76.89128876 2.88822842
v 3.72809172 74.04362488 2.76047230
v 7.20531845 79.66333771 2.63073373
v 7.21919155 79.65337372 2.76047230
v 7.24219513 79.63685608 2.88822842
v 7.27415466 79.61389923 3.01303005
v 3.71302652 74.05167389 2.63073373
v 5.36633301 76.91527557 2.63073373
v 7.20507288 79.66351318 2.62385654
v 30.13587189 85.82106781 4.01932144
v 31.37167549 85.75213623 4.11773634
v 31.72678947 86.79779053 2.80072546
v 31.69061279 86.76849365 3.02448177
v 31.70930290 86.78739929 2.91325951
v 31.67082405 86.74116516 3.13374543
v 31.65005112 86.70555878 3.24041581
v 31.53586388 86.41242218 3.71389198
v 31.55964661 86.48533630 3.62906361
v 31.58308601 86.55146790 3.53876281
v 31.60605621 86.61043549 3.44351459
v 31.62842178 86.66190338 3.34387279
v 31.48785973 86.24799347 3.86519456
v 31.51188850 86.33315277 3.79275537
v 31.46390533 86.15743256 3.93078899
v 31.44017601 86.06199646 3.98915768
v 31.39392662 85.85876465 4.08290386
v 31.41680336 85.96224976 4.03996086
v 30.15857697 85.93881226 3.99268055
v 30.18152428 86.05389404 3.95634341
v 30.20455551 86.16552734 3.91055465
v 30.22751808 86.27297211 3.85562062
v 30.25025940 86.37550354 3.79190969
v 30.27262306 86.47243500 3.71984959
v 30.29446411 86.56312561 3.63992333
v 30.31563568 86.64695740 3.55266690
v 30.33599281 86.72337341 3.45866537
v 30.35540009 86.79183960 3.35854959
v 30.37372589 86.85193634 3.25299048
v 30.39085007 86.90322876 3.14269614
v 30.40665627 86.94538879 3.02840638
v 30.42103958 86.97812653 2.91088748
v 30.43390083 87.00123596 2.79092765
v 30.44515800 87.01453400 2.66933131
v 28.96690941 85.89790344 3.99429202
v 28.99102783 86.02537537 3.97721171
v 29.01478195 86.15090942 3.94888878
v 29.03798294 86.27353668 3.90953898
v 29.06045723 86.39231873 3.85946178
v 29.08203697 86.50636292 3.79903793
v 29.10255432 86.61481476 3.72872806
v 29.12185478 86.71681213 3.64906669
v 29.13979149 86.81161499 3.56066012
v 29.15622711 86.89847565 3.46418142
v 29.17103577 86.97675323 3.36036468
v 29.18410683 87.04582977 3.25000000
v 29.19534111 87.10520935 3.13392758
v 29.20464897 87.15441895 3.01303005
v 29.21196556 87.19306946 2.88822842
v 29.21723175 87.22090912 2.76047230
v 29.22040558 87.23768616 2.63073373
v 27.50528908 87.57748413 2.63070035
v 27.50546265 87.57831573 2.62386918
v 25.88188744 87.84586334 2.62386918
v 8.23055935 80.94962311 2.74689198
v 27.50177574 87.56053162 2.76036835
v 27.50234795 87.56330872 2.74689198
v 25.88002014 87.83065033 2.74689198
v 27.49598503 87.53262329 2.88802552
v 27.49718094 87.53839111 2.86822820
v 25.87691879 87.80538940 2.86822820
v 27.48796463 87.49395752 3.01270819
v 27.48999977 87.50375366 2.98704934
v 25.87260818 87.77028656 2.98704934
v 27.47777748 87.44481659 3.13347578
v 27.48084831 87.45962524 3.10254312
v 25.86711693 87.72554779 3.10254312
v 8.35265255 80.84569550 3.21392107
v 27.46549606 87.38560486 3.24941707
v 27.46979141 87.40631104 3.21392107
v 25.86048126 87.67150116 3.21392107
v 8.40098000 80.80457306 3.32042217
v 27.45121765 87.31674194 3.35965681
v 27.45690536 87.34416962 3.32042217
v 25.85274887 87.60851288 3.32042217
v 8.45583916 80.75788116 3.42131925
v 27.43504524 87.23876953 3.46336341
v 27.44227600 87.27363586 3.42131925
v 25.84397125 87.53701782 3.42131925
v 8.51685524 80.70594025 3.51592255
v 27.41710663 87.15225983 3.55975389
v 27.42600822 87.19518280 3.51592255
v 25.83420563 87.45749664 3.51592255
v 8.58361244 80.64912415 3.60358572
v 27.39753342 87.05787659 3.64810085
v 27.40820694 87.10934448 3.60358572
v 25.82352448 87.37048340 3.60358572
v 8.65565586 80.58781433 3.68371081
v 27.37647438 86.95633698 3.72773671
v 27.38899803 87.01670837 3.68371081
v 25.81199455 87.27658081 3.68371081
v 8.73249054 80.52241516 3.75574970
v 27.35408974 86.84839630 3.79805970
v 27.36850739 86.91791534 3.75574970
v 25.79970169 87.17644501 3.75574970
v 8.81359386 80.45339203 3.81921077
v 27.33054733 86.73486328 3.85853791
v 27.34688377 86.81362915 3.81921077
v 25.78672218 87.07073212 3.81921077
v 8.89840698 80.38120270 3.87366009
v 27.30602455 86.61661530 3.90871382
v 27.32426643 86.70457458 3.87366009
v 25.77314949 86.96018219 3.87366009
v 27.28070641 86.49452972 3.94820666
v 27.30081367 86.59148407 3.91872597
v 25.75907516 86.84555054 3.91872597
v 27.25478363 86.36952972 3.97671628
v 27.27668762 86.47514343 3.95410037
v 25.74459648 86.72761536 3.95410037
v 27.22845459 86.24256134 3.99402523
v 27.25204849 86.35633087 3.97954178
v 25.72981071 86.60717773 3.97954178
v 9.26292706 80.07095337 3.99487662
v 27.22706795 86.23587036 3.99487662
v 25.71481895 86.48506927 3.99487662
v 24.18720055 86.60908508 3.99487662
v 22.65455818 86.60707855 3.99487662
v 21.12726974 86.47904205 3.99487662
v 19.61568260 86.22586823 3.99487662
v 18.13002968 85.84925842 3.99487662
v 16.68037415 85.35176849 3.99487662
v 15.27653599 84.73676300 3.99487662
v 13.92801857 84.00840759 3.99487662
v 12.64395523 83.17163849 3.99487662
v 11.43304253 82.23211670 3.99487662
v 10.30348587 81.19622040 3.99487662
v 24.19210052 86.73201752 3.97954178
v 22.64933395 86.72998810 3.97954178
v 21.11195755 86.60110474 3.97954178
v 19.59038544 86.34626007 3.97954178
v 18.09491730 85.96717072 3.97954178
v 16.63568878 85.46638489 3.97954178
v 15.22257519 84.84731293 3.97954178
v 13.86515045 84.11415863 3.97954178
v 12.57260513 83.27185822 3.97954178
v 11.35369396 82.32613373 3.97954178
v 10.21667576 81.28339386 3.97954178
v 9.16924286 80.15068817 3.97954178
v 24.19693375 86.85324860 3.95410037
v 22.64418221 86.85121155 3.95410037
v 21.09685516 86.72151184 3.95410037
v 19.56543350 86.46500397 3.95410037
v 18.06028938 86.08345795 3.95410037
v 16.59161186 85.57943726 3.95410037
v 15.16935253 84.95635986 3.95410037
v 13.80314350 84.21845245 3.95410037
v 12.50223064 83.37069702 3.95410037
v 11.27543259 82.41886139 3.95410037
v 10.13105392 81.36936188 3.95410037
v 9.07684517 80.22932434 3.95410037
v 24.20166779 86.97198486 3.91872597
v 22.63913727 86.96992493 3.91872597
v 21.08206558 86.83940125 3.91872597
v 19.54100037 86.58129120 3.91872597
v 18.02637672 86.19733429 3.91872597
v 16.54845047 85.69013977 3.91872597
v 15.11723518 85.06314087 3.91872597
v 13.74242115 84.32058716 3.91872597
v 12.43332005 83.46749878 3.91872597
v 11.19879246 82.50965881 3.91872597
v 10.04720879 81.45355225 3.91872597
v 8.98636150 80.30633545 3.91872597
v 24.20626831 87.08737946 3.87366009
v 22.63423157 87.08531952 3.87366009
v 21.06768990 86.95399475 3.87366009
v 19.51725197 86.69431305 3.87366009
v 17.99341393 86.30802155 3.87366009
v 16.50650024 85.79774475 3.87366009
v 15.06657887 85.16693115 3.87366009
v 13.68340111 84.41986084 3.87366009
v 12.36633587 83.56158447 3.87366009
v 11.12430191 82.59791565 3.87366009
v 9.96571064 81.53539276 3.87366009
v 24.21070480 87.19867706 3.81921077
v 22.62950325 87.19659424 3.81921077
v 21.05382919 87.06450653 3.81921077
v 19.49434853 86.80330658 3.81921077
v 17.96162605 86.41477203 3.81921077
v 16.46604347 85.90151215 3.81921077
v 15.01772594 85.26702118 3.81921077
v 13.62648201 84.51560211 3.81921077
v 12.30173969 83.65232086 3.81921077
v 11.05246353 82.68303680 3.81921077
v 9.88711834 81.61431122 3.81921077
v 24.21494675 87.30509186 3.75574970
v 22.62498283 87.30300140 3.75574970
v 21.04057121 87.17018127 3.75574970
v 19.47244835 86.90753937 3.75574970
v 17.93123055 86.51684570 3.75574970
v 16.42735672 86.00074005 3.75574970
v 14.97101402 85.36273193 3.75574970
v 13.57205963 84.60713959 3.75574970
v 12.23997021 83.73907471 3.75574970
v 10.98376846 82.76441956 3.75574970
v 9.81196404 81.68977356 3.75574970
v 24.21896553 87.40590668 3.68371081
v 22.62069702 87.40380096 3.68371081
v 21.02801323 87.27028656 3.68371081
v 19.45170021 87.00627899 3.68371081
v 17.90243530 86.61353302 3.68371081
v 16.39070702 86.09474945 3.68371081
v 14.92675781 85.45340729 3.68371081
v 13.52049828 84.69386292 3.68371081
v 12.18145370 83.82126617 3.68371081
v 10.91869164 82.84152222 3.68371081
v 9.74076653 81.76126862 3.68371081
v 24.22273445 87.50043488 3.60358572
v 22.61668015 87.49832153 3.60358572
v 21.01623917 87.36416626 3.60358572
v 19.43224907 87.09886169 3.60358572
v 17.87543488 86.70420837 3.60358572
v 16.35634613 86.18289185 3.60358572
v 14.88526154 85.53842163 3.60358572
v 13.47215080 84.77518463 3.60358572
v 12.12658691 83.89833832 3.60358572
v 10.85767555 82.91381836 3.60358572
v 9.67401314 81.82829285 3.60358572
v 24.22622681 87.58802795 3.51592255
v 22.61295891 87.58591461 3.51592255
v 21.00532722 87.45114136 3.51592255
v 19.41422272 87.18465424 3.51592255
v 17.85041618 86.78822327 3.51592255
v 16.32450104 86.26456451 3.51592255
v 14.84681320 85.61721039 3.51592255
v 13.42735481 84.85053253 3.51592255
v 12.07574463 83.96974945 3.51592255
v 10.80113316 82.98081207 3.51592255
v 9.61215019 81.89041138 3.51592255
v 24.22941780 87.66809082 3.42131925
v 22.60955620 87.66596222 3.42131925
v 20.99535370 87.53063965 3.42131925
v 19.39774513 87.26306152 3.42131925
v 17.82754898 86.86502075 3.42131925
v 16.29539490 86.33921814 3.42131925
v 14.81166840 85.68921661 3.42131925
v 13.38640976 84.91941071 3.42131925
v 12.02927113 84.03502655 3.42131925
v 10.74945164 83.04203796 3.42131925
v 9.55561161 81.94718933 3.42131925
v 24.23228645 87.74007416 3.32042217
v 22.60649681 87.73793030 3.32042217
v 20.98638725 87.60212708 3.32042217
v 19.38293076 87.33355713 3.32042217
v 17.80698776 86.93405914 3.32042217
v 16.26922989 86.40633392 3.32042217
v 14.78007030 85.75394440 3.32042217
v 13.34959221 84.98133850 3.32042217
v 11.98749256 84.09370422 3.32042217
v 10.70298672 83.09709167 3.32042217
v 9.50477600 81.99822998 3.32042217
v 24.23481560 87.80348206 3.21392107
v 22.60380173 87.80133820 3.21392107
v 20.97849083 87.66509247 3.21392107
v 19.36988068 87.39566803 3.21392107
v 17.78887558 86.99488831 3.21392107
v 16.24617767 86.46546173 3.21392107
v 14.75223541 85.81098175 3.21392107
v 13.31716442 85.03588104 3.21392107
v 11.95068645 84.14540100 3.21392107
v 10.66205692 83.14559174 3.21392107
v 9.45999813 82.04319763 3.21392107
v 24.23698425 87.85788727 3.10254312
v 22.60149002 87.85574341 3.10254312
v 20.97171211 87.71911621 3.10254312
v 19.35868454 87.44895172 3.10254312
v 17.77333641 87.04707336 3.10254312
v 16.22640038 86.51618958 3.10254312
v 14.72835255 85.85990906 3.10254312
v 13.28934002 85.08267975 3.10254312
v 11.91910744 84.18975830 3.10254312
v 10.62693405 83.18719482 3.10254312
v 9.42157555 82.08177948 3.10254312
v 8.31118965 80.88098907 3.10254312
v 24.23878098 87.90291595 2.98704934
v 22.59957886 87.90076447 2.98704934
v 20.96610260 87.76383209 2.98704934
v 19.34941864 87.49305725 2.98704934
v 17.76047516 87.09026337 2.98704934
v 16.21002769 86.55818176 2.98704934
v 14.70858574 85.90041351 2.98704934
v 13.26630974 85.12142181 2.98704934
v 11.89297104 84.22647095 2.98704934
v 10.59786987 83.22163391 2.98704934
v 9.38977337 82.11371613 2.98704934
v 8.27687263 80.91020203 2.98704934
v 24.24018860 87.93826294 2.86822820
v 22.59807396 87.93610382 2.86822820
v 20.96170044 87.79893494 2.86822820
v 19.34214401 87.52767944 2.86822820
v 17.75037766 87.12416077 2.86822820
v 16.19717789 86.59114075 2.86822820
v 14.69307041 85.93221283 2.86822820
v 13.24823093 85.15183258 2.86822820
v 11.87245178 84.25529480 2.86822820
v 10.57505226 83.24866486 2.86822820
v 9.36481380 82.13877869 2.86822820
v 8.24993134 80.93312836 2.86822820
v 24.24120140 87.96368408 2.74689198
v 22.59699440 87.96152496 2.74689198
v 20.95853424 87.82418060 2.74689198
v 19.33691216 87.55256653 2.74689198
v 17.74311638 87.14854431 2.74689198
v 16.18793678 86.61483765 2.74689198
v 14.68190956 85.95507050 2.74689198
v 13.23523045 85.17369843 2.74689198
v 11.85769939 84.27602386 2.74689198
v 10.55864239 83.26810455 2.74689198
v 9.34686184 82.15680695 2.74689198
v 24.24181175 87.97900391 2.62386918
v 22.59634399 87.97684479 2.62386918
v 20.95662498 87.83939362 2.62386918
v 19.33375931 87.56758118 2.62386918
v 17.73873901 87.16323853 2.62386918
v 16.18236732 86.62912750 2.62386918
v 14.67518139 85.96884918 2.62386918
v 13.22739220 85.18687439 2.62386918
v 11.84880352 84.28850555 2.62386918
v 10.54875183 83.27983093 2.62386918
v 9.33603954 82.16767120 2.62386918
v 8.21888065 80.95955658 2.62386918
v 85.37339783 45.09551620 4.29764557
v 84.25486755 42.67059708 3.96425009
v 84.22536469 42.70010757 4.03553724
v 82.97912598 40.83625412 4.05704260
v 78.14041901 33.02980042 4.00152063
v 78.14033508 33.02964020 3.99828458
v 78.14034271 33.02965164 3.99851561
v 79.07952881 34.62107468 3.90533686
v 78.14039612 33.02974319 4.00036478
v 78.14039612 33.02975845 4.00059557
v 79.07828522 34.62939072 4.01975155
v 79.07434082 34.63594818 4.08303642
v 78.14038849 33.02973557 4.00013351
v 79.07879639 34.62824631 4.00706339
v 79.70889282 35.67375183 4.01082039
v 79.69467163 35.69098663 4.13510370
v 79.71384430 35.65932846 3.84318280
v 78.14038086 33.02972031 3.99990249
v 79.07920837 34.62715530 3.99436665
v 79.71039581 35.67141342 3.98995256
v 81.34169769 38.26970673 3.97242188
v 81.27249908 38.33662033 4.25268841
v 81.36288452 38.23362350 3.67905378
v 83.06674957 40.72422791 3.49564695
v 78.14037323 33.02970886 3.99967146
v 79.07953644 34.62611771 3.98166299
v 79.71163940 35.66922379 3.96905136
v 81.34770203 38.26261520 3.93105054
v 83.02838898 40.78530502 3.87631750
v 82.85516357 40.94853973 4.33353662
v 78.14036560 33.02969742 3.99943995
v 79.07976532 34.62513733 3.96895266
v 79.71263123 35.66718674 3.94812179
v 81.35272217 38.25616455 3.88944459
v 83.04042816 40.77125931 3.81426501
v 84.32312012 42.59577560 3.73835278
v 84.03141022 42.87779236 4.35233641
v 85.88536072 44.52182770 3.10606742
v 84.36581421 42.52088165 3.33571315
v 79.07976532 34.62177658 3.91806579
v 79.71410370 35.66059113 3.86419535
v 81.36286163 38.23682022 3.72133446
v 83.06604004 40.73048401 3.56008983
v 84.36454773 42.53062820 3.41772962
v 85.88399506 44.53813171 3.21027446
v 78.14035034 33.02966309 3.99874663
v 78.14035034 33.02967453 3.99897814
v 79.07990265 34.62253571 3.93079233
v 79.07994843 34.62334824 3.94351649
v 79.71411896 35.66201019 3.88519979
v 79.71387482 35.66358185 3.90619159
v 81.36181641 38.24067688 3.76354766
v 81.35978699 38.24519348 3.80565953
v 83.06304169 40.73833084 3.62429237
v 83.05776978 40.74774933 3.68813491
v 84.35963440 42.54303360 3.49924755
v 84.35105896 42.55805969 3.58002043
v 85.87676239 44.55886841 3.31344819
v 85.86370850 44.58391953 3.41507864
v 78.14035797 33.02968597 3.99920893
v 79.07990265 34.62421417 3.95623684
v 79.71337128 35.66530609 3.92716694
v 81.35675049 38.25035858 3.84763622
v 83.05022430 40.75873566 3.75149846
v 84.33888245 42.57565689 3.65980268
v 85.84488678 44.61317062 3.51466298
v 85.66853333 44.81663513 3.96514583
v 85.71423340 44.76895905 3.88289285
v 85.75489807 44.72455978 3.79628015
v 78.14040375 33.02976608 4.00082684
v 79.07767487 34.63059235 4.03243065
v 79.07698059 34.63184738 4.04509926
v 79.70514679 35.67889404 4.05244064
v 79.70289612 35.68169022 4.07318497
v 81.31780243 38.29473114 4.09479475
v 81.30789948 38.30430603 4.13489723
v 82.95841217 40.85607910 4.11509943
v 82.93561554 40.87725830 4.17188168
v 84.19261932 42.73176193 4.10445213
v 84.15674591 42.76546478 4.17078638
v 85.61804962 44.86736298 4.04263306
v 85.56300354 44.92088318 4.11497021
v 78.14041901 33.02978897 4.00128937
v 79.07531738 34.63452911 4.07040358
v 79.69766235 35.68773651 4.11452055
v 81.28524017 38.32525635 4.21387529
v 82.88394165 40.92353058 4.28120232
v 84.07601929 42.83858871 4.29491663
v 85.44038391 45.03524399 4.24279261
v 87.00667572 45.93390656 2.86562324
v 87.00760651 45.93597794 2.87935615
v 87.00775909 45.96107101 3.00213838
v 87.00239563 45.98199081 3.08285165
v 86.99971771 45.99245071 3.12320018
v 86.99073029 46.01325226 3.18903375
v 86.98352814 46.02988815 3.24169731
v 86.97277069 46.04910660 3.29285336
v 86.95932007 46.07313156 3.35680199
v 86.94863129 46.08937836 3.39376688
v 86.92725372 46.12187195 3.46771121
v 85.82038879 44.64647293 3.61170864
v 85.79035187 44.68366623 3.70573616
v 84.30381775 42.61835098 3.81543231
v 84.28104401 42.64331436 3.89080763
v 83.01414490 40.80083466 3.93754053
v 82.99771118 40.81782913 3.99781942
v 81.33470917 38.27742386 4.01352501
v 81.32673645 38.28577042 4.05432653
v 79.70714569 35.67624664 4.03165102
v 86.88753510 46.17577744 3.57365036
v 86.84047699 46.23446274 3.67388010
v 86.79239655 46.29051971 3.75728083
v 86.78638458 46.29752350 3.76770115
v 86.72563934 46.36452103 3.85445833
v 86.68097687 46.41149521 3.90718699
v 86.65865326 46.43497849 3.93354607
v 86.61824799 46.47577667 3.97291732
v 86.58592224 46.50841141 4.00441217
v 86.55126190 46.54214478 4.03203344
v 78.14041138 33.02978134 4.00105810
v 79.07620239 34.63315964 4.05775738
v 79.70040894 35.68463898 4.09387922
v 81.29704285 38.31448364 4.17460060
v 82.91077423 40.89975357 4.22728395
v 84.11782837 42.80110931 4.23433876
v 85.50368500 44.97693634 4.18180037
v 86.50793457 46.58430862 4.06656265
v 86.33840942 46.74135590 4.16304350
v 86.32836914 46.75024796 4.16678190
v 86.42523956 46.66213608 4.11956310
v 86.48036957 46.61024857 4.08422709
v 87.23948669 48.14772415 4.01932144
v 86.56188965 47.11194992 4.11773634
v 87.28990173 46.28158951 2.80072546
v 87.28261566 46.32756805 3.02448177
v 87.28964996 46.30192184 2.91325951
v 87.26884460 46.35837173 3.13374543
v 87.24839020 46.39415741 3.24041581
v 87.05161285 46.63961792 3.71389198
v 87.10287476 46.58257294 3.62906361
v 87.14842987 46.52920532 3.53876281
v 87.18800354 46.47982407 3.44351459
v 87.22139740 46.43472290 3.34387279
v 86.93322754 46.76340866 3.86519456
v 86.99496460 46.70001602 3.79275537
v 86.86677551 46.82943344 3.93078899
v 86.79598999 46.89769745 3.98915768
v 86.64310455 47.03937149 4.08290386
v 86.72129059 46.96781540 4.03996086
v 87.33010864 48.06918716 3.99268055
v 87.41829681 47.99177933 3.95634341
v 87.50346375 47.91601562 3.91055465
v 87.58502960 47.84240723 3.85562062
v 87.66246033 47.77144623 3.79190969
v 87.73522186 47.70360947 3.71984959
v 87.80283356 47.63935089 3.63992333
v 87.86484528 47.57910156 3.55266690
v 87.92084503 47.52326584 3.45866537
v 87.97045135 47.47222137 3.35854959
v 88.01332092 47.42630386 3.25299048
v 88.04918671 47.38582611 3.14269614
v 88.07778931 47.35105896 3.02840638
v 88.09896088 47.32223129 2.91088748
v 88.11252594 47.29954147 2.79092765
v 88.11841583 47.28314209 2.66933131
v 87.89050293 49.12165833 3.99429202
v 87.98885345 49.03703308 3.97721171
v 88.08567810 48.95370102 3.94888878
v 88.18028259 48.87229156 3.90953898
v 88.27191925 48.79343414 3.85946178
v 88.35990143 48.71772385 3.79903793
v 88.44355011 48.64573288 3.72872806
v 88.52223969 48.57801437 3.64906669
v 88.59537506 48.51508331 3.56066012
v 88.66238403 48.45741653 3.46418142
v 88.72276306 48.40545273 3.36036468
v 88.77605438 48.35959244 3.25000000
v 88.82186127 48.32017899 3.13392758
v 88.85980988 48.28751373 3.01303005
v 88.88963318 48.26184845 2.88822842
v 88.91110229 48.24337387 2.76047230
v 88.92404938 48.23223114 2.63073373
v 90.07608032 49.54748917 2.63073373
v 90.06333160 49.55885696 2.76047230
v 90.04219055 49.57770538 2.88822842
v 90.01281738 49.60388565 3.01303005
v 89.97544098 49.63721466 3.13392758
v 89.93033600 49.67742157 3.25000000
v 89.87785339 49.72420502 3.36036468
v 89.81838989 49.77721786 3.46418142
v 89.75238800 49.83604813 3.56066012
v 89.68038177 49.90024567 3.64906669
v 89.60289001 49.96932983 3.72872806
v 89.52050018 50.04277039 3.79903793
v 89.43386078 50.12000656 3.85946178
v 89.34361267 50.20045853 3.90953898
v 89.25045776 50.28350830 3.94888878
v 89.15509033 50.36852264 3.97721171
v 89.05825043 50.45485306 3.99429202
v 90.03054810 51.64033508 3.99429202
v 90.90207672 52.90174866 3.99429202
v 91.66693878 54.23055267 3.99429202
v 92.31994629 55.61774826 3.99429202
v 92.85667419 57.05393982 3.99429202
v 93.27350616 58.52939987 3.99429202
v 93.56759644 60.03414154 3.99429202
v 93.73697662 61.55796432 3.99429202
v 93.78047180 63.09055710 3.99429202
v 93.69781494 64.62153625 3.99429202
v 93.48954010 66.14053345 3.99429202
v 93.15708160 67.63726807 3.99429202
v 92.70268250 69.10158539 3.99429202
v 92.12940979 70.52359009 3.99429202
v 92.82490540 69.14510345 3.97721171
v 92.24764252 70.57701111 3.97721171
v 92.94525909 69.18795776 3.94888878
v 92.36406708 70.62960815 3.94888878
v 93.06283569 69.22982025 3.90953898
v 92.47779846 70.68099976 3.90953898
v 93.17671967 69.27037048 3.85946178
v 92.58796692 70.73077393 3.85946178
v 93.28606415 69.30930328 3.79903793
v 92.69374847 70.77857208 3.79903793
v 93.39003754 69.34632111 3.72872806
v 92.79431915 70.82401276 3.72872806
v 93.48784637 69.38114929 3.64906669
v 92.88893127 70.86676025 3.64906669
v 93.57873535 69.41350555 3.56066012
v 92.97685242 70.90648651 3.56066012
v 93.66202545 69.44316101 3.46418142
v 93.05741882 70.94288635 3.46418142
v 93.73706818 69.46987915 3.36036468
v 93.13000488 70.97569275 3.36036468
v 93.80329895 69.49346161 3.25000000
v 93.19408417 71.00463867 3.25000000
v 93.86022186 69.51373291 3.13392758
v 93.24914551 71.02951050 3.13392758
v 93.90740204 69.53053284 3.01303005
v 93.29478455 71.05014038 3.01303005
v 93.94447327 69.54372406 2.88822842
v 93.33064270 71.06633759 2.88822842
v 93.97114563 69.55322266 2.76047230
v 93.35645294 71.07800293 2.76047230
v 93.98724365 69.55895233 2.63073373
v 93.37201691 71.08503723 2.63073373
v 93.28247070 67.67058563 3.97721171
v 93.40593719 67.70339966 3.94888878
v 93.52655792 67.73545074 3.90953898
v 93.64339447 67.76649475 3.85946178
v 93.75556946 67.79630280 3.79903793
v 93.86223602 67.82464600 3.72872806
v 93.96257782 67.85131073 3.64906669
v 94.05581665 67.87609100 3.56066012
v 94.14125824 67.89879608 3.46418142
v 94.21825409 67.91925049 3.36036468
v 94.28620148 67.93731689 3.25000000
v 94.34460449 67.95282745 3.13392758
v 94.39299774 67.96569061 3.01303005
v 94.43103027 67.97579956 2.88822842
v 94.45840454 67.98307800 2.76047230
v 94.47490692 67.98745728 2.63073373
v 93.61724854 66.16342926 3.97721171
v 93.74299622 66.18598175 3.94888878
v 93.86584473 66.20800781 3.90953898
v 93.98484039 66.22933960 3.85946178
v 94.09909058 66.24982452 3.79903793
v 94.20771790 66.26931000 3.72872806
v 94.30991364 66.28762817 3.64906669
v 94.40487671 66.30465698 3.56066012
v 94.49188995 66.32025909 3.46418142
v 94.57030487 66.33431244 3.36036468
v 94.63951111 66.34672546 3.25000000
v 94.69898224 66.35739136 3.13392758
v 94.74827576 66.36622620 3.01303005
v 94.78701019 66.37316895 2.88822842
v 94.81488037 66.37816620 2.76047230
v 94.83169556 66.38118744 2.63073373
v 93.82696533 64.63385010 3.97721171
v 93.95414734 64.64598083 3.94888878
v 94.07837677 64.65783691 3.90953898
v 94.19873047 64.66931915 3.85946178
v 94.31427765 64.68033600 3.79903793
v 94.42414093 64.69081879 3.72872806
v 94.52749634 64.70067596 3.64906669
v 94.62353516 64.70983124 3.56066012
v 94.71154022 64.71823120 3.46418142
v 94.79084778 64.72579193 3.36036468
v 94.86083984 64.73247528 3.25000000
v 94.92098236 64.73821259 3.13392758
v 94.97084045 64.74296570 3.01303005
v 95.01000977 64.74669647 2.88822842
v 95.03820801 64.74938965 2.76047230
v 95.05520630 64.75101471 2.63073373
v 93.91020203 63.09221649 3.97721171
v 94.03794861 63.09384918 3.94888878
v 94.16274261 63.09544373 3.90953898
v 94.28362274 63.09698486 3.85946178
v 94.39968872 63.09847641 3.79903793
v 94.51004791 63.09988403 3.72872806
v 94.61385345 63.10121155 3.64906669
v 94.71031952 63.10243988 3.56066012
v 94.79872131 63.10357285 3.46418142
v 94.87837219 63.10459137 3.36036468
v 94.94867706 63.10548782 3.25000000
v 95.00910187 63.10626221 3.13392758
v 95.05917358 63.10690308 3.01303005
v 95.09852600 63.10740280 2.88822842
v 95.12683868 63.10776520 2.76047230
v 95.14392090 63.10798264 2.63073373
v 93.86639404 61.54895020 3.97721171
v 93.99384308 61.54007339 3.94888878
v 94.11833954 61.53140259 3.90953898
v 94.23895264 61.52300262 3.85946178
v 94.35474396 61.51493454 3.79903793
v 94.46483612 61.50727081 3.72872806
v 94.56840515 61.50005722 3.64906669
v 94.66464996 61.49335098 3.56066012
v 94.75284576 61.48721313 3.46418142
v 94.83231354 61.48167801 3.36036468
v 94.90245819 61.47678757 3.25000000
v 94.96273041 61.47259521 3.13392758
v 95.01268768 61.46911621 3.01303005
v 95.05194092 61.46638107 2.88822842
v 95.08020020 61.46440887 2.76047230
v 95.09722900 61.46322632 2.63073373
v 93.69584656 60.01451492 3.97721171
v 93.82212830 59.99518967 3.94888878
v 93.94549561 59.97631073 3.90953898
v 94.06500244 59.95802307 3.85946178
v 94.17973328 59.94046402 3.79903793
v 94.28883362 59.92376709 3.72872806
v 94.39144897 59.90806198 3.64906669
v 94.48682404 59.89346695 3.56066012
v 94.57421112 59.88009644 3.46418142
v 94.65296173 59.86804581 3.36036468
v 94.72245789 59.85741043 3.25000000
v 94.78218842 59.84826660 3.13392758
v 94.83168793 59.84069443 3.01303005
v 94.87058258 59.83473969 2.88822842
v 94.89858246 59.83045578 2.76047230
v 94.91546631 59.82787323 2.63073373
v 93.39970398 58.49929810 3.97721171
v 93.52397156 58.46965408 3.94888878
v 93.64536285 58.44069290 3.90953898
v 93.76296234 58.41263962 3.85946178
v 93.87586975 58.38570786 3.79903793
v 93.98321533 58.36009979 3.72872806
v 94.08420563 58.33601379 3.64906669
v 94.17804718 58.31362152 3.56066012
v 94.26404572 58.29310989 3.46418142
v 94.34152985 58.27462769 3.36036468
v 94.40991974 58.25830841 3.25000000
v 94.46869659 58.24429321 3.13392758
v 94.51741028 58.23266983 3.01303005
v 94.55568695 58.22353745 2.88822842
v 94.58322906 58.21696854 2.76047230
v 94.59984589 58.21300125 2.63073373
v 92.97996521 57.01356125 3.97721171
v 93.10137939 56.97380066 3.94888878
v 93.21998596 56.93495560 3.90953898
v 93.33488464 56.89733124 3.85946178
v 93.44518280 56.86120224 3.79903793
v 93.55007172 56.82685471 3.72872806
v 93.64873505 56.79454422 3.64906669
v 93.74041748 56.76451874 3.56066012
v 93.82443237 56.73700333 3.46418142
v 93.90013885 56.71221161 3.36036468
v 93.96696472 56.69032288 3.25000000
v 94.02437592 56.67152023 3.13392758
v 94.07196808 56.65593719 3.01303005
v 94.10936737 56.64368820 2.88822842
v 94.13628387 56.63487244 2.76047230
v 94.15251160 56.62955856 2.63073373
v 92.43949890 55.56736755 3.97721171
v 92.55722809 55.51775742 3.94888878
v 92.67224121 55.46929550 3.90953898
v 92.78364563 55.42234802 3.85946178
v 92.89060974 55.37727356 3.79903793
v 92.99231720 55.33441925 3.72872806
v 93.08798981 55.29410553 3.64906669
v 93.17689514 55.25663757 3.56066012
v 93.25836945 55.22230911 3.46418142
v 93.33177185 55.19137573 3.36036468
v 93.39656067 55.16407394 3.25000000
v 93.45224762 55.14060974 3.13392758
v 93.49839020 55.12116623 3.01303005
v 93.53465271 55.10588455 2.88822842
v 93.56075287 55.09488297 2.76047230
v 93.57649231 55.08825302 2.63073373
v 91.78194427 54.17051315 3.97721171
v 91.89519501 54.11139297 3.94888878
v 92.00583649 54.05363464 3.90953898
v 92.11300659 53.99768829 3.85946178
v 92.21589661 53.94396973 3.79903793
v 92.31373596 53.89289474 3.72872806
v 92.40576935 53.84485245 3.64906669
v 92.49129486 53.80020142 3.56066012
v 92.56966400 53.75929260 3.46418142
v 92.64028168 53.72242737 3.36036468
v 92.70261383 53.68988800 3.25000000
v 92.75616455 53.66192627 3.13392758
v 92.80056763 53.63875198 3.01303005
v 92.83544159 53.62054062 2.88822842
v 92.86054993 53.60743332 2.76047230
v 92.87569427 53.59952927 2.63073373
v 91.01176453 52.83245468 3.97721171
v 91.11976624 52.76422119 3.94888878
v 91.22528076 52.69756699 3.90953898
v 91.32749176 52.63299179 3.85946178
v 91.42561340 52.57099915 3.79903793
v 91.51892090 52.51205444 3.72872806
v 91.60668945 52.45660400 3.64906669
v 91.68826294 52.40507507 3.56066012
v 91.76300049 52.35785675 3.46418142
v 91.83034515 52.31531143 3.36036468
v 91.88978577 52.27775955 3.25000000
v 91.94086456 52.24548340 3.13392758
v 91.98320770 52.21873856 3.01303005
v 92.01647186 52.19771957 2.88822842
v 92.04042053 52.18259430 2.76047230
v 92.05485535 52.17347336 2.63073373
v 90.13415527 51.56225586 3.97721171
v 90.23619080 51.48537064 3.94888878
v 90.33586121 51.41026688 3.90953898
v 90.43241882 51.33750916 3.85946178
v 90.52512360 51.26765823 3.79903793
v 90.61325836 51.20124054 3.72872806
v 90.69617462 51.13875961 3.64906669
v 90.77322388 51.08069992 3.56066012
v 90.84382629 51.02749634 3.46418142
v 90.90745544 50.97955322 3.36036468
v 90.96360016 50.93724442 3.25000000
v 91.01185608 50.90087509 3.13392758
v 91.05185699 50.87074280 3.01303005
v 91.08328247 50.84706116 2.88822842
v 91.10590363 50.83001328 2.76047230
v 91.11954498 50.81973648 2.63073373
v 90.70884705 73.40931702 3.99429202
v 89.10063171 76.19482422 3.99429202
v 87.31180573 78.86792755 3.99429202
v 89.21077728 76.26336670 3.97721171
v 87.41718292 78.94361115 3.97721171
v 89.31925201 76.33087158 3.94888878
v 87.52095032 79.01812744 3.94888878
v 89.42520905 76.39681244 3.90953898
v 87.62231445 79.09093475 3.90953898
v 89.52785492 76.46068573 3.85946178
v 87.72051239 79.16146088 3.85946178
v 89.62640381 76.52202606 3.79903793
v 87.81479645 79.22917175 3.79903793
v 89.72010040 76.58032990 3.72872806
v 87.90444183 79.29354858 3.72872806
v 89.80824280 76.63519287 3.64906669
v 87.98875427 79.35411072 3.64906669
v 89.89015198 76.68616486 3.56066012
v 88.06712341 79.41039276 3.56066012
v 89.96520996 76.73287201 3.46418142
v 88.13892365 79.46195221 3.46418142
v 90.03284454 76.77497101 3.36036468
v 88.20362854 79.50842285 3.36036468
v 90.09253693 76.81211853 3.25000000
v 88.26074219 79.54943848 3.25000000
v 90.14384460 76.84403992 3.13392758
v 88.30981445 79.58468628 3.13392758
v 90.18635559 76.87049866 3.01303005
v 88.35048676 79.61389923 3.01303005
v 90.21976471 76.89128876 2.88822842
v 88.38245392 79.63685608 2.88822842
v 90.24382019 76.90625763 2.76047230
v 88.40545654 79.65337372 2.76047230
v 90.25831604 76.91527557 2.63073373
v 88.41933441 79.66333771 2.63073373
v 90.82328796 73.47043610 3.97721171
v 90.93597412 73.53061676 3.94888878
v 91.04606628 73.58941650 3.90953898
v 91.15270233 73.64636993 3.85946178
v 91.25508881 73.70104218 3.79903793
v 91.35244751 73.75303650 3.72872806
v 91.44401550 73.80194092 3.64906669
v 91.52912140 73.84738922 3.56066012
v 91.60710907 73.88903809 3.46418142
v 91.67736816 73.92656708 3.36036468
v 91.73939514 73.95968628 3.25000000
v 91.79268646 73.98815155 3.13392758
v 91.83686066 74.01174164 3.01303005
v 91.87157440 74.03028107 2.88822842
v 91.89655304 74.04362488 2.76047230
v 91.91162109 74.05167389 2.63073373
v 86.36695099 80.07540131 3.99429202
v 85.32601166 81.20108032 3.99429202
v 84.19602966 82.23737335 3.99429202
v 82.98467255 83.17723083 3.99429202
v 81.70014191 84.01431274 3.99429202
v 80.35112762 84.74293518 3.99429202
v 78.94676971 85.35815430 3.99429202
v 77.49657440 85.85584259 3.99429202
v 76.01037598 86.23258972 3.99429202
v 74.49823761 86.48585510 3.99429202
v 72.97038269 86.61393738 3.99429202
v 71.43717194 86.61595154 3.99429202
v 69.90898895 86.49188995 3.99429202
v 68.39618683 86.24259186 3.99429202
v 69.89318085 86.62065887 3.97721171
v 68.36984253 86.36963654 3.97721171
v 69.87761688 86.74746704 3.94888878
v 68.34390259 86.49472809 3.94888878
v 69.86241150 86.87133789 3.90953898
v 68.31855774 86.61692810 3.90953898
v 69.84767151 86.99133301 3.85946178
v 68.29401398 86.73530579 3.85946178
v 69.83353424 87.10654449 3.79903793
v 68.27043915 86.84896088 3.79903793
v 69.82007599 87.21607971 3.72872806
v 68.24802399 86.95702362 3.72872806
v 69.80742645 87.31912231 3.64906669
v 68.22695160 87.05867767 3.64906669
v 69.79567719 87.41489410 3.56066012
v 68.20735168 87.15315247 3.56066012
v 69.78490448 87.50263214 3.46418142
v 68.18940735 87.23971558 3.46418142
v 69.77519226 87.58170319 3.36036468
v 68.17323303 87.31771851 3.36036468
v 69.76662445 87.65148926 3.25000000
v 68.15895081 87.38656616 3.25000000
v 69.75926208 87.71146393 3.13392758
v 68.14668274 87.44572449 3.13392758
v 69.75315857 87.76116180 3.01303005
v 68.13651276 87.49475861 3.01303005
v 69.74836731 87.80021667 2.88822842
v 68.12852478 87.53328705 2.88822842
v 69.74491119 87.82833099 2.76047230
v 68.12277222 87.56102753 2.76047230
v 69.74282837 87.84528351 2.63073373
v 68.11930084 87.57774353 2.63073373
v 71.43200684 86.74558258 3.97721171
v 71.42691040 86.87323761 3.94888878
v 71.42194366 86.99794006 3.90953898
v 71.41712952 87.11874390 3.85946178
v 71.41250610 87.23471832 3.79903793
v 71.40811157 87.34500122 3.72872806
v 71.40397644 87.44873047 3.64906669
v 71.40013885 87.54514313 3.56066012
v 71.39661407 87.63347626 3.46418142
v 71.39344025 87.71307373 3.36036468
v 71.39063263 87.78332520 3.25000000
v 71.38822937 87.84370422 3.13392758
v 71.38623047 87.89373779 3.01303005
v 71.38466644 87.93305969 2.88822842
v 71.38353729 87.96135712 2.76047230
v 71.38285828 87.97842407 2.63073373
v 72.97589111 86.74355316 3.97721171
v 72.98131561 86.87119293 3.94888878
v 72.98661804 86.99588776 3.90953898
v 72.99174500 87.11667633 3.85946178
v 72.99667358 87.23264313 3.79903793
v 73.00136566 87.34290314 3.72872806
v 73.00577545 87.44663239 3.64906669
v 73.00986481 87.54302216 3.56066012
v 73.01361847 87.63134766 3.46418142
v 73.01699829 87.71092987 3.36036468
v 73.01998901 87.78118134 3.25000000
v 73.02255249 87.84155273 3.13392758
v 73.02468109 87.89158630 3.01303005
v 73.02635193 87.93090057 2.88822842
v 73.02754974 87.95919800 2.76047230
v 73.02828217 87.97626495 2.63073373
v 74.51438141 86.61458588 3.97721171
v 74.53028107 86.74134827 3.94888878
v 74.54581451 86.86518097 3.90953898
v 74.56086731 86.98513794 3.85946178
v 74.57530975 87.10031128 3.79903793
v 74.58904266 87.20981598 3.72872806
v 74.60196686 87.31282806 3.64906669
v 74.61397552 87.40854645 3.56066012
v 74.62498474 87.49626923 3.46418142
v 74.63489532 87.57531738 3.36036468
v 74.64364624 87.64507294 3.25000000
v 74.65116882 87.70503235 3.13392758
v 74.65740204 87.75472260 3.01303005
v 74.66230011 87.79376221 2.88822842
v 74.66583252 87.82186127 2.76047230
v 74.66795349 87.83881378 2.63073373
v 76.03705597 86.35955048 3.97721171
v 76.06332397 86.48458099 3.94888878
v 76.08898926 86.60671234 3.90953898
v 76.11385345 86.72502899 3.85946178
v 76.13771820 86.83861542 3.79903793
v 76.16041565 86.94662476 3.72872806
v 76.18176270 87.04822540 3.64906669
v 76.20159912 87.14263916 3.56066012
v 76.21977997 87.22916412 3.46418142
v 76.23616028 87.30712128 3.36036468
v 76.25061798 87.37592316 3.25000000
v 76.26303864 87.43505096 3.13392758
v 76.27333832 87.48406219 3.01303005
v 76.28142548 87.52257538 2.88822842
v 76.28725433 87.55029297 2.76047230
v 76.29077148 87.56700134 2.63073373
v 77.53359985 85.98017883 3.97721171
v 77.57006836 86.10262299 3.94888878
v 77.60569000 86.22222900 3.90953898
v 77.64019012 86.33810425 3.85946178
v 77.67331696 86.44934845 3.79903793
v 77.70481873 86.55512238 3.72872806
v 77.73445129 86.65461731 3.64906669
v 77.76197815 86.74708557 3.56066012
v 77.78721619 86.83181763 3.46418142
v 77.80994415 86.90816498 3.36036468
v 77.83001709 86.97554779 3.25000000
v 77.84725952 87.03346252 3.13392758
v 77.86155701 87.08145142 3.01303005
v 77.87277985 87.11917114 2.88822842
v 77.88086700 87.14630890 2.76047230
v 77.88574219 87.16268921 2.63073373
v 78.99389648 85.47903442 3.97721171
v 79.04030609 85.59806824 3.94888878
v 79.08563232 85.71434784 3.90953898
v 79.12954712 85.82698822 3.85946178
v 79.17170715 85.93512726 3.79903793
v 79.21179962 86.03795624 3.72872806
v 79.24951172 86.13468933 3.64906669
v 79.28455353 86.22457123 3.56066012
v 79.31666565 86.30693817 3.46418142
v 79.34559631 86.38115692 3.36036468
v 79.37113953 86.44666290 3.25000000
v 79.39308929 86.50296021 3.13392758
v 79.41128540 86.54962158 3.01303005
v 79.42557526 86.58628082 2.88822842
v 79.43585968 86.61267090 2.76047230
v 79.44207001 86.62858582 2.63073373
v 80.40802765 84.85951996 3.97721171
v 80.46406555 84.97433472 3.94888878
v 80.51881409 85.08649445 3.90953898
v 80.57183075 85.19513702 3.85946178
v 80.62274933 85.29944611 3.79903793
v 80.67115021 85.39862823 3.72872806
v 80.71669006 85.49192810 3.64906669
v 80.75900269 85.57863617 3.56066012
v 80.79778290 85.65808105 3.46418142
v 80.83272552 85.72967529 3.36036468
v 80.86356354 85.79285431 3.25000000
v 80.89007568 85.84715271 3.13392758
v 80.91204071 85.89215851 3.01303005
v 80.92929077 85.92751312 2.88822842
v 80.94171906 85.95297241 2.76047230
v 80.94921112 85.96832275 2.63073373
v 81.76644135 84.12583160 3.97721171
v 81.83172607 84.23564148 3.94888878
v 81.89550018 84.34291840 3.90953898
v 81.95728302 84.44683075 3.85946178
v 82.01660156 84.54660797 3.79903793
v 82.07300568 84.64147186 3.72872806
v 82.12605286 84.73071289 3.64906669
v 82.17536163 84.81363678 3.56066012
v 82.22054291 84.88963318 3.46418142
v 82.26124573 84.95810699 3.36036468
v 82.29717255 85.01854706 3.25000000
v 82.32804871 85.07047272 3.13392758
v 82.35364532 85.11352539 3.01303005
v 82.37375641 85.14735413 2.88822842
v 82.38822174 85.17169189 2.76047230
v 82.39695740 85.18637848 2.63073373
v 83.05992126 83.28292084 3.97721171
v 83.13401031 83.38699341 3.94888878
v 83.20639801 83.48866272 3.90953898
v 83.27651215 83.58715820 3.85946178
v 83.34383392 83.68170166 3.79903793
v 83.40784454 83.77161407 3.72872806
v 83.46804810 83.85618591 3.64906669
v 83.52400208 83.93478394 3.56066012
v 83.57527924 84.00679779 3.46418142
v 83.62149048 84.07169342 3.36036468
v 83.66226196 84.12897491 3.25000000
v 83.69730377 84.17819214 3.13392758
v 83.72634888 84.21899414 3.01303005
v 83.74917603 84.25104523 2.88822842
v 83.76559448 84.27412415 2.76047230
v 83.77550507 84.28803253 2.63073373
v 84.27971649 82.33651733 3.97721171
v 84.36212158 82.43415070 3.94888878
v 84.44261169 82.52951813 3.90953898
v 84.52059174 82.62190247 3.85946178
v 84.59545898 82.71060944 3.79903793
v 84.66664124 82.79494476 3.72872806
v 84.73360443 82.87428284 3.64906669
v 84.79582977 82.94800568 3.56066012
v 84.85285187 83.01556396 3.46418142
v 84.90422821 83.07644653 3.36036468
v 84.94958496 83.13017273 3.25000000
v 84.98854828 83.17634583 3.13392758
v 85.02085876 83.21460724 3.01303005
v 85.04623413 83.24468231 2.88822842
v 85.06449890 83.26633453 2.76047230
v 85.07552338 83.27938843 2.63073373
v 85.41755676 81.29301453 3.97721171
v 85.50770569 81.38353729 3.94888878
v 85.59577179 81.47196198 3.90953898
v 85.68108368 81.55763245 3.85946178
v 85.76299286 81.63986969 3.79903793
v 85.84086609 81.71807098 3.72872806
v 85.91413116 81.79164124 3.64906669
v 85.98220062 81.86000061 3.56066012
v 86.04459381 81.92263794 3.46418142
v 86.10079956 81.97908020 3.36036468
v 86.15041351 82.02890015 3.25000000
v 86.19305420 82.07172394 3.13392758
v 86.22838593 82.10720062 3.01303005
v 86.25616455 82.13507843 2.88822842
v 86.27614594 82.15515137 2.76047230
v 86.28820038 82.16725159 2.63073373
v 86.46574402 80.15948486 3.97721171
v 86.56303406 80.24229431 3.94888878
v 86.65807343 80.32318115 3.90953898
v 86.75013733 80.40154266 3.85946178
v 86.83853149 80.47676849 3.79903793
v 86.92256927 80.54830170 3.72872806
v 87.00164032 80.61559296 3.64906669
v 87.07509613 80.67812347 3.56066012
v 87.14242554 80.73542023 3.46418142
v 87.20308685 80.78705597 3.36036468
v 87.25662994 80.83263397 3.25000000
v 87.30265045 80.87178802 3.13392758
v 87.34078217 80.90424347 3.01303005
v 87.37074280 80.92974854 2.88822842
v 87.39231873 80.94810486 2.76047230
v 87.40532684 80.95917511 2.63073373
v 66.40423584 87.23768616 2.63073373
v 66.40740967 87.22090912 2.76047230
v 66.41268158 87.19306946 2.88822842
v 66.41999817 87.15441895 3.01303005
v 66.42930603 87.10520935 3.13392758
v 66.44053650 87.04582977 3.25000000
v 66.45361328 86.97675323 3.36036468
v 66.46841431 86.89847565 3.46418142
v 66.48485565 86.81161499 3.56066012
v 66.50279236 86.71681213 3.64906669
v 66.52209473 86.61481476 3.72872806
v 66.54261017 86.50636292 3.79903793
v 66.56418610 86.39231873 3.85946178
v 66.58666229 86.27353668 3.90953898
v 66.60986328 86.15090942 3.94888878
v 66.63362122 86.02537537 3.97721171
v 66.65773773 85.89790344 3.99429202
v 64.99711609 85.90707397 4.01862192
v 65.01954651 85.79346466 4.04860830
v 66.17771912 85.86491394 3.99584007
v 64.90469360 86.32577515 3.81059432
v 64.92790222 86.22782135 3.87520528
v 66.08534241 86.34212494 3.84834385
v 64.75505066 86.82626343 3.16983175
v 64.77407837 86.77796936 3.27760148
v 65.95181274 86.96456146 3.24064159
v 65.96722412 86.89927673 3.34914517
v 65.89982605 87.14388275 2.63557243
v 65.90660858 87.12862396 2.76203990
v 65.91526794 87.10282898 2.88667130
v 65.93795013 87.02050018 3.12684083
v 65.98407745 86.82511902 3.45156646
v 66.00225067 86.74263763 3.54716492
v 66.02159882 86.65241241 3.63524914
v 66.04200745 86.55511475 3.71518183
v 66.13102722 86.10983276 3.94280577
v 64.72048187 86.89642334 2.94394135
v 64.70516205 86.91783905 2.82725692
v 64.69129181 86.92994690 2.70906472
v 64.73715210 86.86582947 3.05837536
v 65.92574310 87.06671143 3.00856566
v 64.79410553 86.72126007 3.38099909
v 64.81501770 86.65647888 3.47936702
v 64.83666229 86.58406067 3.57208014
v 64.85892487 86.50445557 3.65854812
v 64.95114136 86.12493896 3.93164349
v 66.10797119 86.22798157 3.90061021
v 64.88165283 86.41818237 3.73822188
v 66.06330109 86.45143890 3.78638506
v 64.97426605 86.01779938 3.97955060
v 66.15432739 85.98851776 3.97462583
v 25.10967445 18.95736504 4.08422709
v 25.18218040 18.97916985 4.11956310
v 24.26567650 20.64552879 4.24279261
v 24.26079369 18.83974266 2.86562324
v 24.26212120 18.83790588 2.87935615
v 23.59855270 20.51687050 3.10606742
v 22.81058693 22.85453415 3.96425009
v 22.85089874 22.86533165 4.03553724
v 21.85987473 24.87653351 4.05704260
v 17.51863861 32.97019958 4.00152063
v 17.51861191 32.97024155 4.00059557
v 17.51861763 32.97023392 4.00082684
v 18.43633461 31.35811615 4.03243065
v 18.44264412 31.35832405 4.08303642
v 17.51860428 32.97025681 4.00036478
v 18.43499374 31.35819435 4.01975155
v 19.02716446 30.29015160 4.03165102
v 19.04616737 30.29358864 4.13510370
v 17.51859665 32.97026443 4.00013351
v 18.43374634 31.35832405 4.00706339
v 19.02412987 30.28988457 4.01082039
v 20.46607018 27.58005333 4.01352501
v 20.54844093 27.60433769 4.25268841
v 17.51854515 32.97035217 3.99828458
v 18.42716789 31.36126709 3.90533686
v 19.00916481 30.29281044 3.84318280
v 20.41404343 27.57755089 3.67905378
v 21.71904373 24.85666084 3.49564695
v 17.51859093 32.97027969 3.99990249
v 18.43259239 31.35851097 3.99436665
v 19.02135468 30.28976059 3.98995256
v 20.45588875 27.57785988 3.97242188
v 21.81168747 24.86391068 3.93754053
v 22.01909637 24.92774010 4.33353662
v 17.51858330 32.97028732 3.99967146
v 18.43153381 31.35874557 3.98166299
v 19.01883698 30.28977394 3.96905136
v 20.44674683 27.57620239 3.93105054
v 21.79111290 24.85933685 3.87631750
v 22.74086571 22.83826447 3.81543231
v 23.10175514 22.94445610 4.35233641
v 17.51855087 32.97034836 3.99851561
v 17.51855850 32.97033310 3.99874663
v 18.42765808 31.36071587 3.91806579
v 18.42824364 31.36021614 3.93079233
v 19.01012802 30.29195404 3.86419535
v 19.01135063 30.29123688 3.88519979
v 20.41683388 27.57598114 3.72133446
v 20.42069244 27.57494926 3.76354766
v 21.72481537 24.85414886 3.56008983
v 21.73310661 24.85282135 3.62429237
v 22.63453293 22.82953072 3.41772962
v 22.64773560 22.82758904 3.49924755
v 23.61335945 20.50989914 3.21027446
v 23.63492966 20.50579453 3.31344819
v 17.51856232 32.97032547 3.99897814
v 17.51856995 32.97031021 3.99920893
v 18.42892265 31.35976982 3.94351649
v 18.42970085 31.35937500 3.95623684
v 19.01283264 30.29066086 3.90619159
v 19.01457405 30.29022598 3.92716694
v 20.42561722 27.57445526 3.80565953
v 20.43160629 27.57449913 3.84763622
v 21.74390411 24.85267639 3.68813491
v 21.75718880 24.85371590 3.75149846
v 22.66502953 22.82749557 3.58002043
v 22.68636131 22.82924843 3.65980268
v 23.66315651 20.50457764 3.41507864
v 23.69789696 20.50625420 3.51466298
v 17.51857758 32.97030258 3.99943995
v 18.43056870 31.35903168 3.96895266
v 19.01657677 30.28992844 3.94812179
v 20.43865013 27.57508087 3.88944459
v 21.77293587 24.85593796 3.81426501
v 22.71166420 22.83283997 3.73835278
v 23.73898506 20.51081467 3.61170864
v 23.96228027 20.55724144 3.96514583
v 23.89813995 20.54150772 3.88289285
v 23.83935547 20.52848625 3.79628015
v 18.43777084 31.35808563 4.04509926
v 19.03045273 30.29055977 4.05244064
v 19.03400040 30.29110718 4.07318497
v 20.48951149 27.58603859 4.09479475
v 20.50275612 27.58982849 4.13489723
v 21.88739777 24.88456154 4.11509943
v 21.91713905 24.89371490 4.17188168
v 22.89468193 22.87785912 4.10445213
v 22.94180870 22.89208031 4.17078638
v 24.03145599 20.57560730 4.04263306
v 24.10532761 20.59651566 4.11497021
v 24.35136032 20.67339325 4.29764557
v 22.62545776 22.83331108 3.33571315
v 24.28377533 18.82522583 3.00213838
v 24.30457497 18.81940651 3.08285165
v 24.31497192 18.81650162 3.12320018
v 24.33748245 18.81388664 3.18903375
v 24.35548782 18.81179619 3.24169731
v 24.37751198 18.81150436 3.29285336
v 24.40504265 18.81114006 3.35680199
v 24.42445755 18.81227684 3.39376688
v 24.46329308 18.81454468 3.46771121
v 24.52982521 18.82198143 3.57365036
v 23.78621674 20.51823807 3.70573616
v 22.77387238 22.84550476 3.89080763
v 21.83462334 24.86964417 3.99781942
v 20.47727966 27.58278084 4.05432653
v 24.60418320 18.83339882 3.67388010
v 24.67677116 18.84701538 3.75728083
v 24.68584251 18.84871674 3.76770115
v 24.77423477 18.86782837 3.85445833
v 24.83724403 18.88300896 3.90718699
v 24.86874390 18.89060020 3.93354607
v 24.92428017 18.90519714 3.97291732
v 24.96870804 18.91687584 4.00441217
v 25.01524925 18.93002510 4.03203344
v 17.51862526 32.97021866 4.00105810
v 18.43930054 31.35811615 4.05775738
v 19.03780174 30.29179382 4.09387922
v 20.51699638 27.59414291 4.17460060
v 21.94904137 24.90397263 4.22728395
v 22.99213219 22.90795326 4.23433876
v 24.18353081 20.61986160 4.18180037
v 25.07342911 18.94646454 4.06656265
v 17.51863289 32.97021103 4.00128937
v 18.44092369 31.35819435 4.07040358
v 19.04185677 30.29262161 4.11452055
v 20.53223038 27.59897995 4.21387529
v 21.98304749 24.91532326 4.28120232
v 23.04549980 22.92543030 4.29491663
v 25.29419899 19.01475716 4.16304350
v 25.30691719 19.01900482 4.16678190
v 26.06160736 17.53121185 4.01932144
v 25.50340271 18.63591766 4.11773634
v 24.42028999 18.42062950 2.80072546
v 24.46374321 18.40394020 3.02448177
v 24.43802071 18.41067123 2.91325951
v 24.49731064 18.40047073 3.13374543
v 24.53852654 18.40028572 3.24041581
v 24.84948540 18.44796562 3.71389198
v 24.77445412 18.43210220 3.62906361
v 24.70545769 18.41933632 3.53876281
v 24.64290428 18.40974808 3.44351459
v 24.58715248 18.40338516 3.34387279
v 25.01588821 18.48860550 3.86519456
v 24.93012047 18.46683693 3.79275537
v 25.10629082 18.51313972 3.93078899
v 25.20080376 18.54030418 3.98915768
v 25.39993858 18.60187149 4.08290386
v 25.29887390 18.56993866 4.03996086
v 25.94828415 17.49200058 3.99268055
v 25.83715248 17.45433426 3.95634341
v 25.72895813 17.41846275 3.91055465
v 25.62442780 17.38462639 3.85562062
v 25.52425957 17.35305405 3.79190969
v 25.42912865 17.32395554 3.71984959
v 25.33967018 17.29752922 3.63992333
v 25.25648689 17.27394676 3.55266690
v 25.18013573 17.25337219 3.45866537
v 25.11112595 17.23593903 3.35854959
v 25.04992294 17.22176361 3.25299048
v 24.99693871 17.21094513 3.14269614
v 24.95252419 17.20355415 3.02840638
v 24.91698074 17.19964218 2.91088748
v 24.89054489 17.19923401 2.79092765
v 24.87339592 17.20232964 2.66933131
v 26.57955170 16.48044586 3.99429202
v 26.45709419 16.43759346 3.97721171
v 26.33650589 16.39539719 3.94888878
v 26.21870804 16.35418129 3.90953898
v 26.10459518 16.31424904 3.85946178
v 25.99503708 16.27591324 3.79903793
v 25.89086723 16.23945999 3.72872806
v 25.79287529 16.20517349 3.64906669
v 25.70180893 16.17330742 3.56066012
v 25.61836433 16.14410782 3.46418142
v 25.54317284 16.11779594 3.36036468
v 25.47681046 16.09457588 3.25000000
v 25.41977692 16.07461739 3.13392758
v 25.37250900 16.05808067 3.01303005
v 25.33536720 16.04508209 2.88822842
v 25.30863571 16.03572845 2.76047230
v 25.29251289 16.03008461 2.63073373
v 25.85554504 14.37477016 2.63073373
v 25.87176323 14.38012695 2.76047230
v 25.89865685 14.38901234 2.88822842
v 25.93601990 14.40135765 3.01303005
v 25.98356819 14.41706753 3.13392758
v 26.04094124 14.43602562 3.25000000
v 26.10770226 14.45808220 3.36036468
v 26.18334007 14.48307514 3.46418142
v 26.26728439 14.51081085 3.56066012
v 26.35889244 14.54107857 3.64906669
v 26.45746803 14.57364845 3.72872806
v 26.56225967 14.60827541 3.79903793
v 26.67247391 14.64468956 3.85946178
v 26.78726578 14.68262100 3.90953898
v 26.90576744 14.72177315 3.94888878
v 27.02707291 14.76185417 3.97721171
v 27.15026283 14.80255604 3.99429202
v 27.69076920 13.36778355 3.99429202
v 28.34742165 11.98230648 3.99429202
v 29.11577225 10.65551853 3.99429202
v 29.99061394 9.39640045 3.99429202
v 30.96602440 8.21347904 3.99429202
v 32.03539658 7.11476421 3.99429202
v 33.19149399 6.10770273 3.99429202
v 34.42647552 5.19910812 3.99429202
v 35.73199081 4.39513826 3.99429202
v 37.09918594 3.70123601 3.99429202
v 38.51881409 3.12210250 3.99429202
v 39.98124695 2.66165662 3.99429202
v 41.47659302 2.32302022 3.99429202
v 42.99472046 2.10848451 3.99429202
v 41.45316696 2.19541407 3.97721171
v 42.98186493 1.97938454 3.97721171
v 41.43009949 2.06975651 3.94888878
v 42.96920776 1.85225534 3.94888878
v 41.40756989 1.94700813 3.90953898
v 42.95684433 1.72806907 3.90953898
v 41.38573837 1.82809687 3.85946178
v 42.94487000 1.60776448 3.85946178
v 41.36478424 1.71393156 3.79903793
v 42.93337250 1.49226558 3.79903793
v 41.34486008 1.60538030 3.72872806
v 42.92243576 1.38244402 3.72872806
v 41.32611465 1.50327015 3.64906669
v 42.91215134 1.27913809 3.64906669
v 41.30869293 1.40837574 3.56066012
v 42.90259552 1.18313360 3.56066012
v 41.29273605 1.32142377 3.46418142
v 42.89383698 1.09516084 3.46418142
v 41.27835083 1.24306977 3.36036468
v 42.88594437 1.01589036 3.36036468
v 41.26565552 1.17391717 3.25000000
v 42.87897873 0.94592571 3.25000000
v 41.25474548 1.11448395 3.13392758
v 42.87299347 0.88579953 3.13392758
v 41.24570084 1.06523180 3.01303005
v 42.86803436 0.83597004 3.01303005
v 41.23859787 1.02652979 2.88822842
v 42.86413574 0.79681349 2.88822842
v 41.23348618 0.99867213 2.76047230
v 42.86132812 0.76863170 2.76047230
v 41.23040390 0.98187101 2.63073373
v 42.85963440 0.75163317 2.63073373
v 39.94741440 2.53640866 3.97721171
v 39.91408920 2.41307545 3.94888878
v 39.88154221 2.29259205 3.90953898
v 39.85000610 2.17587876 3.85946178
v 39.81973648 2.06382561 3.79903793
v 39.79095078 1.95727873 3.72872806
v 39.76387405 1.85705721 3.64906669
v 39.73871231 1.76391745 3.56066012
v 39.71565628 1.67857111 3.46418142
v 39.69487381 1.60166621 3.36036468
v 39.67654037 1.53378773 3.25000000
v 39.66078186 1.47545707 3.13392758
v 39.64772034 1.42711401 3.01303005
v 39.63745880 1.38912344 2.88822842
v 39.63006973 1.36178362 2.76047230
v 39.62561417 1.34529173 2.63073373
v 38.47479248 3.00006199 3.97721171
v 38.43144226 2.87988400 3.94888878
v 38.38909531 2.76248527 3.90953898
v 38.34807587 2.64875960 3.85946178
v 38.30868912 2.53957510 3.79903793
v 38.27124023 2.43575859 3.72872806
v 38.23601532 2.33810019 3.64906669
v 38.20328140 2.24734473 3.56066012
v 38.17327881 2.16418123 3.46418142
v 38.14625549 2.08924723 3.36036468
v 38.12239838 2.02310824 3.25000000
v 38.10189438 1.96626782 3.13392758
v 38.08490372 1.91916156 3.01303005
v 38.07155228 1.88214707 2.88822842
v 38.06193924 1.85550380 2.76047230
v 38.05614471 1.83943653 2.63073373
v 37.04528046 3.58323002 3.97721171
v 36.99219513 3.46702337 3.94888878
v 36.94033813 3.35350251 3.90953898
v 36.89011002 3.24353576 3.85946178
v 36.84187698 3.13795733 3.79903793
v 36.79602051 3.03757191 3.72872806
v 36.75288773 2.94313955 3.64906669
v 36.71279526 2.85538650 3.56066012
v 36.67606354 2.77497244 3.46418142
v 36.64296341 2.70251179 3.36036468
v 36.61374664 2.63855982 3.25000000
v 36.58864212 2.58359694 3.13392758
v 36.56783676 2.53804779 3.01303005
v 36.55148697 2.50225520 2.88822842
v 36.53971863 2.47649479 2.76047230
v 36.53262329 2.46095657 2.63073373
v 35.66856384 4.28196430 3.97721171
v 35.60610199 4.17051458 3.94888878
v 35.54508972 4.06164312 3.90953898
v 35.48598480 3.95618010 3.85946178
v 35.42923737 3.85492659 3.79903793
v 35.37528229 3.75865030 3.72872806
v 35.32452393 3.66808462 3.64906669
v 35.27735901 3.58392286 3.56066012
v 35.23413849 3.50680208 3.46418142
v 35.19519043 3.43731046 3.36036468
v 35.16081619 3.37597346 3.25000000
v 35.13127518 3.32326436 3.13392758
v 35.10679245 3.27957797 3.01303005
v 35.08755493 3.24525309 2.88822842
v 35.07370758 3.22054696 2.76047230
v 35.06536102 3.20564580 2.63073373
v 34.35395813 5.09152937 3.97721171
v 34.28254700 4.98559713 3.94888878
v 34.21278763 4.88211203 3.90953898
v 34.14521027 4.78186464 3.85946178
v 34.08032990 4.68561792 3.79903793
v 34.01863861 4.59410620 3.72872806
v 33.96060944 4.50802231 3.64906669
v 33.90668488 4.42802143 3.56066012
v 33.85726547 4.35471535 3.46418142
v 33.81274033 4.28866243 3.36036468
v 33.77343750 4.23036146 3.25000000
v 33.73966217 4.18025637 3.13392758
v 33.71166992 4.13873434 3.01303005
v 33.68967819 4.10610437 2.88822842
v 33.67384338 4.08262014 2.76047230
v 33.66429901 4.06845665 2.63073373
v 33.11037445 6.00645304 3.97721171
v 33.03049469 5.90674591 3.94888878
v 32.95246124 5.80934811 3.90953898
v 32.87687302 5.71499777 3.85946178
v 32.80429459 5.62441349 3.79903793
v 32.73528671 5.53828096 3.72872806
v 32.67037964 5.45725965 3.64906669
v 32.61005402 5.38196421 3.56066012
v 32.55477905 5.31297159 3.46418142
v 32.50496674 5.25080061 3.36036468
v 32.46100998 5.19593048 3.25000000
v 32.42322922 5.14877224 3.13392758
v 32.39192200 5.10969400 3.01303005
v 32.36731339 5.07898235 2.88822842
v 32.34960556 5.05688047 2.76047230
v 32.33892441 5.04354763 2.63073373
v 31.94622612 7.02052546 3.97721171
v 31.85842133 6.92772865 3.94888878
v 31.77264404 6.83707762 3.90953898
v 31.68955040 6.74926138 3.85946178
v 31.60977364 6.66495037 3.79903793
v 31.53391838 6.58478212 3.72872806
v 31.46256447 6.50937462 3.64906669
v 31.39625549 6.43929482 3.56066012
v 31.33549500 6.37507820 3.46418142
v 31.28074074 6.31721687 3.36036468
v 31.23241806 6.26614332 3.25000000
v 31.19088936 6.22225571 3.13392758
v 31.15647125 6.18587828 3.01303005
v 31.12942505 6.15729761 2.88822842
v 31.10995865 6.13672304 2.76047230
v 31.09821892 6.12431765 2.63073373
v 30.86940765 8.12689209 3.97721171
v 30.77426720 8.04162788 3.94888878
v 30.68132782 7.95833397 3.90953898
v 30.59129333 7.87764788 3.85946178
v 30.50485611 7.80018044 3.79903793
v 30.42266655 7.72652388 3.72872806
v 30.34535408 7.65723753 3.64906669
v 30.27350616 7.59284925 3.56066012
v 30.20767021 7.53384447 3.46418142
v 30.14834595 7.48068094 3.36036468
v 30.09598541 7.43375731 3.25000000
v 30.05098724 7.39343071 3.13392758
v 30.01369476 7.36000776 3.01303005
v 29.98439217 7.33374453 2.88822842
v 29.96329880 7.31484222 2.76047230
v 29.95057869 7.30344296 2.63073373
v 29.88720512 9.31805038 3.97721171
v 29.78537560 9.24089909 3.94888878
v 29.68590164 9.16552925 3.90953898
v 29.58953857 9.09252071 3.85946178
v 29.49702454 9.02242184 3.79903793
v 29.40905571 8.95577335 3.72872806
v 29.32630920 8.89307594 3.64906669
v 29.24940872 8.83481312 3.56066012
v 29.17894363 8.78142548 3.46418142
v 29.11544991 8.73331738 3.36036468
v 29.05940819 8.69085598 3.25000000
v 29.01124763 8.65436745 3.13392758
v 28.97133255 8.62412548 3.01303005
v 28.93996811 8.60036182 2.88822842
v 28.91739273 8.58325481 2.76047230
v 28.90377808 8.57294369 2.63073373
v 29.00626945 10.58593750 3.97721171
v 28.89844131 10.51741791 3.94888878
v 28.79310799 10.45048618 3.90953898
v 28.69106865 10.38564396 3.85946178
v 28.59310150 10.32339382 3.79903793
v 28.49995232 10.26420307 3.72872806
v 28.41232872 10.20852470 3.64906669
v 28.33090019 10.15678024 3.56066012
v 28.25628471 10.10936546 3.46418142
v 28.18904877 10.06663990 3.36036468
v 28.12970543 10.02893257 3.25000000
v 28.07870674 9.99652576 3.13392758
v 28.03644180 9.96967030 3.01303005
v 28.00322914 9.94856262 2.88822842
v 27.97932434 9.93337440 2.76047230
v 27.96490860 9.92421436 2.63073373
v 28.23257065 11.92196465 3.97721171
v 28.11947250 11.86254597 3.94888878
v 28.00899124 11.80449867 3.90953898
v 27.90196609 11.74826908 3.85946178
v 27.79921341 11.69428253 3.79903793
v 27.70151138 11.64295197 3.72872806
v 27.60960770 11.59466839 3.64906669
v 27.52419853 11.54979324 3.56066012
v 27.44593620 11.50867748 3.46418142
v 27.37541771 11.47162533 3.36036468
v 27.31317520 11.43892097 3.25000000
v 27.25968361 11.41081715 3.13392758
v 27.21535301 11.38752747 3.01303005
v 27.18051910 11.36922455 2.88822842
v 27.15544510 11.35605240 2.76047230
v 27.14032555 11.34810925 2.63073373
v 27.57134438 13.31708908 3.97721171
v 27.45374489 13.26716709 3.94888878
v 27.33886528 13.21840286 3.90953898
v 27.22757912 13.17116261 3.85946178
v 27.12073326 13.12581062 3.79903793
v 27.01914215 13.08268642 3.72872806
v 26.92358017 13.04211807 3.64906669
v 26.83477020 13.00442219 3.56066012
v 26.75339317 12.96987724 3.46418142
v 26.68006516 12.93874931 3.36036468
v 26.61534309 12.91127872 3.25000000
v 26.55972481 12.88766766 3.13392758
v 26.51362801 12.86809921 3.01303005
v 26.47740746 12.85272503 2.88822842
v 26.45133591 12.84165668 2.76047230
v 26.43561363 12.83498478 2.63073373
v 46.20410919 1.89586735 3.99429202
v 49.42053986 1.89586735 3.99429202
v 52.62992859 2.10848451 3.99429202
v 49.42482758 1.76620114 3.97721171
v 52.64278030 1.97938454 3.97721171
v 49.42905045 1.63851309 3.94888878
v 52.65544128 1.85225534 3.94888878
v 49.43317795 1.51377916 3.90953898
v 52.66780472 1.72806907 3.90953898
v 49.43717957 1.39294934 3.85946178
v 52.67977905 1.60776448 3.85946178
v 49.44101715 1.27694011 3.79903793
v 52.69127655 1.49226558 3.79903793
v 49.44466782 1.16663432 3.72872806
v 52.70220947 1.38244402 3.72872806
v 49.44809723 1.06287372 3.64906669
v 52.71249771 1.27913809 3.64906669
v 49.45129013 0.96644831 3.56066012
v 52.72205353 1.18313360 3.56066012
v 49.45421219 0.87809193 3.46418142
v 52.73080826 1.09516084 3.46418142
v 49.45684814 0.79847503 3.36036468
v 52.73870468 1.01589036 3.36036468
v 49.45917511 0.72820115 3.25000000
v 52.74567032 0.94592571 3.25000000
v 49.46117020 0.66781044 3.13392758
v 52.75165176 0.88579953 3.13392758
v 49.46282959 0.61776114 3.01303005
v 52.75661469 0.83597004 3.01303005
v 49.46413040 0.57843328 2.88822842
v 52.76051331 0.79681349 2.88822842
v 49.46506500 0.55012476 2.76047230
v 52.76332092 0.76863170 2.76047230
v 49.46562958 0.53305554 2.63073373
v 52.76501083 0.75163317 2.63073373
v 46.19982147 1.76620114 3.97721171
v 46.19559479 1.63851309 3.94888878
v 46.19146729 1.51377916 3.90953898
v 46.18746948 1.39294934 3.85946178
v 46.18363190 1.27694011 3.79903793
v 46.17998123 1.16663432 3.72872806
v 46.17654800 1.06287372 3.64906669
v 46.17335510 0.96644831 3.56066012
v 46.17043686 0.87809193 3.46418142
v 46.16779709 0.79847503 3.36036468
v 46.16547394 0.72820115 3.25000000
v 46.16347885 0.66781044 3.13392758
v 46.16181946 0.61776114 3.01303005
v 46.16051865 0.57843328 2.88822842
v 46.15958405 0.55012476 2.76047230
v 46.15901947 0.53305554 2.63073373
v 54.14805603 2.32302022 3.99429202
v 55.64340210 2.66165662 3.99429202
v 57.10583496 3.12210250 3.99429202
v 58.52546310 3.70123601 3.99429202
v 59.89265823 4.39513826 3.99429202
v 61.19816971 5.19910812 3.99429202
v 62.43315506 6.10770273 3.99429202
v 63.58925247 7.11476421 3.99429202
v 64.65863037 8.21347904 3.99429202
v 65.63403320 9.39640045 3.99429202
v 66.50887299 10.65551853 3.99429202
v 67.27722168 11.98230648 3.99429202
v 67.93387604 13.36778355 3.99429202
v 68.47438049 14.80255604 3.99429202
v 68.05330658 13.31708908 3.97721171
v 68.59757996 14.76185417 3.97721171
v 68.17090607 13.26716709 3.94888878
v 68.71887970 14.72177315 3.94888878
v 68.28578186 13.21840286 3.90953898
v 68.83737946 14.68262100 3.90953898
v 68.39706421 13.17116261 3.85946178
v 68.95217133 14.64468956 3.85946178
v 68.50391388 13.12581062 3.79903793
v 69.06239319 14.60827541 3.79903793
v 68.60550690 13.08268642 3.72872806
v 69.16718292 14.57364845 3.72872806
v 68.70106506 13.04211807 3.64906669
v 69.26575470 14.54107857 3.64906669
v 68.78987885 13.00442219 3.56066012
v 69.35736847 14.51081085 3.56066012
v 68.87125397 12.96987724 3.46418142
v 69.44130707 14.48307514 3.46418142
v 68.94458008 12.93874931 3.36036468
v 69.51694489 14.45808220 3.36036468
v 69.00930786 12.91127872 3.25000000
v 69.58370972 14.43602562 3.25000000
v 69.06492615 12.88766766 3.13392758
v 69.64108276 14.41706753 3.13392758
v 69.11102295 12.86809921 3.01303005
v 69.68862915 14.40135765 3.01303005
v 69.14724731 12.85272503 2.88822842
v 69.72599030 14.38901234 2.88822842
v 69.17331696 12.84165668 2.76047230
v 69.75288391 14.38012695 2.76047230
v 69.18903351 12.83498478 2.63073373
v 69.76909637 14.37477016 2.63073373
v 67.39208221 11.92196465 3.97721171
v 67.50517273 11.86254597 3.94888878
v 67.61566162 11.80449867 3.90953898
v 67.72267914 11.74826908 3.85946178
v 67.82543945 11.69428253 3.79903793
v 67.92313385 11.64295197 3.72872806
v 68.01503754 11.59466839 3.64906669
v 68.10044861 11.54979324 3.56066012
v 68.17871094 11.50867748 3.46418142
v 68.24922943 11.47162533 3.36036468
v 68.31147766 11.43892097 3.25000000
v 68.36495972 11.41081715 3.13392758
v 68.40929413 11.38752747 3.01303005
v 68.44412994 11.36922455 2.88822842
v 68.46920776 11.35605240 2.76047230
v 68.48432159 11.34810925 2.63073373
v 66.61838531 10.58593750 3.97721171
v 66.72621155 10.51741791 3.94888878
v 66.83154297 10.45048618 3.90953898
v 66.93357849 10.38564396 3.85946178
v 67.03154755 10.32339382 3.79903793
v 67.12469482 10.26420307 3.72872806
v 67.21231842 10.20852470 3.64906669
v 67.29374695 10.15678024 3.56066012
v 67.36836243 10.10936546 3.46418142
v 67.43560028 10.06663990 3.36036468
v 67.49494171 10.02893257 3.25000000
v 67.54594421 9.99652576 3.13392758
v 67.58821106 9.96967030 3.01303005
v 67.62141418 9.94856262 2.88822842
v 67.64532471 9.93337440 2.76047230
v 67.65973663 9.92421436 2.63073373
v 65.73744202 9.31805038 3.97721171
v 65.83927917 9.24089909 3.94888878
v 65.93875122 9.16552925 3.90953898
v 66.03511047 9.09252071 3.85946178
v 66.12762451 9.02242184 3.79903793
v 66.21559143 8.95577335 3.72872806
v 66.29833221 8.89307594 3.64906669
v 66.37524414 8.83481312 3.56066012
v 66.44570923 8.78142548 3.46418142
v 66.50920105 8.73331738 3.36036468
v 66.56523895 8.69085598 3.25000000
v 66.61339569 8.65436745 3.13392758
v 66.65331268 8.62412548 3.01303005
v 66.68467712 8.60036182 2.88822842
v 66.70725250 8.58325481 2.76047230
v 66.72087097 8.57294369 2.63073373
v 64.75524139 8.12689209 3.97721171
v 64.85037994 8.04162788 3.94888878
v 64.94332123 7.95833397 3.90953898
v 65.03335571 7.87764788 3.85946178
v 65.11978912 7.80018044 3.79903793
v 65.20198059 7.72652388 3.72872806
v 65.27928925 7.65723753 3.64906669
v 65.35114288 7.59284925 3.56066012
v 65.41697693 7.53384447 3.46418142
v 65.47629547 7.48068094 3.36036468
v 65.52866364 7.43375731 3.25000000
v 65.57366180 7.39343071 3.13392758
v 65.61095428 7.36000776 3.01303005
v 65.64025879 7.33374453 2.88822842
v 65.66134644 7.31484222 2.76047230
v 65.67406464 7.30344296 2.63073373
v 63.67842102 7.02052546 3.97721171
v 63.76622772 6.92772865 3.94888878
v 63.85200500 6.83707762 3.90953898
v 63.93510056 6.74926138 3.85946178
v 64.01487732 6.66495037 3.79903793
v 64.09072876 6.58478212 3.72872806
v 64.16208649 6.50937462 3.64906669
v 64.22839355 6.43929482 3.56066012
v 64.28915405 6.37507820 3.46418142
v 64.34391022 6.31721687 3.36036468
v 64.39223480 6.26614332 3.25000000
v 64.43376160 6.22225571 3.13392758
v 64.46817780 6.18587828 3.01303005
v 64.49522400 6.15729761 2.88822842
v 64.51468658 6.13672304 2.76047230
v 64.52642822 6.12431765 2.63073373
v 62.51427460 6.00645304 3.97721171
v 62.59415436 5.90674591 3.94888878
v 62.67218399 5.80934811 3.90953898
v 62.74777603 5.71499777 3.85946178
v 62.82035446 5.62441349 3.79903793
v 62.88935852 5.53828096 3.72872806
v 62.95426941 5.45725965 3.64906669
v 63.01459503 5.38196421 3.56066012
v 63.06986618 5.31297159 3.46418142
v 63.11967850 5.25080061 3.36036468
v 63.16363907 5.19593048 3.25000000
v 63.20141983 5.14877224 3.13392758
v 63.23272705 5.10969400 3.01303005
v 63.25733566 5.07898235 2.88822842
v 63.27503967 5.05688047 2.76047230
v 63.28572464 5.04354763 2.63073373
v 61.27069092 5.09152937 3.97721171
v 61.34210205 4.98559713 3.94888878
v 61.41186142 4.88211203 3.90953898
v 61.47943878 4.78186464 3.85946178
v 61.54431915 4.68561792 3.79903793
v 61.60601044 4.59410620 3.72872806
v 61.66403580 4.50802231 3.64906669
v 61.71796417 4.42802143 3.56066012
v 61.76737976 4.35471535 3.46418142
v 61.81190872 4.28866243 3.36036468
v 61.85121155 4.23036146 3.25000000
v 61.88498306 4.18025637 3.13392758
v 61.91297531 4.13873434 3.01303005
v 61.93497086 4.10610437 2.88822842
v 61.95080185 4.08262014 2.76047230
v 61.96035004 4.06845665 2.63073373
v 59.95608521 4.28196430 3.97721171
v 60.01854706 4.17051458 3.94888878
v 60.07955933 4.06164312 3.90953898
v 60.13866425 3.95618010 3.85946178
v 60.19541168 3.85492659 3.79903793
v 60.24936676 3.75865030 3.72872806
v 60.30012131 3.66808462 3.64906669
v 60.34729004 3.58392286 3.56066012
v 60.39051056 3.50680208 3.46418142
v 60.42945862 3.43731046 3.36036468
v 60.46382904 3.37597346 3.25000000
v 60.49337387 3.32326436 3.13392758
v 60.51785660 3.27957797 3.01303005
v 60.53709412 3.24525309 2.88822842
v 60.55093765 3.22054696 2.76047230
v 60.55928802 3.20564580 2.63073373
v 58.57936478 3.58323002 3.97721171
v 58.63245392 3.46702337 3.94888878
v 58.68430710 3.35350251 3.90953898
v 58.73453903 3.24353576 3.85946178
v 58.78277206 3.13795733 3.79903793
v 58.82862473 3.03757191 3.72872806
v 58.87176132 2.94313955 3.64906669
v 58.91185379 2.85538650 3.56066012
v 58.94858551 2.77497244 3.46418142
v 58.98168182 2.70251179 3.36036468
v 59.01090240 2.63855982 3.25000000
v 59.03600693 2.58359694 3.13392758
v 59.05681229 2.53804779 3.01303005
v 59.07316208 2.50225520 2.88822842
v 59.08493042 2.47649479 2.76047230
v 59.09202576 2.46095657 2.63073373
v 57.14985657 3.00006199 3.97721171
v 57.19320297 2.87988400 3.94888878
v 57.23555374 2.76248527 3.90953898
v 57.27657318 2.64875960 3.85946178
v 57.31595993 2.53957510 3.79903793
v 57.35340881 2.43575859 3.72872806
v 57.38863373 2.33810019 3.64906669
v 57.42136765 2.24734473 3.56066012
v 57.45136642 2.16418123 3.46418142
v 57.47839355 2.08924723 3.36036468
v 57.50225067 2.02310824 3.25000000
v 57.52275467 1.96626782 3.13392758
v 57.53974533 1.91916156 3.01303005
v 57.55309677 1.88214707 2.88822842
v 57.56270981 1.85550380 2.76047230
v 57.56850052 1.83943653 2.63073373
v 55.67723465 2.53640866 3.97721171
v 55.71055603 2.41307545 3.94888878
v 55.74310684 2.29259205 3.90953898
v 55.77463913 2.17587876 3.85946178
v 55.80491257 2.06382561 3.79903793
v 55.83369827 1.95727873 3.72872806
v 55.86077118 1.85705721 3.64906669
v 55.88593674 1.76391745 3.56066012
v 55.90899277 1.67857111 3.46418142
v 55.92977142 1.60166621 3.36036468
v 55.94810867 1.53378773 3.25000000
v 55.96386719 1.47545707 3.13392758
v 55.97692871 1.42711401 3.01303005
v 55.98719025 1.38912344 2.88822842
v 55.99457932 1.36178362 2.76047230
v 55.99903488 1.34529173 2.63073373
v 54.17148209 2.19541407 3.97721171
v 54.19454575 2.06975651 3.94888878
v 54.21707916 1.94700813 3.90953898
v 54.23890686 1.82809687 3.85946178
v 54.25986099 1.71393156 3.79903793
v 54.27978897 1.60538030 3.72872806
v 54.29853439 1.50327015 3.64906669
v 54.31595612 1.40837574 3.56066012
v 54.33191299 1.32142377 3.46418142
v 54.34629822 1.24306977 3.36036468
v 54.35899353 1.17391717 3.25000000
v 54.36990356 1.11448395 3.13392758
v 54.37894440 1.06523180 3.01303005
v 54.38605118 1.02652979 2.88822842
v 54.39115906 0.99867213 2.76047230
v 54.39424515 0.98187101 2.63073373
v 70.33213806 16.03008461 2.63073373
v 70.31601715 16.03572845 2.76047230
v 70.28928375 16.04508209 2.88822842
v 70.25213623 16.05808067 3.01303005
v 70.20487213 16.07461739 3.13392758
v 70.14784241 16.09457588 3.25000000
v 70.08147430 16.11779594 3.36036468
v 70.00627899 16.14410782 3.46418142
v 69.92283630 16.17330742 3.56066012
v 69.83177185 16.20517349 3.64906669
v 69.73377991 16.23945999 3.72872806
v 69.62960815 16.27591324 3.79903793
v 69.52005768 16.31424904 3.85946178
v 69.40594482 16.35418129 3.90953898
v 69.28813934 16.39539719 3.94888878
v 69.16755676 16.43759346 3.97721171
v 69.04509735 16.48044586 3.99429202
v 69.88335419 17.91400146 4.01862192
v 69.77375031 17.95137596 4.04860830
v 69.25654602 16.91264725 3.99584007
v 70.29216766 17.78469658 3.81059432
v 70.19572449 17.81356621 3.87520528
v 69.71600342 16.75403786 3.84834385
v 70.80042267 17.66404152 3.16983175
v 70.74909210 17.67170715 3.27760148
v 70.32181549 16.55846786 3.24064159
v 70.25756836 16.57776070 3.34914517
v 70.50309753 16.51382446 2.63557243
v 70.48649597 16.51558304 2.76203990
v 70.45983887 16.52097702 2.88667130
v 70.37719727 16.54249763 3.12684083
v 70.18492126 16.60024452 3.45156646
v 70.10440826 16.62575150 3.54716492
v 70.01659393 16.65410042 3.63524914
v 69.92213440 16.68507957 3.71518183
v 69.49198914 16.83063126 3.94280577
v 70.87847137 17.65889359 2.94394135
v 70.90467834 17.66145325 2.82725692
v 70.92210388 17.66741180 2.70906472
v 70.84364319 17.65976143 3.05837536
v 70.42330933 16.52997398 3.00856566
v 70.68995667 17.68271637 3.38099909
v 70.62341309 17.69699478 3.47936702
v 70.54986572 17.71445656 3.57208014
v 70.46980286 17.73497772 3.65854812
v 70.09501648 17.84487724 3.93164349
v 69.60584259 16.79151154 3.90061021
v 71.36433411 18.83955765 2.86564469
v 71.36210632 18.83807373 2.87930655
v 71.34651184 18.82770348 2.97497201
v 71.32112122 18.81896400 3.08308983
v 71.30881500 18.81687355 3.12295413
v 71.28829956 18.81338692 3.18940210
v 71.26826477 18.81219482 3.24136209
v 70.94821930 18.84682465 3.75761366
v 71.02046967 18.83339882 3.67388010
v 71.08693695 18.82305336 3.58508205
v 71.14727020 18.81584930 3.49170923
v 71.20114136 18.81182480 3.39427686
v 71.21879578 18.81151581 3.35642171
v 71.24822998 18.81100273 3.29332209
v 70.93852997 18.84887695 3.76738667
v 70.38372040 17.75844383 3.73822188
v 69.82169342 16.71847343 3.78638506
v 70.87060547 18.86325645 3.83582115
v 70.78804779 18.88261032 3.90807080
v 70.75540924 18.89092064 3.93277907
v 70.70100403 18.90477562 3.97396421
v 70.65547180 18.91720200 4.00355148
v 70.60993958 18.92962646 4.03313828
v 70.55083466 18.94675636 4.06571913
v 69.99066925 17.87842751 3.97955060
v 69.37527466 16.87110519 3.97462583
v 70.51538086 18.95703316 4.08526564
v 70.31783295 19.01888084 4.16727304
v 70.33032990 19.01487541 4.16262293
v 70.41783142 18.98683929 4.13005972
v 78.10602570 32.97021866 4.00105810
v 78.10603333 32.97023392 4.00082684
v 78.10604858 32.97025681 4.00036478
v 78.10605621 32.97026443 4.00013351
v 78.10604095 32.97024155 4.00059557
v 78.10606384 32.97028732 3.99967146
v 78.10607910 32.97030258 3.99943995
v 78.10606384 32.97027969 3.99990249
v 78.10608673 32.97032547 3.99897814
v 78.10608673 32.97033310 3.99874663
v 78.10607910 32.97031021 3.99920893
v 78.10610199 32.97035217 3.99828458
v 78.10609436 32.97034836 3.99851561
v 75.36404419 27.88420105 3.69827175
v 72.42399597 21.48368454 3.21016216
v 71.70761108 19.72190666 3.00784779
v 71.66444397 19.70713425 3.23181486
v 71.69001007 19.71285629 3.12048793
v 71.63107300 19.70477295 3.34118104
v 71.59010315 19.70578384 3.44795084
v 71.54175568 19.71016502 3.55150342
v 71.35549164 19.74316597 3.83695388
v 71.42411041 19.72891045 3.74657202
v 71.48631287 19.71788979 3.65123701
v 71.20068359 19.78103256 4.00078869
v 71.28087616 19.76057434 3.92185712
v 71.11537170 19.80442047 4.07328892
v 71.02545929 19.83060455 4.13893652
v 70.93145752 19.85943222 4.19735098
v 71.94003296 21.57606506 4.21432734
v 72.00558472 21.55597115 4.14785147
v 72.06726074 21.53795433 4.07718945
v 72.12478638 21.52208900 4.00262785
v 72.17794037 21.50844193 3.92446947
v 72.22650909 21.49706268 3.84303045
v 72.27028656 21.48800278 3.75864100
v 72.30910492 21.48129654 3.67164326
v 72.34280396 21.47697067 3.58238983
v 72.37125397 21.47504425 3.49124265
v 72.39432526 21.47552299 3.39857125
v 72.41192627 21.47840691 3.30475092
v 71.79832458 21.62215424 4.33366108
v 70.83391571 19.89073372 4.24819183
v 72.67052460 22.98101044 4.23476553
v 72.72007751 22.96535873 4.17144060
v 72.76647949 22.95133591 4.10539818
v 72.80959320 22.93898582 4.03683519
v 72.84926605 22.92834091 3.96595716
v 72.88539886 22.91943741 3.89297414
v 72.91787720 22.91230011 3.81810498
v 72.94660950 22.90695000 3.74157262
v 72.97150421 22.90340233 3.66360497
v 72.99249268 22.90167046 3.58443522
v 73.00950623 22.90175629 3.50429916
v 73.02249908 22.90366364 3.42343593
v 73.03143311 22.90738106 3.34208655
v 72.56253052 23.01701164 4.35251856
v 73.94279480 25.41104889 4.22041416
v 73.97077942 25.40206146 4.16762638
v 73.99683380 25.39406013 4.11370993
v 74.02093506 25.38705635 4.05875349
v 74.04303741 25.38106155 4.00284481
v 74.06311035 25.37608719 3.94607615
v 74.08110046 25.37213898 3.88853812
v 74.09700012 25.36922264 3.83032489
v 74.11078644 25.36734772 3.77153063
v 74.12241364 25.36651039 3.71225095
v 74.13188171 25.36671829 3.65258169
v 74.13917542 25.36796761 3.59261990
v 74.14427185 25.37025642 3.53246284
v 73.88047791 25.43231773 4.32105875
v 75.27193451 27.89804459 4.16657019
v 75.28465271 27.89426613 4.12887955
v 75.29647827 27.89096069 4.09085464
v 75.30739594 27.88812637 4.05252266
v 75.31741333 27.88577080 4.01391125
v 75.32650757 27.88389206 3.97504735
v 75.33468628 27.88249397 3.93595910
v 75.34192657 27.88157654 3.89667368
v 75.34822845 27.88113785 3.85721922
v 75.35359955 27.88118172 3.81762362
v 75.35803223 27.88170624 3.77791524
v 75.36151123 27.88271332 3.73812151
v 75.24354553 27.90716553 4.24044323
v 76.65953064 30.42206383 4.08955669
v 76.66299438 30.42148209 4.06983232
v 76.66623688 30.42102814 4.05006552
v 76.66923523 30.42070198 4.03025866
v 76.67201233 30.42050171 4.01041746
v 76.67455292 30.42043114 3.99054360
v 76.67685699 30.42048836 3.97064161
v 76.67893219 30.42067146 3.95071411
v 76.68076324 30.42098236 3.93076563
v 76.68237305 30.42142296 3.91079950
v 76.68374634 30.42198944 3.89081860
v 76.68487549 30.42268372 3.87082744
v 76.68576813 30.42350388 3.85082889
v 76.65190125 30.42360687 4.12886333
v 78.10601044 32.97019958 4.00152016
v 71.87084961 21.59815598 4.27634716
v 72.61795044 22.99824524 4.29518509
v 73.91294861 25.42100525 4.27198792
v 75.25833130 27.90229416 4.20390081
v 76.65583038 30.42277145 4.10923433
v 78.10601807 32.97021103 4.00128937
v 44.31232452 60.10000229 10.00000000
v 51.31232452 60.10000229 10.00000000
f 1 2 3
f 4 5 6
f 7 8 9
f 10 11 12
f 13 14 15
f 16 17 18
f 17 19 18
f 18 19 20
f 18 20 21
f 21 22 18
f 18 22 23
f 18 23 24
f 24 25 18
f 18 25 26
f 18 26 27
f 27 28 18
f 18 28 29
f 18 29 30
f 30 31 18
f 18 31 32
f 18 32 33
f 33 34 18
f 18 34 35
f 18 35 36
f 36 37 18
f 18 37 38
f 18 38 39
f 39 40 18
f 18 40 41
f 18 41 42
f 42 43 18
f 18 43 44
f 18 44 45
f 45 46 18
f 18 46 47
f 18 47 48
f 48 47 49
f 49 50 48
f 48 50 51
f 48 51 52
f 52 53 48
f 48 53 54
f 48 54 55
f 55 56 48
f 48 56 57
f 48 57 58
f 58 59 48
f 48 59 60
f 48 60 61
f 61 62 48
f 48 62 63
f 48 63 64
f 64 65 48
f 48 65 66
f 48 66 67
f 67 68 48
f 48 68 69
f 48 69 70
f 70 71 48
f 48 71 72
f 48 72 73
f 73 74 48
f 48 74 75
f 48 75 76
f 76 77 48
f 48 77 78
f 48 78 79
f 79 80 48
f 48 80 81
f 48 81 82
f 83 84 85
f 85 84 48
f 85 48 86
f 86 48 82
f 83 87 84
f 84 87 88
f 84 88 89
f 89 90 84
f 84 90 91
f 84 91 92
f 93 94 95
f 95 94 84
f 95 84 96
f 96 84 92
f 93 97 94
f 94 97 98
f 94 98 99
f 100 101 102
f 102 101 103
f 102 103 104
f 104 103 105
f 104 105 106
f 100 107 101
f 101 107 108
f 101 108 109
f 109 110 101
f 101 110 111
f 101 111 112
f 112 113 101
f 101 113 114
f 101 114 115
f 115 116 101
f 101 116 117
f 101 117 118
f 118 119 101
f 101 119 120
f 101 120 121
f 121 122 101
f 101 122 123
f 101 123 124
f 124 125 101
f 101 125 126
f 101 126 127
f 127 128 101
f 101 128 129
f 101 129 130
f 130 131 101
f 101 131 132
f 101 132 133
f 132 134 133
f 133 134 135
f 133 135 136
f 136 137 133
f 133 137 138
f 133 138 139
f 139 140 133
f 133 140 141
f 133 141 142
f 143 144 133
f 133 144 145
f 133 145 146
f 146 145 147
f 146 147 148
f 148 147 149
f 148 149 18
f 18 149 150
f 18 150 16
f 142 151 133
f 133 151 152
f 133 152 143
f 153 103 154
f 154 103 101
f 154 101 155
f 155 101 156
f 155 156 157
f 1 158 2
f 2 158 159
f 2 159 157
f 157 159 160
f 157 160 155
f 161 13 162
f 162 163 161
f 161 163 164
f 161 164 165
f 165 164 166
f 166 164 167
f 166 167 168
f 10 169 170
f 170 169 171
f 170 171 172
f 173 174 172
f 172 174 175
f 172 175 170
f 7 176 177
f 177 176 178
f 177 178 179
f 48 180 18
f 18 180 181
f 18 181 179
f 179 181 182
f 179 182 177
f 183 184 6
f 6 184 185
f 186 6 187
f 187 6 185
f 187 185 188
f 189 190 191
f 192 193 194
f 195 6 196
f 196 6 186
f 196 186 197
f 198 199 194
f 194 199 6
f 194 6 192
f 192 6 195
f 200 201 191
f 191 201 6
f 191 6 189
f 189 6 199
f 201 202 6
f 6 202 203
f 6 203 204
f 205 206 207
f 208 205 209
f 209 205 6
f 209 6 210
f 210 6 204
f 205 207 6
f 6 207 211
f 6 211 212
f 213 214 215
f 212 216 6
f 6 216 217
f 6 217 218
f 219 4 215
f 215 4 6
f 215 6 213
f 213 6 218
f 213 218 220
f 99 221 94
f 94 221 222
f 94 222 6
f 6 222 223
f 6 223 183
f 183 223 224
f 7 9 176
f 176 9 225
f 176 225 226
f 226 225 227
f 226 227 228
f 227 229 228
f 228 229 230
f 228 230 231
f 231 230 232
f 231 232 233
f 233 232 234
f 233 234 235
f 235 234 236
f 235 236 237
f 237 236 238
f 237 238 239
f 239 238 240
f 239 240 241
f 241 240 242
f 241 242 243
f 243 242 244
f 243 244 245
f 245 244 246
f 245 246 247
f 247 246 248
f 247 248 249
f 249 248 250
f 249 250 251
f 251 250 252
f 251 252 253
f 252 254 253
f 253 254 255
f 253 255 256
f 256 255 257
f 256 257 258
f 258 257 259
f 258 259 260
f 260 259 261
f 260 261 262
f 262 261 263
f 262 263 264
f 264 263 265
f 264 265 266
f 266 265 267
f 266 267 268
f 268 267 269
f 268 269 270
f 270 269 271
f 270 271 272
f 272 271 273
f 272 273 274
f 274 273 275
f 274 275 276
f 276 275 277
f 276 277 173
f 173 277 278
f 173 278 174
f 10 12 169
f 169 12 279
f 169 279 280
f 279 281 280
f 280 281 282
f 280 282 283
f 283 282 284
f 283 284 285
f 285 284 286
f 285 286 167
f 167 286 287
f 167 287 168
f 13 15 162
f 162 15 288
f 162 288 289
f 289 288 290
f 289 290 291
f 291 290 292
f 291 292 293
f 293 292 294
f 293 294 295
f 295 294 296
f 295 296 297
f 297 296 298
f 297 298 299
f 299 298 300
f 299 300 301
f 301 300 302
f 301 302 303
f 303 302 304
f 303 304 305
f 305 304 306
f 305 306 307
f 307 306 308
f 307 308 309
f 309 308 310
f 309 310 311
f 311 310 312
f 311 312 313
f 312 314 313
f 313 314 315
f 313 315 316
f 316 315 317
f 316 317 318
f 318 317 319
f 318 319 320
f 320 319 321
f 320 321 322
f 322 321 323
f 322 323 324
f 324 323 325
f 324 325 326
f 326 325 327
f 326 327 328
f 328 327 329
f 328 329 330
f 330 329 331
f 330 331 332
f 332 331 333
f 332 333 334
f 334 333 335
f 334 335 336
f 336 335 337
f 336 337 3
f 3 337 338
f 3 338 1
f 339 279 340
f 341 342 343
f 344 252 345
f 346 347 348
f 349 350 351
f 351 350 352
f 350 180 352
f 352 180 353
f 352 353 354
f 354 353 84
f 354 84 355
f 355 84 356
f 355 356 357
f 357 356 358
f 357 358 5
f 359 360 361
f 361 360 362
f 361 362 363
f 364 365 366
f 361 349 359
f 359 349 351
f 359 351 367
f 367 351 366
f 367 366 368
f 368 366 365
f 368 365 369
f 369 365 370
f 369 370 371
f 372 312 348
f 348 312 373
f 374 375 371
f 371 375 376
f 371 376 369
f 377 378 379
f 380 381 382
f 382 381 383
f 384 385 374
f 385 386 374
f 374 386 387
f 374 387 375
f 375 387 388
f 375 388 389
f 389 388 390
f 389 390 391
f 379 378 392
f 383 393 382
f 382 393 394
f 382 394 374
f 374 394 395
f 374 395 384
f 378 396 392
f 392 396 397
f 392 397 398
f 373 399 379
f 379 399 400
f 379 400 377
f 401 402 403
f 403 402 14
f 403 14 404
f 382 405 406
f 406 407 382
f 382 407 408
f 382 408 409
f 382 410 411
f 397 412 398
f 398 412 413
f 398 413 414
f 414 413 415
f 414 415 403
f 403 415 416
f 403 416 401
f 409 417 382
f 382 417 418
f 382 418 410
f 411 419 382
f 382 419 420
f 382 420 380
f 421 422 423
f 423 422 424
f 423 424 425
f 426 427 428
f 428 427 429
f 423 391 421
f 421 391 390
f 421 390 430
f 430 390 431
f 430 431 432
f 433 434 153
f 435 436 437
f 437 436 438
f 437 438 439
f 429 440 428
f 428 440 441
f 428 441 442
f 439 443 437
f 437 443 158
f 437 158 444
f 444 158 445
f 444 445 446
f 446 445 447
f 446 447 448
f 448 447 337
f 448 337 442
f 449 450 153
f 153 450 451
f 153 451 433
f 452 453 153
f 153 453 454
f 153 454 455
f 432 456 430
f 430 456 457
f 430 457 153
f 153 457 458
f 153 458 449
f 434 459 153
f 153 459 460
f 153 460 452
f 455 461 437
f 461 462 437
f 437 462 463
f 437 463 435
f 455 437 153
f 153 437 464
f 153 464 465
f 465 464 466
f 465 466 105
f 105 466 467
f 105 467 106
f 428 468 469
f 469 470 428
f 428 470 471
f 428 471 472
f 473 426 474
f 474 426 428
f 474 428 475
f 475 428 472
f 475 472 476
f 477 478 428
f 428 478 479
f 428 479 480
f 481 482 483
f 483 482 484
f 484 485 483
f 483 485 486
f 483 486 487
f 480 488 428
f 428 488 489
f 428 489 490
f 428 491 492
f 487 493 483
f 483 493 494
f 483 494 495
f 496 497 498
f 498 497 499
f 498 499 500
f 490 501 428
f 428 501 502
f 428 502 491
f 492 503 428
f 428 503 504
f 428 504 505
f 481 483 506
f 506 483 468
f 506 468 507
f 508 509 468
f 468 509 510
f 468 510 511
f 511 512 468
f 468 512 513
f 468 513 507
f 514 515 428
f 428 515 516
f 516 517 428
f 428 517 518
f 428 518 477
f 505 519 428
f 428 519 520
f 428 520 468
f 468 520 521
f 468 521 508
f 522 523 498
f 524 525 348
f 514 428 526
f 526 428 348
f 526 348 527
f 528 529 348
f 530 531 348
f 348 531 532
f 348 532 527
f 500 533 498
f 498 533 534
f 498 534 522
f 523 535 498
f 498 535 536
f 498 536 537
f 537 538 498
f 498 538 539
f 498 539 540
f 540 539 541
f 540 541 347
f 525 542 348
f 348 542 543
f 348 543 544
f 529 545 348
f 348 545 546
f 348 546 530
f 541 547 347
f 347 547 548
f 347 548 348
f 348 548 549
f 348 549 524
f 544 550 348
f 348 550 551
f 348 551 528
f 495 496 483
f 483 496 498
f 483 498 552
f 552 498 553
f 552 553 554
f 554 553 555
f 554 555 556
f 556 555 557
f 556 557 558
f 558 557 559
f 558 559 560
f 560 559 561
f 560 561 562
f 562 561 563
f 562 563 564
f 564 563 565
f 564 565 566
f 373 379 348
f 348 379 567
f 348 567 346
f 404 405 403
f 403 405 382
f 403 382 568
f 168 569 570
f 382 168 568
f 568 168 570
f 568 570 571
f 571 570 572
f 571 572 573
f 573 572 574
f 573 574 575
f 575 574 576
f 575 576 577
f 577 576 578
f 577 578 579
f 579 578 580
f 579 580 581
f 581 580 582
f 581 582 583
f 583 582 584
f 583 584 585
f 585 584 586
f 587 570 588
f 588 570 340
f 588 340 589
f 587 590 570
f 570 590 591
f 570 591 592
f 593 594 595
f 596 597 598
f 599 600 340
f 592 601 570
f 570 601 602
f 570 602 603
f 604 605 606
f 606 605 607
f 606 607 596
f 596 607 608
f 596 608 597
f 609 610 572
f 572 610 611
f 572 611 612
f 594 613 595
f 595 613 614
f 595 614 615
f 603 616 570
f 570 616 617
f 570 617 618
f 598 619 596
f 596 619 620
f 596 620 595
f 595 620 621
f 595 621 593
f 622 623 340
f 599 340 624
f 600 625 340
f 340 625 626
f 340 626 627
f 627 628 340
f 340 628 629
f 340 629 589
f 630 631 572
f 572 631 632
f 572 632 633
f 612 634 572
f 572 634 635
f 572 635 606
f 606 635 636
f 606 636 604
f 637 638 340
f 340 638 639
f 340 639 624
f 618 640 570
f 570 640 641
f 570 641 642
f 623 643 340
f 340 643 644
f 340 644 645
f 642 646 570
f 570 646 647
f 570 647 648
f 633 649 572
f 572 649 650
f 572 650 609
f 615 651 595
f 595 651 652
f 595 652 653
f 645 654 340
f 340 654 655
f 340 655 637
f 648 656 570
f 570 656 657
f 570 657 572
f 572 657 658
f 572 658 630
f 653 659 595
f 595 659 660
f 595 660 661
f 661 622 595
f 595 622 340
f 595 340 662
f 662 340 663
f 662 663 664
f 664 663 665
f 666 667 663
f 663 667 668
f 669 670 663
f 663 670 671
f 672 669 673
f 673 669 663
f 673 663 674
f 674 663 668
f 675 665 676
f 676 665 663
f 676 663 677
f 677 663 671
f 677 671 678
f 679 680 681
f 682 683 679
f 684 685 686
f 687 688 686
f 686 688 689
f 686 689 684
f 344 345 690
f 691 692 680
f 680 692 278
f 680 278 693
f 693 694 680
f 680 694 695
f 680 695 696
f 696 695 697
f 696 697 698
f 699 700 679
f 679 701 702
f 703 704 679
f 679 704 705
f 679 683 680
f 680 683 706
f 680 706 691
f 697 707 698
f 698 707 708
f 698 708 687
f 687 708 709
f 687 709 688
f 700 710 679
f 679 710 711
f 679 711 712
f 712 713 679
f 679 713 714
f 679 714 701
f 702 715 679
f 679 715 716
f 679 716 703
f 705 717 679
f 679 717 718
f 679 718 682
f 719 720 679
f 679 720 721
f 679 721 699
f 345 722 723
f 685 690 686
f 686 690 345
f 686 345 724
f 724 345 723
f 725 726 343
f 343 726 727
f 728 729 343
f 730 345 731
f 731 345 732
f 727 733 343
f 343 733 734
f 343 734 735
f 728 343 736
f 737 738 739
f 739 738 740
f 739 740 342
f 342 740 741
f 342 741 742
f 343 743 744
f 729 745 343
f 343 745 746
f 343 746 345
f 345 746 747
f 345 747 732
f 748 749 345
f 742 750 342
f 342 750 751
f 342 751 752
f 752 753 342
f 342 753 754
f 342 754 755
f 342 756 343
f 343 756 757
f 343 757 725
f 735 758 343
f 343 758 759
f 343 759 743
f 744 760 343
f 343 760 761
f 343 761 762
f 763 764 345
f 345 764 765
f 345 765 722
f 766 767 768
f 768 767 769
f 768 769 739
f 739 769 770
f 739 770 737
f 755 771 342
f 342 771 772
f 342 772 756
f 762 773 343
f 343 773 774
f 343 774 736
f 345 775 776
f 730 777 345
f 345 777 778
f 345 778 748
f 749 779 345
f 345 779 780
f 345 780 775
f 776 781 345
f 345 781 782
f 345 782 763
f 766 768 783
f 783 768 784
f 783 784 785
f 785 784 786
f 785 786 787
f 787 786 788
f 788 786 789
f 788 789 790
f 790 789 791
f 790 791 792
f 792 791 793
f 792 793 794
f 794 793 795
f 794 795 796
f 796 795 797
f 796 797 798
f 798 797 799
f 798 799 800
f 800 799 801
f 800 801 802
f 802 801 803
f 802 803 804
f 803 805 804
f 804 805 806
f 804 806 807
f 807 806 808
f 807 808 809
f 809 808 810
f 809 810 811
f 811 810 722
f 811 722 812
f 812 722 765
f 813 814 815
f 813 815 816
f 816 815 817
f 816 817 818
f 818 817 819
f 818 819 820
f 813 341 814
f 814 341 343
f 814 343 821
f 822 823 824
f 824 823 227
f 825 826 827
f 827 826 828
f 829 830 831
f 826 822 828
f 828 822 824
f 828 824 832
f 832 824 833
f 832 833 831
f 831 833 8
f 831 8 829
f 352 834 835
f 836 837 352
f 352 837 838
f 352 838 839
f 840 351 841
f 841 351 352
f 841 352 842
f 842 352 839
f 830 843 831
f 831 843 844
f 831 844 845
f 845 844 846
f 845 846 847
f 835 848 352
f 352 848 849
f 352 849 836
f 840 850 351
f 351 850 851
f 351 851 852
f 847 853 845
f 845 853 854
f 845 854 352
f 352 854 855
f 352 855 834
f 11 679 663
f 663 679 681
f 663 681 666
f 340 279 663
f 663 279 856
f 663 856 11
f 569 286 570
f 570 286 857
f 570 857 340
f 340 857 858
f 340 858 339
f 442 337 428
f 428 337 859
f 428 859 860
f 860 861 428
f 428 861 862
f 428 862 863
f 863 864 428
f 428 864 865
f 428 865 866
f 866 867 428
f 428 867 868
f 428 868 348
f 348 868 869
f 348 869 372
f 870 871 343
f 871 872 343
f 343 872 873
f 343 873 874
f 252 875 345
f 345 875 876
f 345 876 343
f 343 876 877
f 343 877 870
f 874 878 343
f 343 878 879
f 343 879 880
f 823 821 227
f 227 821 343
f 227 343 881
f 881 343 880
f 852 882 351
f 351 882 719
f 351 719 366
f 366 719 679
f 366 679 364
f 364 679 11
f 883 884 885
f 886 887 888
f 888 887 889
f 888 889 890
f 885 891 883
f 883 891 892
f 883 892 893
f 893 892 890
f 893 890 894
f 894 890 889
f 895 896 897
f 897 896 898
f 897 898 899
f 899 898 900
f 899 900 901
f 895 902 896
f 896 902 903
f 896 903 904
f 904 903 905
f 904 905 886
f 886 905 906
f 886 906 887
f 907 908 909
f 907 909 910
f 911 912 909
f 909 912 913
f 909 913 910
f 908 914 909
f 909 914 915
f 909 915 916
f 916 915 917
f 916 917 918
f 918 917 919
f 918 919 920
f 920 919 921
f 920 921 922
f 922 921 923
f 922 923 924
f 924 923 925
f 924 925 926
f 926 925 927
f 926 927 928
f 928 927 929
f 928 929 930
f 930 929 931
f 930 931 932
f 932 931 933
f 932 933 934
f 934 933 935
f 934 935 936
f 936 935 937
f 936 937 938
f 938 937 939
f 938 939 940
f 940 939 941
f 940 941 942
f 942 941 943
f 942 943 944
f 944 943 945
f 944 945 900
f 900 945 946
f 900 946 901
f 909 947 948
f 948 949 909
f 909 949 950
f 909 950 951
f 951 952 909
f 909 952 953
f 909 953 954
f 954 955 909
f 909 955 956
f 909 956 911
f 957 958 959
f 959 958 960
f 959 960 961
f 961 960 962
f 961 962 947
f 947 962 963
f 947 963 948
f 964 965 966
f 966 965 967
f 966 967 968
f 959 969 957
f 957 969 970
f 957 970 971
f 971 970 972
f 971 972 973
f 973 972 974
f 973 974 975
f 975 974 976
f 975 976 977
f 977 976 978
f 977 978 979
f 979 978 980
f 979 980 981
f 981 980 982
f 981 982 983
f 983 982 968
f 983 968 984
f 984 968 967
f 985 986 987
f 987 986 988
f 988 986 989
f 988 989 990
f 990 989 991
f 990 991 992
f 992 991 993
f 992 993 964
f 964 993 994
f 964 994 965
f 995 996 997
f 997 996 998
f 997 998 987
f 987 998 999
f 987 999 985
f 1000 1001 1002
f 1002 1001 1003
f 1002 1003 995
f 995 1003 1004
f 995 1004 996
f 1005 1006 1007
f 1007 1006 1008
f 1008 1009 1007
f 1007 1009 1010
f 1007 1010 1011
f 1011 1010 1012
f 1011 1012 1000
f 1000 1012 1013
f 1000 1013 1001
f 1014 1015 1016
f 1016 1015 1017
f 1016 1017 1018
f 1017 1019 1018
f 1018 1019 1020
f 1018 1020 1021
f 1021 1020 1022
f 1021 1022 1007
f 1007 1022 1023
f 1007 1023 1005
f 1024 1025 1026
f 1026 1025 1027
f 1026 1027 1028
f 1028 1027 1029
f 1029 1030 1028
f 1028 1030 1031
f 1028 1031 1032
f 1032 1031 1033
f 1032 1033 1014
f 1014 1033 1034
f 1014 1034 1015
f 1035 1036 1037
f 1037 1036 1038
f 1037 1038 1039
f 1039 1038 1040
f 1039 1040 1041
f 1041 1040 1042
f 1041 1042 1024
f 1024 1042 1043
f 1024 1043 1025
f 1044 1045 1046
f 1044 1046 1047
f 1048 1049 1046
f 1046 1049 1050
f 1046 1050 1047
f 1045 1051 1046
f 1046 1051 1052
f 1046 1052 1053
f 1053 1052 1054
f 1053 1054 1055
f 1055 1054 1056
f 1055 1056 1057
f 1057 1056 1058
f 1057 1058 1059
f 1059 1058 1060
f 1059 1060 1061
f 1061 1060 1062
f 1061 1062 1063
f 1063 1062 1064
f 1063 1064 1065
f 1065 1064 1066
f 1065 1066 1067
f 1067 1066 1068
f 1067 1068 1069
f 1069 1068 1070
f 1069 1070 1071
f 1071 1070 1072
f 1071 1072 1073
f 1073 1072 1074
f 1073 1074 1035
f 1035 1074 1075
f 1035 1075 1036
f 1076 1077 1046
f 1046 1077 1078
f 1078 1079 1046
f 1046 1079 1080
f 1046 1080 1081
f 1081 1082 1046
f 1046 1082 1083
f 1046 1083 1048
f 1084 1085 1086
f 1086 1085 1087
f 1086 1087 1088
f 1088 1087 1089
f 1088 1089 1046
f 1046 1089 1090
f 1046 1090 1076
f 1091 1092 1093
f 1093 1092 1094
f 1093 1094 1095
f 1095 1094 1096
f 1095 1096 1097
f 1097 1096 1098
f 1097 1098 1099
f 1099 1098 1100
f 1099 1100 1101
f 1101 1100 1102
f 1101 1102 1103
f 1103 1102 1104
f 1103 1104 1105
f 1105 1104 1106
f 1105 1106 1107
f 1107 1106 1108
f 1107 1108 1109
f 1109 1108 1110
f 1109 1110 1111
f 1111 1110 1112
f 1111 1112 1084
f 1084 1112 1113
f 1084 1113 1085
f 1114 1115 1116
f 1116 1115 1117
f 1117 1115 1118
f 1117 1118 1119
f 1119 1118 1120
f 1119 1120 1121
f 1121 1120 1122
f 1121 1122 1091
f 1091 1122 1123
f 1091 1123 1092
f 1124 1125 1126
f 1126 1125 1127
f 1126 1127 1116
f 1116 1127 1128
f 1116 1128 1114
f 1129 1130 1131
f 1131 1130 1132
f 1131 1132 1124
f 1124 1132 1133
f 1124 1133 1125
f 1134 1135 1136
f 1136 1135 1137
f 1137 1138 1136
f 1136 1138 1139
f 1136 1139 1140
f 1140 1139 1141
f 1140 1141 1129
f 1129 1141 1142
f 1129 1142 1130
f 1143 1144 1145
f 1145 1144 1146
f 1145 1146 1147
f 1146 1148 1147
f 1147 1148 1149
f 1147 1149 1150
f 1150 1149 1151
f 1150 1151 1136
f 1136 1151 1152
f 1136 1152 1134
f 1153 1154 1155
f 1155 1154 1156
f 1155 1156 1157
f 1157 1156 1158
f 1158 1159 1157
f 1157 1159 1160
f 1157 1160 1161
f 1161 1160 1162
f 1161 1162 1143
f 1143 1162 1163
f 1143 1163 1144
f 1164 1165 1166
f 1166 1165 1167
f 1166 1167 1168
f 1168 1167 1169
f 1168 1169 1170
f 1170 1169 1171
f 1170 1171 1153
f 1153 1171 1172
f 1153 1172 1154
f 1173 1174 1175
f 1175 1174 1176
f 1175 1176 1177
f 1177 1176 1178
f 1177 1178 1179
f 1179 1178 1180
f 1179 1180 1181
f 1181 1180 1182
f 1181 1182 1183
f 1183 1182 1184
f 1183 1184 1185
f 1185 1184 1186
f 1185 1186 1187
f 1187 1186 1188
f 1187 1188 1189
f 1189 1188 1190
f 1189 1190 1164
f 1164 1190 1191
f 1164 1191 1165
f 1192 1193 1194
f 1194 1193 1195
f 1194 1195 1196
f 1196 1197 1194
f 1194 1197 1198
f 1194 1198 1199
f 1198 1200 1199
f 1199 1200 1201
f 1199 1201 1202
f 1202 1201 1203
f 1202 1203 1173
f 1173 1203 1204
f 1173 1204 1174
f 1205 1206 1194
f 1194 1206 1207
f 1207 1208 1194
f 1194 1208 1209
f 1194 1209 1210
f 1210 1211 1194
f 1194 1211 1212
f 1194 1212 1192
f 1213 1214 1215
f 1215 1214 1216
f 1215 1216 1217
f 1217 1216 1218
f 1217 1218 1194
f 1194 1218 1219
f 1194 1219 1205
f 1220 1221 1222
f 1222 1221 1223
f 1222 1223 1224
f 1224 1223 1225
f 1224 1225 1226
f 1226 1225 1227
f 1226 1227 1228
f 1228 1227 1229
f 1228 1229 1230
f 1230 1229 1231
f 1230 1231 1232
f 1232 1231 1233
f 1232 1233 1234
f 1234 1233 1235
f 1234 1235 1236
f 1236 1235 1237
f 1236 1237 1238
f 1238 1237 1239
f 1238 1239 1240
f 1240 1239 1241
f 1240 1241 1242
f 1242 1241 1243
f 1242 1243 1244
f 1244 1243 1245
f 1244 1245 1213
f 1213 1245 1246
f 1213 1246 1214
f 1247 1248 1249
f 1249 1248 1250
f 1250 1248 1251
f 1250 1251 1220
f 1220 1251 1252
f 1220 1252 1221
f 1253 1254 1255
f 1255 1254 1256
f 1255 1256 1249
f 1249 1256 1257
f 1249 1257 1247
f 1258 1259 1260
f 1260 1259 1261
f 1260 1261 1253
f 1253 1261 1262
f 1253 1262 1254
f 885 1263 891
f 891 1263 1264
f 891 1264 1265
f 1265 1264 1266
f 1265 1266 1258
f 1258 1266 1267
f 1258 1267 1259
f 1268 1269 832
f 1270 1271 831
f 831 1271 1272
f 831 1272 832
f 832 1272 1273
f 832 1273 1268
f 845 1274 1275
f 1275 1276 845
f 845 1276 1277
f 845 1277 831
f 831 1277 1278
f 831 1278 1270
f 1279 1280 354
f 1279 354 1281
f 1281 354 355
f 1281 355 1282
f 1283 1284 352
f 1280 1285 354
f 354 1285 1286
f 354 1286 1287
f 1287 1288 354
f 354 1288 1289
f 354 1289 1290
f 1290 1291 354
f 354 1291 1292
f 354 1292 352
f 352 1292 1293
f 352 1293 1283
f 1284 1294 352
f 352 1294 1295
f 352 1295 1296
f 1296 1297 352
f 352 1297 1298
f 352 1298 1299
f 1300 845 1301
f 1301 845 352
f 1301 352 1302
f 1302 352 1299
f 1300 1303 845
f 845 1303 1304
f 845 1304 1305
f 1305 1306 845
f 845 1306 1307
f 845 1307 1308
f 1308 1309 845
f 845 1309 1310
f 845 1310 1274
f 1274 1310 1311
f 1274 1311 1312
f 1313 1314 1315
f 1315 1314 1274
f 1315 1274 1316
f 1316 1274 1312
f 1317 1318 1319
f 1320 1321 1322
f 1323 1324 1325
f 1326 1327 1328
f 1328 1327 1329
f 1326 1330 1327
f 1327 1330 1331
f 1327 1331 1329
f 1329 1331 357
f 1332 1323 1333
f 1333 1323 357
f 1333 357 1334
f 1334 357 1331
f 1334 1331 1335
f 1323 1325 357
f 357 1325 1336
f 357 1336 1337
f 1338 1339 1340
f 1341 357 1342
f 1342 357 1337
f 1342 1337 1343
f 1344 1345 1340
f 1340 1345 357
f 1340 357 1338
f 1338 357 1341
f 1338 1341 1346
f 1347 1320 1348
f 1348 1320 357
f 1348 357 1349
f 1349 357 1345
f 1349 1345 1350
f 1320 1322 357
f 357 1322 1351
f 357 1351 1352
f 1317 357 1353
f 1353 357 1352
f 1353 1352 1354
f 1317 1319 357
f 357 1319 1355
f 357 1355 1356
f 1357 355 1358
f 1358 355 357
f 1358 357 1359
f 1359 357 1356
f 1357 1360 355
f 355 1360 1361
f 355 1361 1362
f 1362 1363 355
f 355 1363 1364
f 355 1364 1282
f 1365 437 1366
f 1366 437 444
f 1366 444 1367
f 1365 1368 437
f 437 1368 1369
f 437 1369 1370
f 1371 467 466
f 1371 466 1372
f 1372 466 464
f 1372 464 1373
f 1370 1374 437
f 437 1374 1375
f 437 1375 464
f 464 1375 1376
f 464 1376 1373
f 1377 1378 1379
f 1380 1381 1382
f 1383 1384 1385
f 1383 1386 1384
f 1384 1386 1387
f 1384 1387 1388
f 1389 1390 1391
f 1391 1390 1392
f 1391 1392 1385
f 1385 1392 1393
f 1385 1393 1383
f 1394 1395 1396
f 1396 1395 1397
f 1396 1397 1389
f 1389 1397 1398
f 1389 1398 1390
f 1399 1400 1394
f 1394 1400 1401
f 1394 1401 1395
f 1394 1402 1399
f 1399 1402 1403
f 1399 1403 1404
f 1405 1406 1407
f 1407 1380 1405
f 1405 1380 1382
f 1405 1382 1403
f 1403 1382 1408
f 1403 1408 1404
f 1409 1410 1411
f 1411 1410 1412
f 1411 1412 1413
f 1414 1415 1416
f 1416 1415 1409
f 1417 1418 1419
f 1419 1418 1420
f 1419 1420 1421
f 1422 1423 1424
f 1424 1423 1417
f 1378 1425 1379
f 1379 1425 1426
f 1379 1426 1427
f 1428 1429 1430
f 1430 1429 1431
f 1430 1431 1377
f 1432 1433 1434
f 1434 1433 1435
f 1435 1436 1434
f 1434 1436 1437
f 1434 1437 1438
f 1439 1440 1441
f 1441 1440 1442
f 1441 1442 1432
f 1443 1444 1445
f 1445 1444 1446
f 1445 1446 1447
f 1447 1448 1445
f 1445 1448 1449
f 1445 1449 1450
f 1451 1452 1453
f 1453 1452 1454
f 1454 1455 1453
f 1453 1455 1456
f 1453 1456 1443
f 1457 1458 1459
f 1460 1461 1462
f 1462 1461 1463
f 1462 1463 1464
f 1465 1466 1460
f 1263 1466 1264
f 1264 1466 1465
f 1264 1465 1266
f 1266 1465 1467
f 1266 1467 1267
f 1267 1467 1468
f 1267 1468 1259
f 1259 1468 1261
f 1261 1468 1469
f 1261 1469 1262
f 1262 1469 1470
f 1262 1470 1254
f 1254 1470 1256
f 1256 1470 1471
f 1256 1471 1257
f 1257 1471 1472
f 1257 1472 1247
f 1247 1472 1473
f 1247 1473 1248
f 1388 1474 1384
f 1384 1474 1475
f 1384 1475 1385
f 1385 1475 1476
f 1385 1476 1391
f 1391 1476 1477
f 1391 1477 1389
f 1389 1477 1478
f 1389 1478 1396
f 1396 1478 1479
f 1396 1479 1394
f 1394 1479 1480
f 1394 1480 1402
f 1402 1480 1481
f 1402 1481 1403
f 1403 1481 1411
f 1403 1411 1405
f 1405 1411 1413
f 1405 1413 1406
f 1409 1411 1416
f 1416 1411 1481
f 1416 1481 1482
f 1482 1481 1480
f 1482 1480 1483
f 1483 1480 1479
f 1483 1479 1484
f 1484 1479 1478
f 1484 1478 1485
f 1485 1478 1477
f 1485 1477 1486
f 1486 1477 1476
f 1486 1476 1487
f 1487 1476 1475
f 1487 1475 1488
f 1488 1475 1474
f 1488 1474 1489
f 1417 1419 1424
f 1424 1419 1490
f 1424 1490 1491
f 1491 1490 1492
f 1491 1492 1493
f 1493 1492 1494
f 1493 1494 1495
f 1495 1494 1496
f 1495 1496 1497
f 1497 1496 1498
f 1497 1498 1499
f 1499 1498 1500
f 1499 1500 1501
f 1501 1500 1502
f 1501 1502 1503
f 1503 1502 1504
f 1503 1504 1505
f 1377 1379 1430
f 1430 1379 1506
f 1430 1506 1507
f 1507 1506 1508
f 1507 1508 1509
f 1509 1508 1510
f 1509 1510 1511
f 1511 1510 1512
f 1511 1512 1513
f 1513 1512 1514
f 1513 1514 1515
f 1515 1514 1516
f 1515 1516 1517
f 1517 1516 1518
f 1517 1518 1519
f 1519 1518 1520
f 1519 1520 1521
f 1432 1434 1441
f 1441 1434 1522
f 1441 1522 1523
f 1523 1522 1524
f 1523 1524 1525
f 1525 1524 1526
f 1525 1526 1527
f 1527 1526 1528
f 1527 1528 1529
f 1529 1528 1530
f 1529 1530 1531
f 1531 1530 1532
f 1531 1532 1533
f 1533 1532 1534
f 1533 1534 1535
f 1535 1534 1536
f 1535 1536 1537
f 1443 1445 1453
f 1453 1445 1538
f 1453 1538 1539
f 1539 1538 1540
f 1539 1540 1541
f 1541 1540 1542
f 1541 1542 1543
f 1543 1542 1544
f 1543 1544 1545
f 1545 1544 1546
f 1545 1546 1547
f 1547 1546 1548
f 1547 1548 1549
f 1549 1548 1550
f 1549 1550 1551
f 1551 1550 1552
f 1551 1552 1553
f 1458 1457 1554
f 1554 1457 1555
f 1554 1555 1556
f 1556 1555 1557
f 1556 1557 1558
f 1558 1557 1559
f 1558 1559 1560
f 1560 1559 1561
f 1560 1561 1562
f 1562 1561 1563
f 1562 1563 1564
f 1564 1563 1565
f 1564 1565 1566
f 1566 1565 1567
f 1566 1567 1568
f 1568 1567 1569
f 1568 1569 1570
f 1460 1462 1465
f 1465 1462 1464
f 1465 1464 1467
f 1467 1464 1571
f 1467 1571 1468
f 1468 1571 1572
f 1468 1572 1469
f 1469 1572 1573
f 1469 1573 1470
f 1470 1573 1574
f 1470 1574 1471
f 1471 1574 1575
f 1471 1575 1472
f 1472 1575 1576
f 1472 1576 1473
f 1473 1576 1577
f 1473 1577 1578
f 1578 1577 1579
f 1578 1579 1580
f 1388 1581 1474
f 1474 1581 1582
f 1474 1582 1489
f 1489 1582 1583
f 1489 1583 1584
f 1584 1504 1489
f 1489 1504 1502
f 1489 1502 1488
f 1488 1502 1500
f 1488 1500 1487
f 1487 1500 1498
f 1487 1498 1486
f 1486 1498 1496
f 1486 1496 1485
f 1485 1496 1494
f 1485 1494 1484
f 1484 1494 1492
f 1484 1492 1483
f 1483 1492 1490
f 1483 1490 1482
f 1482 1490 1419
f 1482 1419 1416
f 1416 1419 1421
f 1416 1421 1414
f 1584 1585 1504
f 1504 1585 1586
f 1504 1586 1505
f 1505 1586 1587
f 1505 1587 1588
f 1588 1520 1505
f 1505 1520 1518
f 1505 1518 1503
f 1503 1518 1516
f 1503 1516 1501
f 1501 1516 1514
f 1501 1514 1499
f 1499 1514 1512
f 1499 1512 1497
f 1497 1512 1510
f 1497 1510 1495
f 1495 1510 1508
f 1495 1508 1493
f 1493 1508 1506
f 1493 1506 1491
f 1491 1506 1379
f 1491 1379 1424
f 1424 1379 1427
f 1424 1427 1422
f 1588 1589 1520
f 1520 1589 1590
f 1520 1590 1521
f 1521 1590 1591
f 1521 1591 1592
f 1592 1536 1521
f 1521 1536 1534
f 1521 1534 1519
f 1519 1534 1532
f 1519 1532 1517
f 1517 1532 1530
f 1517 1530 1515
f 1515 1530 1528
f 1515 1528 1513
f 1513 1528 1526
f 1513 1526 1511
f 1511 1526 1524
f 1511 1524 1509
f 1509 1524 1522
f 1509 1522 1507
f 1507 1522 1434
f 1507 1434 1430
f 1430 1434 1438
f 1430 1438 1428
f 1592 1593 1536
f 1536 1593 1594
f 1536 1594 1537
f 1537 1594 1595
f 1537 1595 1596
f 1596 1552 1537
f 1537 1552 1550
f 1537 1550 1535
f 1535 1550 1548
f 1535 1548 1533
f 1533 1548 1546
f 1533 1546 1531
f 1531 1546 1544
f 1531 1544 1529
f 1529 1544 1542
f 1529 1542 1527
f 1527 1542 1540
f 1527 1540 1525
f 1525 1540 1538
f 1525 1538 1523
f 1523 1538 1445
f 1523 1445 1441
f 1441 1445 1450
f 1441 1450 1439
f 1596 1597 1552
f 1552 1597 1598
f 1552 1598 1553
f 1553 1598 1599
f 1553 1599 1600
f 1600 1569 1553
f 1553 1569 1567
f 1553 1567 1551
f 1551 1567 1565
f 1551 1565 1549
f 1549 1565 1563
f 1549 1563 1547
f 1547 1563 1561
f 1547 1561 1545
f 1545 1561 1559
f 1545 1559 1543
f 1543 1559 1557
f 1543 1557 1541
f 1541 1557 1555
f 1541 1555 1539
f 1539 1555 1457
f 1539 1457 1453
f 1453 1457 1459
f 1453 1459 1451
f 1600 1601 1569
f 1569 1601 1602
f 1569 1602 1570
f 1570 1602 1603
f 1570 1603 1604
f 1604 1579 1570
f 1570 1579 1577
f 1570 1577 1568
f 1568 1577 1576
f 1568 1576 1566
f 1566 1576 1575
f 1566 1575 1564
f 1564 1575 1574
f 1564 1574 1562
f 1562 1574 1573
f 1562 1573 1560
f 1560 1573 1572
f 1560 1572 1558
f 1558 1572 1571
f 1558 1571 1556
f 1556 1571 1464
f 1556 1464 1554
f 1554 1464 1463
f 1554 1463 1458
f 1604 1605 1579
f 1579 1605 1606
f 1579 1606 1580
f 1580 1606 1607
f 1580 1607 1608
f 1248 1473 1251
f 1251 1473 1578
f 1251 1578 1252
f 1252 1578 1580
f 1252 1580 1221
f 1221 1580 1608
f 1221 1608 1223
f 1609 1610 1611
f 1612 1613 1614
f 1615 1616 1617
f 1618 1619 1620
f 1620 1619 1621
f 1622 1623 1624
f 1624 1623 1625
f 1625 1626 1624
f 1624 1626 1627
f 1624 1627 1628
f 1629 1630 1631
f 1631 1630 1632
f 1631 1632 1633
f 1633 1634 1631
f 1631 1634 1635
f 1631 1635 1636
f 1637 1638 1639
f 1629 1640 1641
f 1641 1640 1642
f 1643 1644 1637
f 1644 1645 1637
f 1637 1645 1646
f 1637 1646 1638
f 1647 1648 1649
f 1650 1651 1652
f 1652 1651 1653
f 1652 1653 1643
f 1654 1655 1647
f 1655 1656 1647
f 1647 1656 1657
f 1647 1657 1648
f 1654 1658 1659
f 1659 1658 1660
f 1661 1662 1663
f 1662 1664 1663
f 1663 1664 1665
f 1663 1665 1666
f 1613 1667 1668
f 1668 1667 1669
f 1668 1669 1661
f 1670 1671 1672
f 1672 1671 1612
f 1673 1674 1675
f 1676 1677 1678
f 1678 1677 1673
f 1678 1673 1672
f 1672 1673 1675
f 1672 1675 1670
f 1676 1678 1679
f 1679 1678 1680
f 1679 1680 1681
f 1681 1680 1682
f 1681 1682 1683
f 1683 1682 1684
f 1683 1684 1685
f 1685 1684 1686
f 1686 1684 1687
f 1686 1687 1688
f 1688 1687 1689
f 1689 1687 1690
f 1689 1690 1691
f 1691 1690 1692
f 1691 1692 1693
f 1693 1692 1694
f 1694 1692 1695
f 1694 1695 1696
f 1696 1695 1697
f 1697 1695 1698
f 1697 1698 1699
f 884 883 1700
f 1700 883 893
f 1700 893 1701
f 893 894 1701
f 1701 894 889
f 1701 889 1702
f 1702 889 887
f 1702 887 1703
f 1629 1631 1640
f 1640 1631 1704
f 1640 1704 1705
f 1705 1704 1706
f 1705 1706 1611
f 1707 1706 1708
f 1708 1706 1704
f 1708 1704 1709
f 1709 1704 1631
f 1709 1631 1624
f 1624 1631 1636
f 1624 1636 1622
f 887 906 1703
f 1703 906 905
f 1703 905 1710
f 1710 905 903
f 1710 903 1711
f 1712 1707 1713
f 1713 1707 1708
f 1713 1708 1714
f 1714 1708 1709
f 1714 1709 1715
f 1715 1709 1624
f 1715 1624 1620
f 1620 1624 1628
f 1620 1628 1618
f 1716 1610 1717
f 1717 1610 1609
f 1717 1609 1718
f 1621 1719 1620
f 1620 1719 1720
f 1620 1720 1715
f 1715 1720 1721
f 1715 1721 1714
f 1714 1721 1722
f 1714 1722 1713
f 1713 1722 1723
f 1713 1723 1712
f 1712 1723 1724
f 1725 1716 1726
f 1726 1716 1717
f 1726 1717 1727
f 1727 1717 1718
f 1727 1718 1728
f 1729 1724 1730
f 1730 1724 1723
f 1730 1723 1731
f 1731 1723 1722
f 1731 1722 1732
f 1732 1722 1721
f 1732 1721 1733
f 1733 1721 1720
f 1733 1720 1734
f 1734 1720 1719
f 1734 1719 1735
f 1735 1719 1621
f 1735 1621 1615
f 1615 1621 1736
f 1615 1736 1616
f 1737 1725 1738
f 1738 1725 1726
f 1738 1726 1739
f 1739 1726 1727
f 1739 1727 1740
f 1740 1727 1728
f 1740 1728 1741
f 1742 1729 1743
f 1743 1729 1730
f 1743 1730 1744
f 1744 1730 1731
f 1744 1731 1711
f 1711 1731 1732
f 1711 1732 1710
f 1710 1732 1733
f 1710 1733 1703
f 1703 1733 1734
f 1703 1734 1702
f 1702 1734 1735
f 1702 1735 1701
f 1701 1735 1615
f 1701 1615 1700
f 1700 1615 1617
f 1700 1617 884
f 1745 1737 1746
f 1746 1737 1738
f 1746 1738 1747
f 1747 1738 1739
f 1747 1739 1748
f 1748 1739 1740
f 1748 1740 1749
f 1749 1740 1741
f 1749 1741 1750
f 903 902 1711
f 1711 902 895
f 1711 895 1744
f 1744 895 897
f 1744 897 1743
f 1743 897 899
f 1743 899 1742
f 1742 899 901
f 1742 901 946
f 1751 1745 1752
f 1752 1745 1746
f 1752 1746 1753
f 1753 1746 1747
f 1753 1747 1754
f 1754 1747 1748
f 1754 1748 1755
f 1755 1748 1749
f 1755 1749 1756
f 1756 1749 1750
f 1756 1750 1757
f 1643 1637 1652
f 1652 1637 1758
f 1652 1758 1759
f 1759 1758 1760
f 1759 1760 1761
f 1761 1760 1762
f 1761 1762 1763
f 1763 1762 1764
f 1763 1764 1765
f 1765 1764 1766
f 1765 1766 1767
f 1767 1766 1768
f 1767 1768 1769
f 1769 1768 1770
f 1769 1770 1771
f 1771 1770 1772
f 1771 1772 1773
f 1654 1647 1658
f 1658 1647 1774
f 1658 1774 1775
f 1775 1774 1776
f 1775 1776 1777
f 1777 1776 1778
f 1777 1778 1779
f 1779 1778 1780
f 1779 1780 1781
f 1781 1780 1782
f 1781 1782 1783
f 1783 1782 1784
f 1783 1784 1785
f 1785 1784 1786
f 1785 1786 1787
f 1787 1786 1788
f 1787 1788 1789
f 1661 1663 1668
f 1668 1663 1790
f 1668 1790 1791
f 1791 1790 1792
f 1791 1792 1793
f 1793 1792 1794
f 1793 1794 1795
f 1795 1794 1796
f 1795 1796 1797
f 1797 1796 1798
f 1797 1798 1799
f 1799 1798 1800
f 1799 1800 1801
f 1801 1800 1802
f 1801 1802 1803
f 1803 1802 1804
f 1803 1804 1805
f 1612 1614 1672
f 1672 1614 1806
f 1672 1806 1678
f 1678 1806 1807
f 1678 1807 1680
f 1680 1807 1808
f 1680 1808 1682
f 1682 1808 1809
f 1682 1809 1684
f 1684 1809 1810
f 1684 1810 1687
f 1687 1810 1811
f 1687 1811 1690
f 1690 1811 1812
f 1690 1812 1692
f 1692 1812 1813
f 1692 1813 1695
f 1695 1813 1814
f 1695 1814 1698
f 1611 1706 1609
f 1609 1706 1707
f 1609 1707 1718
f 1718 1707 1712
f 1718 1712 1728
f 1728 1712 1724
f 1728 1724 1741
f 1741 1724 1729
f 1741 1729 1750
f 1750 1729 1742
f 1750 1742 1757
f 1757 1742 946
f 1757 946 945
f 945 1815 1757
f 1757 1815 1816
f 1757 1816 1756
f 1756 1816 1817
f 1756 1817 1755
f 1755 1817 1818
f 1755 1818 1754
f 1754 1818 1819
f 1754 1819 1753
f 1753 1819 1820
f 1753 1820 1752
f 1752 1820 1821
f 1752 1821 1751
f 1751 1821 1822
f 1751 1822 1823
f 1823 1772 1751
f 1751 1772 1770
f 1751 1770 1745
f 1745 1770 1768
f 1745 1768 1737
f 1737 1768 1766
f 1737 1766 1725
f 1725 1766 1764
f 1725 1764 1716
f 1716 1764 1762
f 1716 1762 1610
f 1610 1762 1760
f 1610 1760 1611
f 1611 1760 1758
f 1611 1758 1705
f 1705 1758 1637
f 1705 1637 1640
f 1640 1637 1639
f 1640 1639 1642
f 1823 1824 1772
f 1772 1824 1825
f 1772 1825 1773
f 1773 1825 1826
f 1773 1826 1827
f 1827 1788 1773
f 1773 1788 1786
f 1773 1786 1771
f 1771 1786 1784
f 1771 1784 1769
f 1769 1784 1782
f 1769 1782 1767
f 1767 1782 1780
f 1767 1780 1765
f 1765 1780 1778
f 1765 1778 1763
f 1763 1778 1776
f 1763 1776 1761
f 1761 1776 1774
f 1761 1774 1759
f 1759 1774 1647
f 1759 1647 1652
f 1652 1647 1649
f 1652 1649 1650
f 1827 1828 1788
f 1788 1828 1829
f 1788 1829 1789
f 1789 1829 1830
f 1789 1830 1831
f 1831 1804 1789
f 1789 1804 1802
f 1789 1802 1787
f 1787 1802 1800
f 1787 1800 1785
f 1785 1800 1798
f 1785 1798 1783
f 1783 1798 1796
f 1783 1796 1781
f 1781 1796 1794
f 1781 1794 1779
f 1779 1794 1792
f 1779 1792 1777
f 1777 1792 1790
f 1777 1790 1775
f 1775 1790 1663
f 1775 1663 1658
f 1658 1663 1666
f 1658 1666 1660
f 1831 1832 1804
f 1804 1832 1833
f 1804 1833 1805
f 1805 1833 1834
f 1805 1834 1835
f 1613 1668 1614
f 1614 1668 1791
f 1614 1791 1806
f 1806 1791 1793
f 1806 1793 1807
f 1807 1793 1795
f 1807 1795 1808
f 1808 1795 1797
f 1808 1797 1809
f 1809 1797 1799
f 1809 1799 1810
f 1810 1799 1801
f 1810 1801 1811
f 1811 1801 1803
f 1811 1803 1812
f 1812 1803 1805
f 1812 1805 1813
f 1813 1805 1835
f 1813 1835 1814
f 1836 1837 1838
f 1839 1840 1841
f 1842 1843 1844
f 1845 1846 1847
f 1848 1849 1850
f 1398 1397 1851
f 1374 1850 1852
f 1853 1851 1854
f 1855 1856 1857
f 1858 1859 1371
f 1860 1861 1862
f 1863 1864 1865
f 1866 1867 1868
f 1869 1870 1871
f 1382 1381 1872
f 1872 1873 1382
f 1382 1873 1874
f 1382 1874 1408
f 1408 1874 1404
f 1875 1860 1876
f 1876 1860 1862
f 1876 1862 1877
f 1878 1869 1879
f 1879 1869 1871
f 1879 1871 1880
f 1881 1875 1882
f 1882 1875 1876
f 1882 1876 1883
f 1883 1876 1877
f 1883 1877 1884
f 1885 1856 1886
f 1886 1856 1855
f 1886 1855 1887
f 1888 1878 1889
f 1889 1878 1879
f 1889 1879 1866
f 1866 1879 1880
f 1866 1880 1867
f 1397 1395 1851
f 1851 1395 1401
f 1851 1401 1854
f 1854 1401 1400
f 1854 1400 1399
f 1371 1372 1858
f 1858 1372 1373
f 1858 1373 1890
f 1890 1373 1376
f 1890 1376 1852
f 1852 1376 1375
f 1852 1375 1374
f 1891 1881 1892
f 1892 1881 1882
f 1892 1882 1893
f 1893 1882 1883
f 1893 1883 1894
f 1894 1883 1884
f 1894 1884 1859
f 1895 1885 1896
f 1896 1885 1886
f 1896 1886 1897
f 1897 1886 1887
f 1897 1887 1898
f 1899 1888 1900
f 1900 1888 1889
f 1900 1889 1901
f 1901 1889 1866
f 1901 1866 1902
f 1902 1866 1868
f 1902 1868 1864
f 1393 1392 1903
f 1903 1392 1390
f 1390 1398 1903
f 1903 1398 1851
f 1903 1851 1904
f 1904 1851 1853
f 1904 1853 1905
f 1850 1374 1848
f 1848 1374 1370
f 1848 1370 1369
f 1859 1858 1894
f 1894 1858 1890
f 1894 1890 1893
f 1893 1890 1852
f 1893 1852 1892
f 1892 1852 1850
f 1892 1850 1891
f 1891 1850 1849
f 1891 1849 1906
f 1906 1845 1891
f 1891 1845 1847
f 1891 1847 1881
f 1881 1847 1907
f 1881 1907 1875
f 1875 1907 1908
f 1875 1908 1860
f 1860 1908 1909
f 1860 1909 1861
f 1861 1909 1910
f 1846 1842 1847
f 1847 1842 1844
f 1847 1844 1907
f 1907 1844 1911
f 1907 1911 1908
f 1908 1911 1912
f 1908 1912 1909
f 1909 1912 1913
f 1909 1913 1910
f 1910 1913 1914
f 1843 1915 1844
f 1844 1915 1898
f 1844 1898 1911
f 1911 1898 1887
f 1911 1887 1912
f 1912 1887 1855
f 1912 1855 1913
f 1913 1855 1857
f 1913 1857 1914
f 1914 1857 1865
f 1915 1916 1898
f 1898 1916 1917
f 1898 1917 1897
f 1897 1917 1918
f 1897 1918 1896
f 1896 1918 1919
f 1896 1919 1895
f 1895 1919 1920
f 1895 1920 1921
f 1865 1857 1863
f 1863 1857 1856
f 1863 1856 1922
f 1922 1856 1885
f 1922 1885 1923
f 1923 1885 1895
f 1923 1895 1924
f 1924 1895 1921
f 1924 1921 1925
f 1864 1863 1902
f 1902 1863 1922
f 1902 1922 1901
f 1901 1922 1923
f 1901 1923 1900
f 1900 1923 1924
f 1900 1924 1899
f 1899 1924 1925
f 1899 1925 1926
f 1926 1839 1899
f 1899 1839 1841
f 1899 1841 1888
f 1888 1841 1927
f 1888 1927 1878
f 1878 1927 1928
f 1878 1928 1869
f 1869 1928 1929
f 1869 1929 1870
f 1870 1929 1930
f 1840 1836 1841
f 1841 1836 1838
f 1841 1838 1927
f 1927 1838 1931
f 1927 1931 1928
f 1928 1931 1932
f 1928 1932 1929
f 1929 1932 1874
f 1929 1874 1930
f 1930 1874 1873
f 1837 1933 1838
f 1838 1933 1905
f 1838 1905 1931
f 1931 1905 1853
f 1931 1853 1932
f 1932 1853 1854
f 1932 1854 1874
f 1874 1854 1399
f 1874 1399 1404
f 1933 1934 1905
f 1905 1934 1935
f 1905 1935 1904
f 1904 1935 1936
f 1904 1936 1903
f 1903 1936 1937
f 1903 1937 1393
f 1393 1937 1383
f 1383 1937 1386
f 1386 1937 1938
f 1386 1938 1387
f 1274 1314 1939
f 1685 1686 1940
f 1688 1689 1941
f 1278 1277 1942
f 1943 1944 1945
f 1946 1674 1673
f 1677 1676 1947
f 1677 1947 1673
f 1946 1673 1948
f 1948 1673 1947
f 1948 1947 1949
f 1947 1950 1949
f 1949 1950 1951
f 1949 1951 1952
f 1952 1951 1953
f 1952 1953 1954
f 1954 1953 1955
f 1955 1953 1956
f 1955 1956 1957
f 1957 1956 1958
f 1957 1958 1959
f 1959 1958 1960
f 1959 1960 1961
f 1961 1960 1962
f 1961 1962 1963
f 1963 1962 1964
f 1963 1964 1965
f 1965 1964 1966
f 1965 1966 1967
f 1967 1966 1968
f 1967 1968 1969
f 1969 1968 1970
f 1969 1970 1971
f 1971 1970 1972
f 1971 1972 1973
f 1973 1972 1974
f 1973 1974 1975
f 1975 1974 1939
f 1975 1939 1976
f 1976 1939 1314
f 1976 1314 1313
f 1271 1270 1977
f 1977 1270 1978
f 1979 1980 1981
f 1981 1980 1982
f 1981 1982 1978
f 1978 1982 1983
f 1978 1983 1977
f 1984 1985 1979
f 1979 1985 1986
f 1979 1986 1980
f 1987 1988 1984
f 1984 1988 1989
f 1984 1989 1985
f 1990 1991 1987
f 1987 1991 1992
f 1987 1992 1988
f 1993 1994 1995
f 1995 1994 1996
f 1995 1996 1997
f 1997 1996 1998
f 1997 1998 1990
f 1990 1998 1999
f 1990 1999 1991
f 2000 2001 2002
f 2002 2001 2003
f 2002 2003 1993
f 1993 2003 2004
f 1993 2004 1994
f 2005 2006 2000
f 2000 2006 2007
f 2000 2007 2001
f 2008 2009 2005
f 2005 2009 2010
f 2005 2010 2006
f 1945 2011 1943
f 1943 2011 2012
f 1943 2012 2008
f 2008 2012 2013
f 2008 2013 2009
f 1699 2014 1697
f 1697 2014 1945
f 1697 1945 1696
f 1696 1945 1944
f 1941 1944 2015
f 2015 1944 1943
f 2015 1943 2016
f 2016 1943 2008
f 2016 2008 2017
f 2017 2008 2005
f 2017 2005 2018
f 2018 2005 2000
f 2018 2000 2019
f 2019 2000 2002
f 2019 2002 2020
f 2020 2002 1993
f 2020 1993 2021
f 2021 1993 1995
f 2021 1995 2022
f 2022 1995 1997
f 2022 1997 2023
f 2023 1997 1990
f 2023 1990 2024
f 2024 1990 1987
f 2024 1987 2025
f 2025 1987 1984
f 2025 1984 2026
f 2026 1984 1979
f 2026 1979 2027
f 2027 1979 1981
f 2027 1981 1942
f 1942 1981 1978
f 1942 1978 1278
f 1278 1978 1270
f 1689 1691 1941
f 1941 1691 1693
f 1941 1693 1944
f 1944 1693 1694
f 1944 1694 1696
f 1686 1688 1940
f 1940 1688 1941
f 1940 1941 2028
f 2028 1941 2015
f 2028 2015 2029
f 2029 2015 2016
f 2029 2016 2030
f 2030 2016 2017
f 2030 2017 2031
f 2031 2017 2018
f 2031 2018 2032
f 2032 2018 2019
f 2032 2019 2033
f 2033 2019 2020
f 2033 2020 2034
f 2034 2020 2021
f 2034 2021 2035
f 2035 2021 2022
f 2035 2022 2036
f 2036 2022 2023
f 2036 2023 2037
f 2037 2023 2024
f 2037 2024 2038
f 2038 2024 2025
f 2038 2025 2039
f 2039 2025 2026
f 2039 2026 2040
f 2040 2026 2027
f 2040 2027 2041
f 2041 2027 1942
f 2041 1942 1276
f 1276 1942 1277
f 1679 1681 2042
f 2042 1681 1683
f 1683 1685 2042
f 2042 1685 1940
f 2042 1940 2043
f 2043 1940 2028
f 2043 2028 2044
f 2044 2028 2029
f 2044 2029 2045
f 2045 2029 2030
f 2045 2030 2046
f 2046 2030 2031
f 2046 2031 2047
f 2047 2031 2032
f 2047 2032 2048
f 2048 2032 2033
f 2048 2033 2049
f 2049 2033 2034
f 2049 2034 2050
f 2050 2034 2035
f 2050 2035 2051
f 2051 2035 2036
f 2051 2036 2052
f 2052 2036 2037
f 2052 2037 2053
f 2053 2037 2038
f 2053 2038 2054
f 2054 2038 2039
f 2054 2039 2055
f 2055 2039 2040
f 2055 2040 2056
f 2056 2040 2041
f 2056 2041 1275
f 1275 2041 1276
f 1676 1679 1947
f 1947 1679 2042
f 1947 2042 1950
f 1950 2042 2043
f 1950 2043 1951
f 1951 2043 2044
f 1951 2044 1953
f 1953 2044 2045
f 1953 2045 1956
f 1956 2045 2046
f 1956 2046 1958
f 1958 2046 2047
f 1958 2047 1960
f 1960 2047 2048
f 1960 2048 1962
f 1962 2048 2049
f 1962 2049 1964
f 1964 2049 2050
f 1964 2050 1966
f 1966 2050 2051
f 1966 2051 1968
f 1968 2051 2052
f 1968 2052 1970
f 1970 2052 2053
f 1970 2053 1972
f 1972 2053 2054
f 1972 2054 1974
f 1974 2054 2055
f 1974 2055 1939
f 1939 2055 2056
f 1939 2056 1274
f 1274 2056 1275
f 425 2057 423
f 423 2057 2058
f 423 2058 391
f 11 10 364
f 364 10 2059
f 364 2059 365
f 368 2060 367
f 367 2060 2061
f 367 2061 359
f 374 2062 382
f 382 2062 166
f 382 166 168
f 391 2058 389
f 389 2058 2063
f 389 2063 375
f 349 2064 350
f 350 2064 181
f 350 181 180
f 153 154 430
f 430 154 2065
f 430 2065 421
f 2066 2067 2068
f 2069 2070 2071
f 2071 2070 2072
f 2072 2073 2071
f 2071 2073 2074
f 2071 2074 2075
f 2076 2077 2078
f 2079 2080 2081
f 2081 2080 2082
f 2083 2084 2085
f 2085 2084 2086
f 2085 2086 2087
f 2087 2086 2088
f 2087 2088 2089
f 2083 2090 2084
f 2084 2090 2091
f 2084 2091 2068
f 2068 2091 2092
f 2068 2092 2066
f 2093 2068 2094
f 2076 2078 2095
f 2095 2078 2096
f 2095 2096 2097
f 2097 2096 2098
f 2097 2098 2099
f 2077 2100 2071
f 2071 2100 2101
f 2071 2101 2069
f 2089 2088 2102
f 2102 2088 2103
f 2102 2103 2104
f 2104 2103 2105
f 2104 2105 2106
f 2106 2105 2107
f 2106 2107 2108
f 2108 2107 2109
f 2108 2109 2110
f 2110 2109 2111
f 2110 2111 2112
f 2112 2111 2113
f 2112 2113 2114
f 2067 2115 2068
f 2068 2115 2116
f 2068 2116 2094
f 2094 2117 2093
f 2093 2117 2118
f 2093 2118 2119
f 2120 2121 2078
f 2078 2121 2122
f 2078 2122 2123
f 2082 2124 2081
f 2081 2124 2125
f 2081 2125 2126
f 2126 2125 2127
f 2126 2127 2128
f 2128 2127 2129
f 2128 2129 2130
f 2130 2131 2128
f 2128 2131 2132
f 2128 2132 2133
f 2133 2132 2134
f 2135 2136 2137
f 2138 2139 2140
f 2140 2139 2093
f 2140 2093 2141
f 2141 2093 2119
f 2138 2142 2139
f 2139 2142 2143
f 2139 2143 2144
f 2144 2143 2145
f 2144 2145 2146
f 2145 2147 2146
f 2146 2147 2148
f 2146 2148 2149
f 2149 2148 2150
f 2149 2150 2151
f 2151 2150 2152
f 2151 2152 2153
f 2153 2152 2154
f 2153 2154 2155
f 2155 2154 2156
f 2155 2156 2157
f 2157 2156 2158
f 2157 2158 2159
f 2159 2158 2160
f 2159 2160 2161
f 2161 2160 2162
f 2161 2162 2163
f 2163 2162 2099
f 2163 2099 2164
f 2164 2099 2098
f 2136 2133 2137
f 2137 2133 2134
f 2137 2134 2165
f 2165 2134 2166
f 2165 2166 2167
f 2167 2166 2168
f 2167 2168 2169
f 2169 2168 2114
f 2169 2114 2170
f 2170 2114 2113
f 2071 2171 2077
f 2077 2171 2172
f 2077 2172 2078
f 2078 2172 2173
f 2078 2173 2120
f 2135 2137 2174
f 2174 2137 2175
f 2174 2175 2176
f 2177 2178 2179
f 2179 2178 2180
f 2181 2182 2183
f 2181 2183 2184
f 2185 2186 2187
f 2187 2186 2188
f 2187 2188 2189
f 2190 2191 2181
f 2181 2191 2192
f 2181 2192 2182
f 2183 2193 2184
f 2184 2193 2194
f 2184 2194 2195
f 2196 2197 2198
f 2199 2200 2201
f 2201 2200 2202
f 2201 2202 2203
f 2203 2202 2204
f 2203 2204 2205
f 2199 2206 2200
f 2200 2206 2207
f 2200 2207 2181
f 2181 2207 2208
f 2181 2208 2190
f 2209 2210 2211
f 2211 2210 2184
f 2211 2184 2212
f 2212 2184 2195
f 2209 2213 2210
f 2210 2213 2214
f 2210 2214 2215
f 2215 2214 2216
f 2215 2216 2217
f 2218 2219 2220
f 2180 2221 2179
f 2179 2221 2222
f 2179 2222 2223
f 2223 2222 2224
f 2223 2224 2225
f 2225 2224 2226
f 2225 2226 2227
f 2198 2197 2187
f 2187 2197 2228
f 2187 2228 2185
f 2229 2230 2231
f 2231 2230 2225
f 2231 2225 2232
f 2232 2225 2227
f 2220 2219 2233
f 2233 2219 2234
f 2233 2234 2235
f 2235 2234 2236
f 2235 2236 2237
f 2238 2239 2240
f 2205 2204 2241
f 2241 2204 2242
f 2241 2242 2243
f 2243 2242 2244
f 2243 2244 2245
f 2245 2244 2246
f 2245 2246 2247
f 2247 2246 2248
f 2247 2248 2249
f 2249 2248 2250
f 2249 2250 2251
f 2251 2250 2252
f 2251 2252 2253
f 2220 2254 2218
f 2218 2254 2255
f 2218 2255 2256
f 2256 2255 2257
f 2256 2257 2258
f 2258 2257 2259
f 2258 2259 2260
f 2260 2259 2261
f 2260 2261 2262
f 2262 2261 2263
f 2262 2263 2264
f 2264 2263 2265
f 2264 2265 2266
f 2266 2265 2267
f 2266 2267 2268
f 2268 2267 2269
f 2268 2269 2270
f 2270 2269 2217
f 2270 2217 2271
f 2271 2217 2216
f 2239 2238 2272
f 2272 2238 2273
f 2272 2273 2274
f 2196 2198 2275
f 2275 2198 2276
f 2275 2276 2237
f 2240 2230 2238
f 2238 2230 2229
f 2238 2229 2277
f 2277 2229 2278
f 2277 2278 2279
f 2279 2278 2280
f 2279 2280 2281
f 2281 2280 2253
f 2281 2253 2282
f 2282 2253 2252
f 2283 2284 2235
f 2235 2284 2285
f 2235 2285 2286
f 2237 2276 2235
f 2235 2276 2287
f 2235 2287 2283
f 554 2288 2289
f 2290 2291 469
f 469 2291 470
f 469 468 2290
f 2290 468 483
f 2290 483 2289
f 2289 483 552
f 2289 552 554
f 2292 574 572
f 2292 572 2293
f 662 2294 595
f 595 2294 2295
f 595 2295 596
f 596 2295 2293
f 596 2293 606
f 606 2293 572
f 2296 2297 2298
f 2299 2300 2301
f 2301 2300 2302
f 2303 2304 2305
f 2306 2307 2308
f 2298 2309 2296
f 2296 2309 2310
f 2296 2310 2311
f 2311 2310 2312
f 2312 2313 2311
f 2311 2313 2314
f 2311 2314 2315
f 2316 2317 2318
f 2315 2319 2311
f 2311 2319 2320
f 2311 2320 2321
f 2321 2320 2322
f 2308 2307 2296
f 2296 2307 2323
f 2296 2323 2297
f 2316 2318 2324
f 2317 2325 2318
f 2318 2325 2326
f 2318 2326 2327
f 2302 2328 2301
f 2301 2328 2329
f 2301 2329 2330
f 2303 2305 2331
f 2331 2305 2332
f 2331 2332 2308
f 2308 2332 2333
f 2308 2333 2306
f 2327 2334 2318
f 2318 2334 2335
f 2318 2335 2336
f 2337 2338 2339
f 2339 2338 2340
f 2339 2340 2341
f 2341 2340 2342
f 2341 2342 2343
f 2304 2303 2344
f 2344 2303 2345
f 2344 2345 2346
f 2346 2345 2347
f 2346 2347 2348
f 2348 2347 2349
f 2348 2349 2350
f 2350 2349 2351
f 2350 2351 2352
f 2352 2351 2353
f 2352 2353 2354
f 2354 2353 2355
f 2354 2355 2337
f 2337 2355 2356
f 2337 2356 2338
f 2322 2357 2321
f 2321 2357 2358
f 2321 2358 2359
f 2359 2358 2360
f 2359 2360 2361
f 2362 2363 2364
f 2365 2366 2367
f 2367 2366 2368
f 2367 2368 2369
f 2362 2364 2370
f 2364 2371 2370
f 2370 2371 2372
f 2370 2372 2373
f 2360 2374 2361
f 2361 2374 2375
f 2361 2375 2376
f 2376 2375 2377
f 2376 2377 2378
f 2378 2377 2379
f 2378 2379 2380
f 2380 2379 2381
f 2380 2381 2382
f 2382 2381 2383
f 2382 2383 2384
f 2384 2383 2385
f 2384 2385 2386
f 2386 2385 2387
f 2386 2387 2388
f 2388 2387 2389
f 2388 2389 2390
f 2390 2389 2391
f 2390 2391 2392
f 2392 2391 2393
f 2393 2391 2394
f 2393 2394 2395
f 2395 2394 2396
f 2395 2396 2367
f 2367 2396 2397
f 2367 2397 2324
f 2318 2398 2324
f 2324 2398 2399
f 2324 2399 2367
f 2367 2399 2400
f 2367 2400 2365
f 2342 2370 2343
f 2343 2370 2373
f 2343 2373 2401
f 2401 2373 2402
f 2401 2402 2403
f 2403 2402 2404
f 2403 2404 2405
f 2405 2404 2301
f 2405 2301 2406
f 2406 2301 2330
f 813 2407 2408
f 2409 768 739
f 2409 739 2410
f 2410 739 342
f 2410 342 2408
f 2408 342 341
f 2408 341 813
f 2411 2412 2413
f 2413 2412 2414
f 2413 2414 2415
f 2415 2414 2416
f 2415 2416 2417
f 2417 2416 2418
f 2417 2418 2419
f 2419 2418 2420
f 2419 2420 2421
f 2421 2420 2422
f 2421 2422 2423
f 2423 2422 2424
f 2423 2424 2425
f 2425 2424 2426
f 2425 2426 2427
f 2427 2426 2428
f 2427 2428 2429
f 2429 2428 2430
f 2429 2430 2431
f 2431 2430 2432
f 2431 2432 2433
f 2433 2432 2434
f 2433 2434 2435
f 2435 2434 2436
f 2435 2436 2437
f 2437 2436 2438
f 2437 2438 2439
f 2439 2438 2440
f 2439 2440 2441
f 2441 2440 2442
f 2441 2442 2443
f 2443 2442 2444
f 2443 2444 2445
f 2445 2444 2446
f 2445 2446 2447
f 2447 2446 2448
f 2447 2448 2449
f 2449 2448 2450
f 2449 2450 2451
f 2451 2450 2452
f 2451 2452 2453
f 2453 2452 2454
f 2453 2454 2455
f 2455 2454 2456
f 2455 2456 2457
f 2457 2456 2458
f 2457 2458 2459
f 2459 2458 2460
f 2459 2460 2461
f 2461 2460 2462
f 2461 2462 2463
f 2463 2462 2464
f 2463 2464 2465
f 2465 2464 2466
f 2465 2466 2467
f 2467 2466 2468
f 2467 2468 2469
f 2469 2468 2470
f 2469 2470 2471
f 2471 2470 2472
f 2471 2472 2473
f 2473 2472 2474
f 2473 2474 2475
f 2475 2474 2476
f 2475 2476 2477
f 2477 2476 2478
f 2477 2478 2479
f 2479 2478 2480
f 2479 2480 2481
f 2481 2480 2482
f 2481 2482 2483
f 2483 2482 2484
f 2483 2484 2485
f 2484 2486 2485
f 2485 2486 2487
f 2485 2487 2488
f 2488 2487 2489
f 2488 2489 2490
f 2490 2489 2491
f 2490 2491 2492
f 2492 2491 2493
f 2492 2493 2494
f 2494 2493 2495
f 2494 2495 2496
f 2496 2495 2497
f 2496 2497 2498
f 2498 2497 2499
f 2498 2499 2500
f 2500 2499 2501
f 2500 2501 2502
f 2502 2501 2503
f 2502 2503 2504
f 2504 2503 2505
f 2504 2505 2506
f 2506 2505 2507
f 2506 2507 2508
f 2508 2507 2509
f 2508 2509 2510
f 2510 2509 2511
f 2510 2511 2512
f 2512 2511 2513
f 2512 2513 2514
f 2514 2513 2515
f 2514 2515 2516
f 2516 2515 2517
f 2516 2517 2518
f 2518 2517 2519
f 2518 2519 2520
f 2520 2519 2521
f 2520 2521 2522
f 2522 2521 2523
f 2522 2523 2524
f 2524 2523 2525
f 2524 2525 2526
f 2526 2525 2527
f 2526 2527 2528
f 2528 2527 2529
f 2528 2529 2530
f 2530 2529 2531
f 2530 2531 2532
f 2532 2531 2533
f 2532 2533 2534
f 2534 2533 2535
f 2534 2535 2536
f 2536 2535 2537
f 2536 2537 2538
f 2538 2537 2539
f 2538 2539 2540
f 2540 2539 2541
f 2540 2541 2542
f 2542 2541 2543
f 2542 2543 2544
f 2544 2543 2545
f 2544 2545 2546
f 2546 2545 2547
f 2546 2547 2548
f 2548 2547 2549
f 2548 2549 2550
f 2550 2549 2551
f 2550 2551 2552
f 2552 2551 2553
f 2552 2553 2554
f 2554 2553 2555
f 2554 2555 2556
f 2556 2555 2557
f 2556 2557 2558
f 2558 2557 2559
f 2558 2559 2411
f 2411 2559 2560
f 2411 2560 2412
f 627 626 2561
f 2561 2562 627
f 627 2562 2563
f 627 2563 628
f 2563 2564 628
f 628 2564 2565
f 628 2565 629
f 2565 2566 629
f 629 2566 2567
f 629 2567 589
f 2567 2568 589
f 589 2568 2569
f 589 2569 588
f 2569 2570 588
f 588 2570 2571
f 588 2571 587
f 2572 591 590
f 2571 2573 587
f 587 2573 2574
f 587 2574 590
f 590 2574 2575
f 590 2575 2572
f 2576 592 2577
f 2577 592 591
f 2577 591 2578
f 2578 591 2572
f 2576 2579 592
f 592 2579 2580
f 592 2580 601
f 2580 2581 601
f 601 2581 2189
f 601 2189 602
f 2189 2188 602
f 602 2188 2186
f 602 2186 603
f 603 2186 2185
f 603 2185 616
f 616 2185 2228
f 616 2228 617
f 617 2228 2197
f 617 2197 618
f 618 2197 2196
f 618 2196 640
f 640 2196 2275
f 640 2275 641
f 641 2275 2237
f 641 2237 642
f 642 2237 2236
f 642 2236 646
f 646 2236 2234
f 646 2234 647
f 647 2234 2219
f 647 2219 648
f 648 2219 2218
f 648 2218 656
f 656 2218 2256
f 656 2256 657
f 657 2256 2258
f 657 2258 658
f 658 2258 2260
f 658 2260 630
f 630 2260 2262
f 630 2262 631
f 631 2262 2264
f 631 2264 632
f 632 2264 2266
f 632 2266 633
f 633 2266 2268
f 633 2268 649
f 649 2268 2270
f 649 2270 650
f 650 2270 2271
f 650 2271 609
f 609 2271 2216
f 609 2216 610
f 610 2216 2214
f 610 2214 611
f 611 2214 2213
f 611 2213 612
f 612 2213 2209
f 612 2209 634
f 634 2209 2211
f 634 2211 635
f 635 2211 2212
f 635 2212 636
f 636 2212 2195
f 636 2195 604
f 604 2195 2194
f 604 2194 605
f 605 2194 2193
f 605 2193 607
f 607 2193 2183
f 607 2183 608
f 608 2183 2182
f 608 2182 597
f 597 2182 2192
f 597 2192 598
f 598 2192 2191
f 598 2191 619
f 619 2191 2190
f 619 2190 620
f 620 2190 2208
f 620 2208 621
f 621 2208 2207
f 621 2207 593
f 593 2207 2206
f 593 2206 594
f 594 2206 2199
f 594 2199 613
f 613 2199 2201
f 613 2201 614
f 614 2201 2203
f 614 2203 615
f 615 2203 2205
f 615 2205 651
f 651 2205 2241
f 651 2241 652
f 652 2241 2243
f 652 2243 653
f 653 2243 2245
f 653 2245 659
f 659 2245 2247
f 659 2247 660
f 660 2247 2249
f 660 2249 661
f 661 2249 2251
f 661 2251 622
f 622 2251 2253
f 622 2253 623
f 623 2253 2280
f 623 2280 643
f 643 2280 2278
f 643 2278 644
f 644 2278 2229
f 644 2229 645
f 645 2229 2231
f 645 2231 654
f 654 2231 2232
f 654 2232 655
f 655 2232 2227
f 655 2227 637
f 637 2227 2226
f 637 2226 638
f 638 2226 2224
f 638 2224 639
f 639 2224 2222
f 639 2222 624
f 624 2222 2221
f 624 2221 599
f 599 2221 2180
f 599 2180 600
f 600 2180 2178
f 600 2178 625
f 625 2178 2177
f 625 2177 626
f 626 2177 2582
f 626 2582 2561
f 2583 680 696
f 2583 2584 680
f 680 2584 2585
f 680 2585 681
f 2586 666 2587
f 2587 666 681
f 2587 681 2588
f 2588 681 2585
f 698 2589 696
f 696 2589 2590
f 2590 2591 696
f 696 2591 2592
f 696 2592 2583
f 2593 2594 687
f 687 2594 2595
f 687 2595 698
f 698 2595 2596
f 698 2596 2589
f 2597 2598 686
f 686 2598 2599
f 686 2599 687
f 687 2599 1006
f 687 1006 2593
f 2597 686 2600
f 2600 686 724
f 2600 724 2601
f 2601 724 2602
f 2602 724 723
f 2602 723 2603
f 722 810 2604
f 2604 2605 722
f 722 2605 2606
f 722 2606 723
f 723 2606 2607
f 723 2607 2608
f 2608 2609 723
f 723 2609 2610
f 723 2610 2603
f 2611 2612 346
f 346 2612 2613
f 346 2613 347
f 2614 540 2615
f 2615 540 347
f 2615 347 2616
f 2616 347 2613
f 567 2617 346
f 346 2617 2618
f 2618 2619 346
f 346 2619 2620
f 346 2620 2611
f 379 2621 567
f 567 2621 2622
f 567 2622 2617
f 392 2623 379
f 379 2623 2624
f 379 2624 2621
f 398 2625 392
f 392 2625 1135
f 392 1135 2623
f 398 2626 2627
f 2627 2628 398
f 398 2628 2629
f 398 2629 2625
f 2626 398 2630
f 2630 398 414
f 2630 414 2631
f 568 571 2632
f 2632 2633 568
f 568 2633 2634
f 568 2634 403
f 403 2634 2635
f 2635 2636 403
f 403 2636 2637
f 403 2637 414
f 414 2637 2638
f 414 2638 2631
f 528 551 2639
f 2639 2640 528
f 528 2640 2641
f 528 2641 529
f 2641 2642 529
f 529 2642 2643
f 529 2643 545
f 2643 2644 545
f 545 2644 2645
f 545 2645 546
f 2645 2646 546
f 546 2646 2647
f 546 2647 530
f 2647 2648 530
f 530 2648 2649
f 530 2649 531
f 2650 527 532
f 2649 2651 531
f 531 2651 2652
f 531 2652 532
f 532 2652 2653
f 532 2653 2650
f 2654 526 2655
f 2655 526 527
f 2655 527 2656
f 2656 527 2650
f 2654 2657 526
f 526 2657 2658
f 526 2658 514
f 2658 2659 514
f 514 2659 2075
f 514 2075 515
f 2075 2074 515
f 515 2074 2073
f 515 2073 516
f 516 2073 2072
f 516 2072 517
f 517 2072 2070
f 517 2070 518
f 518 2070 2069
f 518 2069 477
f 477 2069 2101
f 477 2101 478
f 478 2101 2100
f 478 2100 479
f 479 2100 2077
f 479 2077 480
f 480 2077 2076
f 480 2076 488
f 488 2076 2095
f 488 2095 489
f 489 2095 2097
f 489 2097 490
f 490 2097 2099
f 490 2099 501
f 501 2099 2162
f 501 2162 502
f 502 2162 2160
f 502 2160 491
f 491 2160 2158
f 491 2158 492
f 492 2158 2156
f 492 2156 503
f 503 2156 2154
f 503 2154 504
f 504 2154 2152
f 504 2152 505
f 505 2152 2150
f 505 2150 519
f 519 2150 2148
f 519 2148 520
f 520 2148 2147
f 520 2147 521
f 521 2147 2145
f 521 2145 508
f 508 2145 2143
f 508 2143 509
f 509 2143 2142
f 509 2142 510
f 510 2142 2138
f 510 2138 511
f 511 2138 2140
f 511 2140 512
f 512 2140 2141
f 512 2141 513
f 513 2141 2119
f 513 2119 507
f 507 2119 2118
f 507 2118 506
f 506 2118 2117
f 506 2117 481
f 481 2117 2094
f 481 2094 482
f 482 2094 2116
f 482 2116 484
f 484 2116 2115
f 484 2115 485
f 485 2115 2067
f 485 2067 486
f 486 2067 2066
f 486 2066 487
f 487 2066 2092
f 487 2092 493
f 493 2092 2091
f 493 2091 494
f 494 2091 2090
f 494 2090 495
f 495 2090 2083
f 495 2083 496
f 496 2083 2085
f 496 2085 497
f 497 2085 2087
f 497 2087 499
f 499 2087 2089
f 499 2089 500
f 500 2089 2102
f 500 2102 533
f 533 2102 2104
f 533 2104 534
f 534 2104 2106
f 534 2106 522
f 522 2106 2108
f 522 2108 523
f 523 2108 2110
f 523 2110 535
f 535 2110 2112
f 535 2112 536
f 536 2112 2114
f 536 2114 537
f 537 2114 2168
f 537 2168 538
f 538 2168 2166
f 538 2166 539
f 539 2166 2134
f 539 2134 541
f 541 2134 2132
f 541 2132 547
f 547 2132 2131
f 547 2131 548
f 548 2131 2130
f 548 2130 549
f 549 2130 2129
f 549 2129 524
f 524 2129 2127
f 524 2127 525
f 525 2127 2125
f 525 2125 542
f 542 2125 2124
f 542 2124 543
f 543 2124 2082
f 543 2082 544
f 544 2082 2080
f 544 2080 550
f 550 2080 2079
f 550 2079 551
f 551 2079 2660
f 551 2660 2639
f 747 746 2661
f 2661 2662 747
f 747 2662 2663
f 747 2663 732
f 2663 2664 732
f 732 2664 2665
f 732 2665 731
f 2665 2666 731
f 731 2666 2667
f 731 2667 730
f 2667 2668 730
f 730 2668 2669
f 730 2669 777
f 2669 2670 777
f 777 2670 2671
f 777 2671 778
f 2672 749 748
f 2671 2673 778
f 778 2673 2674
f 778 2674 748
f 748 2674 2675
f 748 2675 2672
f 2676 779 2677
f 2677 779 749
f 2677 749 2678
f 2678 749 2672
f 2676 2679 779
f 779 2679 2680
f 779 2680 780
f 2680 2681 780
f 780 2681 2336
f 780 2336 775
f 2336 2335 775
f 775 2335 2334
f 775 2334 776
f 776 2334 2327
f 776 2327 781
f 781 2327 2326
f 781 2326 782
f 782 2326 2325
f 782 2325 763
f 763 2325 2317
f 763 2317 764
f 764 2317 2316
f 764 2316 765
f 765 2316 2324
f 765 2324 812
f 812 2324 2397
f 812 2397 811
f 811 2397 2396
f 811 2396 809
f 809 2396 2394
f 809 2394 807
f 807 2394 2391
f 807 2391 804
f 804 2391 2389
f 804 2389 802
f 802 2389 2387
f 802 2387 800
f 800 2387 2385
f 800 2385 798
f 798 2385 2383
f 798 2383 796
f 796 2383 2381
f 796 2381 794
f 794 2381 2379
f 794 2379 792
f 792 2379 2377
f 792 2377 790
f 790 2377 2375
f 790 2375 788
f 788 2375 2374
f 788 2374 787
f 787 2374 2360
f 787 2360 785
f 785 2360 2358
f 785 2358 783
f 783 2358 2357
f 783 2357 766
f 766 2357 2322
f 766 2322 767
f 767 2322 2320
f 767 2320 769
f 769 2320 2319
f 769 2319 770
f 770 2319 2315
f 770 2315 737
f 737 2315 2314
f 737 2314 738
f 738 2314 2313
f 738 2313 740
f 740 2313 2312
f 740 2312 741
f 741 2312 2310
f 741 2310 742
f 742 2310 2309
f 742 2309 750
f 750 2309 2298
f 750 2298 751
f 751 2298 2297
f 751 2297 752
f 752 2297 2323
f 752 2323 753
f 753 2323 2307
f 753 2307 754
f 754 2307 2306
f 754 2306 755
f 755 2306 2333
f 755 2333 771
f 771 2333 2332
f 771 2332 772
f 772 2332 2305
f 772 2305 756
f 756 2305 2304
f 756 2304 757
f 757 2304 2344
f 757 2344 725
f 725 2344 2346
f 725 2346 726
f 726 2346 2348
f 726 2348 727
f 727 2348 2350
f 727 2350 733
f 733 2350 2352
f 733 2352 734
f 734 2352 2354
f 734 2354 735
f 735 2354 2337
f 735 2337 758
f 758 2337 2339
f 758 2339 759
f 759 2339 2341
f 759 2341 743
f 743 2341 2343
f 743 2343 744
f 744 2343 2401
f 744 2401 760
f 760 2401 2403
f 760 2403 761
f 761 2403 2405
f 761 2405 762
f 762 2405 2406
f 762 2406 773
f 773 2406 2330
f 773 2330 774
f 774 2330 2329
f 774 2329 736
f 736 2329 2328
f 736 2328 728
f 728 2328 2302
f 728 2302 729
f 729 2302 2300
f 729 2300 745
f 745 2300 2299
f 745 2299 746
f 746 2299 2682
f 746 2682 2661
f 2683 2684 2685
f 1006 2686 2687
f 2687 2686 2688
f 2688 2686 2689
f 2688 2689 2690
f 2690 2689 2691
f 2690 2691 2692
f 2693 2694 2695
f 2695 2694 2696
f 2695 2696 2697
f 2697 2696 2698
f 2697 2698 2691
f 2691 2698 2699
f 2691 2699 2692
f 2700 2701 2693
f 2693 2701 2702
f 2693 2702 2694
f 2703 2704 2705
f 2705 2704 2700
f 2705 2700 2706
f 2706 2700 2693
f 2703 2705 2707
f 2707 2705 2708
f 2707 2708 2709
f 2709 2708 2710
f 2709 2710 2711
f 2711 2710 2712
f 2711 2712 2713
f 2713 2712 2714
f 2714 2712 2715
f 2714 2715 2716
f 2716 2715 2717
f 2717 2715 2718
f 2717 2718 2719
f 1006 2720 2721
f 2721 2720 2722
f 1006 2723 2720
f 2720 2723 2724
f 2720 2724 2722
f 2722 2724 2725
f 1006 1005 2726
f 2726 1005 1023
f 2726 1023 2727
f 2727 1023 1022
f 2727 1022 2728
f 2728 1022 1020
f 2728 1020 2729
f 1006 2730 2723
f 2723 2730 2731
f 2723 2731 2724
f 2724 2731 2732
f 2724 2732 2725
f 2725 2732 2733
f 1006 2734 2730
f 2730 2734 2735
f 2730 2735 2731
f 2731 2735 2736
f 2731 2736 2732
f 2732 2736 2737
f 2732 2737 2733
f 2733 2737 2738
f 1020 1019 2729
f 2729 1019 1017
f 2729 1017 2739
f 2739 1017 1015
f 2739 1015 2740
f 1006 2741 2734
f 2734 2741 2742
f 2734 2742 2735
f 2735 2742 2743
f 2735 2743 2736
f 2736 2743 2744
f 2736 2744 2737
f 2737 2744 2745
f 2737 2745 2738
f 2738 2745 2746
f 2747 2684 2748
f 2748 2684 2683
f 2748 2683 2749
f 1006 2750 2741
f 2741 2750 2751
f 2741 2751 2742
f 2742 2751 2752
f 2742 2752 2743
f 2743 2752 2753
f 2743 2753 2744
f 2744 2753 2754
f 2744 2754 2745
f 2745 2754 2755
f 2745 2755 2746
f 2746 2755 2756
f 2757 2747 2758
f 2758 2747 2748
f 2758 2748 2759
f 2759 2748 2749
f 2759 2749 2760
f 1015 1034 2740
f 2740 1034 1033
f 2740 1033 2761
f 2761 1033 1031
f 2761 1031 2762
f 1006 2763 2750
f 2750 2763 2764
f 2750 2764 2751
f 2751 2764 2765
f 2751 2765 2752
f 2752 2765 2766
f 2752 2766 2753
f 2753 2766 2767
f 2753 2767 2754
f 2754 2767 2768
f 2754 2768 2755
f 2755 2768 2769
f 2755 2769 2756
f 2756 2769 2770
f 2771 2757 2772
f 2772 2757 2758
f 2772 2758 2773
f 2773 2758 2759
f 2773 2759 2774
f 2774 2759 2760
f 2774 2760 2775
f 1006 2776 2763
f 2763 2776 2777
f 2763 2777 2764
f 2764 2777 2778
f 2764 2778 2765
f 2765 2778 2779
f 2765 2779 2766
f 2766 2779 2780
f 2766 2780 2767
f 2767 2780 2781
f 2767 2781 2768
f 2768 2781 2782
f 2768 2782 2769
f 2769 2782 2783
f 2769 2783 2770
f 2770 2783 2784
f 2785 2771 2786
f 2786 2771 2772
f 2786 2772 2787
f 2787 2772 2773
f 2787 2773 2788
f 2788 2773 2774
f 2788 2774 2789
f 2789 2774 2775
f 2789 2775 2790
f 1006 2791 2776
f 2776 2791 2792
f 2776 2792 2777
f 2777 2792 2793
f 2777 2793 2778
f 2778 2793 2794
f 2778 2794 2779
f 2779 2794 2795
f 2779 2795 2780
f 2780 2795 2796
f 2780 2796 2781
f 2781 2796 2797
f 2781 2797 2782
f 2782 2797 2798
f 2782 2798 2783
f 2783 2798 2799
f 2783 2799 2784
f 2784 2799 2800
f 2801 2785 2802
f 2802 2785 2786
f 2802 2786 2803
f 2803 2786 2787
f 2803 2787 2804
f 2804 2787 2788
f 2804 2788 2805
f 2805 2788 2789
f 2805 2789 2806
f 2806 2789 2790
f 2806 2790 2807
f 2808 2800 2809
f 2809 2800 2799
f 2809 2799 2810
f 2810 2799 2798
f 2810 2798 2762
f 2762 2798 2797
f 2762 2797 2761
f 2761 2797 2796
f 2761 2796 2740
f 2740 2796 2795
f 2740 2795 2739
f 2739 2795 2794
f 2739 2794 2729
f 2729 2794 2793
f 2729 2793 2728
f 2728 2793 2792
f 2728 2792 2727
f 2727 2792 2791
f 2727 2791 2726
f 2726 2791 1006
f 2811 2801 2812
f 2812 2801 2802
f 2812 2802 2813
f 2813 2802 2803
f 2813 2803 2814
f 2814 2803 2804
f 2814 2804 2815
f 2815 2804 2805
f 2815 2805 2816
f 2816 2805 2806
f 2816 2806 2817
f 2817 2806 2807
f 2817 2807 2818
f 1031 1030 2762
f 2762 1030 1029
f 2762 1029 2810
f 2810 1029 1027
f 2810 1027 2809
f 2809 1027 1025
f 2809 1025 2808
f 2808 1025 1043
f 2808 1043 1042
f 2819 2811 2820
f 2820 2811 2812
f 2820 2812 2821
f 2821 2812 2813
f 2821 2813 2822
f 2822 2813 2814
f 2822 2814 2823
f 2823 2814 2815
f 2823 2815 2824
f 2824 2815 2816
f 2824 2816 2825
f 2825 2816 2817
f 2825 2817 2826
f 2826 2817 2818
f 2826 2818 2827
f 2828 2829 2830
f 2830 2829 2831
f 2830 2831 2832
f 2832 2831 2833
f 2832 2833 2834
f 2834 2833 2835
f 2834 2835 2836
f 2836 2835 2837
f 2836 2837 2838
f 2838 2837 2839
f 2838 2839 2840
f 2840 2839 2841
f 2840 2841 2842
f 2842 2841 2843
f 2842 2843 2844
f 2844 2843 2845
f 2844 2845 2846
f 2846 2845 2847
f 2846 2847 2848
f 1006 2849 2850
f 2850 2849 2851
f 2850 2851 2852
f 2852 2851 2853
f 2852 2853 2854
f 2854 2853 2855
f 2854 2855 2856
f 2856 2855 2857
f 2856 2857 2858
f 2858 2857 2859
f 2858 2859 2860
f 2860 2859 2861
f 2860 2861 2862
f 2862 2861 2863
f 2862 2863 2864
f 2864 2863 2865
f 2864 2865 2866
f 2866 2865 2867
f 2866 2867 2868
f 2868 2867 2869
f 2868 2869 2870
f 2870 2869 2871
f 2870 2871 2872
f 1006 2873 2686
f 2686 2873 2874
f 2686 2874 2689
f 2689 2874 2875
f 2689 2875 2691
f 2691 2875 2876
f 2691 2876 2697
f 2697 2876 2877
f 2697 2877 2695
f 2695 2877 2878
f 2695 2878 2693
f 2693 2878 2879
f 2693 2879 2706
f 2706 2879 2880
f 2706 2880 2705
f 2705 2880 2881
f 2705 2881 2708
f 2708 2881 2882
f 2708 2882 2710
f 2710 2882 2883
f 2710 2883 2712
f 2712 2883 2884
f 2712 2884 2715
f 2715 2884 2885
f 2715 2885 2718
f 2827 1042 1040
f 1040 2886 2827
f 2827 2886 2887
f 2827 2887 2826
f 2826 2887 2888
f 2826 2888 2825
f 2825 2888 2889
f 2825 2889 2824
f 2824 2889 2890
f 2824 2890 2823
f 2823 2890 2891
f 2823 2891 2822
f 2822 2891 2892
f 2822 2892 2821
f 2821 2892 2893
f 2821 2893 2820
f 2893 2894 2820
f 2820 2894 2895
f 2820 2895 2819
f 2819 2895 2896
f 2819 2896 2897
f 2829 2685 2831
f 2831 2685 2684
f 2831 2684 2833
f 2833 2684 2747
f 2833 2747 2835
f 2835 2747 2757
f 2835 2757 2837
f 2837 2757 2771
f 2837 2771 2839
f 2839 2771 2785
f 2839 2785 2841
f 2841 2785 2801
f 2841 2801 2843
f 2843 2801 2811
f 2843 2811 2845
f 2845 2811 2819
f 2845 2819 2847
f 2847 2819 2897
f 2897 2898 2847
f 2847 2898 2899
f 2847 2899 2848
f 2848 2899 2900
f 2848 2900 2901
f 2849 2828 2851
f 2851 2828 2830
f 2851 2830 2853
f 2853 2830 2832
f 2853 2832 2855
f 2855 2832 2834
f 2855 2834 2857
f 2857 2834 2836
f 2857 2836 2859
f 2859 2836 2838
f 2859 2838 2861
f 2861 2838 2840
f 2861 2840 2863
f 2863 2840 2842
f 2863 2842 2865
f 2865 2842 2844
f 2865 2844 2867
f 2867 2844 2846
f 2867 2846 2869
f 2869 2846 2848
f 2869 2848 2871
f 2871 2848 2901
f 2901 2902 2871
f 2871 2902 2903
f 2871 2903 2872
f 2872 2903 2904
f 2872 2904 2905
f 1006 2850 2873
f 2873 2850 2852
f 2873 2852 2874
f 2874 2852 2854
f 2874 2854 2875
f 2875 2854 2856
f 2875 2856 2876
f 2876 2856 2858
f 2876 2858 2877
f 2877 2858 2860
f 2877 2860 2878
f 2878 2860 2862
f 2878 2862 2879
f 2879 2862 2864
f 2879 2864 2880
f 2880 2864 2866
f 2880 2866 2881
f 2881 2866 2868
f 2881 2868 2882
f 2882 2868 2870
f 2882 2870 2883
f 2883 2870 2872
f 2883 2872 2884
f 2884 2872 2905
f 2884 2905 2885
f 1042 2827 2808
f 2808 2827 2818
f 2808 2818 2800
f 2800 2818 2807
f 2800 2807 2784
f 2784 2807 2790
f 2784 2790 2770
f 2770 2790 2775
f 2770 2775 2756
f 2756 2775 2760
f 2756 2760 2746
f 2746 2760 2749
f 2746 2749 2738
f 2738 2749 2683
f 2738 2683 2733
f 2733 2683 2685
f 2733 2685 2725
f 2725 2685 2829
f 2725 2829 2722
f 2722 2829 2828
f 2722 2828 2721
f 2721 2828 2849
f 2721 2849 1006
f 1054 1052 2906
f 1060 1058 2907
f 2908 2909 2910
f 2910 2909 2911
f 2910 2911 2912
f 2913 2272 2274
f 2274 2914 2913
f 2913 2914 2915
f 2913 2915 2911
f 2911 2915 2916
f 2911 2916 2912
f 2886 1040 1038
f 2917 1036 1075
f 1075 1074 2918
f 2918 1074 1072
f 1072 1070 2919
f 2919 1070 1068
f 1068 1066 2920
f 2920 1066 1064
f 1064 1062 2921
f 2921 1062 1060
f 1058 1056 2922
f 2922 1056 1054
f 1038 1036 2886
f 2886 1036 2917
f 2886 2917 2887
f 2887 2917 2923
f 2887 2923 2888
f 2888 2923 2924
f 2888 2924 2889
f 2889 2924 2925
f 2889 2925 2890
f 2890 2925 2926
f 2890 2926 2891
f 2891 2926 2927
f 2891 2927 2892
f 2892 2927 2928
f 2892 2928 2893
f 2893 2928 2894
f 2894 2928 2929
f 2894 2929 2895
f 2895 2929 2896
f 2896 2929 2930
f 2896 2930 2897
f 2897 2930 2898
f 2898 2930 2931
f 2898 2931 2899
f 2899 2931 2900
f 2900 2931 2932
f 2900 2932 2901
f 2901 2932 2902
f 2902 2932 2933
f 2902 2933 2903
f 2903 2933 2904
f 2904 2933 2934
f 2904 2934 2905
f 2905 2934 2885
f 2885 2934 2908
f 2885 2908 2718
f 2718 2908 2910
f 2718 2910 2719
f 1075 2918 2917
f 2917 2918 2935
f 2917 2935 2923
f 2923 2935 2936
f 2923 2936 2924
f 2924 2936 2937
f 2924 2937 2925
f 2925 2937 2938
f 2925 2938 2926
f 2926 2938 2939
f 2926 2939 2927
f 2927 2939 2940
f 2927 2940 2928
f 2928 2940 2941
f 2928 2941 2929
f 2929 2941 2942
f 2929 2942 2930
f 2930 2942 2943
f 2930 2943 2931
f 2931 2943 2944
f 2931 2944 2932
f 2932 2944 2945
f 2932 2945 2933
f 2933 2945 2946
f 2933 2946 2934
f 2934 2946 2947
f 2934 2947 2908
f 2908 2947 2948
f 2908 2948 2909
f 2909 2948 2949
f 2909 2949 2911
f 2911 2949 2950
f 2911 2950 2913
f 2913 2950 2239
f 2913 2239 2272
f 1072 2919 2918
f 2918 2919 2951
f 2918 2951 2935
f 2935 2951 2952
f 2935 2952 2936
f 2936 2952 2953
f 2936 2953 2937
f 2937 2953 2954
f 2937 2954 2938
f 2938 2954 2955
f 2938 2955 2939
f 2939 2955 2956
f 2939 2956 2940
f 2940 2956 2957
f 2940 2957 2941
f 2941 2957 2958
f 2941 2958 2942
f 2942 2958 2959
f 2942 2959 2943
f 2943 2959 2960
f 2943 2960 2944
f 2944 2960 2961
f 2944 2961 2945
f 2945 2961 2962
f 2945 2962 2946
f 2946 2962 2963
f 2946 2963 2947
f 2947 2963 2964
f 2947 2964 2948
f 2948 2964 2965
f 2948 2965 2949
f 2949 2965 2966
f 2949 2966 2950
f 2950 2966 2240
f 2950 2240 2239
f 1068 2920 2919
f 2919 2920 2967
f 2919 2967 2951
f 2951 2967 2968
f 2951 2968 2952
f 2952 2968 2969
f 2952 2969 2953
f 2953 2969 2970
f 2953 2970 2954
f 2954 2970 2971
f 2954 2971 2955
f 2955 2971 2972
f 2955 2972 2956
f 2956 2972 2973
f 2956 2973 2957
f 2957 2973 2974
f 2957 2974 2958
f 2958 2974 2975
f 2958 2975 2959
f 2959 2975 2976
f 2959 2976 2960
f 2960 2976 2977
f 2960 2977 2961
f 2961 2977 2978
f 2961 2978 2962
f 2962 2978 2979
f 2962 2979 2963
f 2963 2979 2980
f 2963 2980 2964
f 2964 2980 2981
f 2964 2981 2965
f 2965 2981 2982
f 2965 2982 2966
f 2966 2982 2230
f 2966 2230 2240
f 1064 2921 2920
f 2920 2921 2983
f 2920 2983 2967
f 2967 2983 2984
f 2967 2984 2968
f 2968 2984 2985
f 2968 2985 2969
f 2969 2985 2986
f 2969 2986 2970
f 2970 2986 2987
f 2970 2987 2971
f 2971 2987 2988
f 2971 2988 2972
f 2972 2988 2989
f 2972 2989 2973
f 2973 2989 2990
f 2973 2990 2974
f 2974 2990 2991
f 2974 2991 2975
f 2975 2991 2992
f 2975 2992 2976
f 2976 2992 2993
f 2976 2993 2977
f 2977 2993 2994
f 2977 2994 2978
f 2978 2994 2995
f 2978 2995 2979
f 2979 2995 2996
f 2979 2996 2980
f 2980 2996 2997
f 2980 2997 2981
f 2981 2997 2998
f 2981 2998 2982
f 2982 2998 2225
f 2982 2225 2230
f 1060 2907 2921
f 2921 2907 2999
f 2921 2999 2983
f 2983 2999 3000
f 2983 3000 2984
f 2984 3000 3001
f 2984 3001 2985
f 2985 3001 3002
f 2985 3002 2986
f 2986 3002 3003
f 2986 3003 2987
f 2987 3003 3004
f 2987 3004 2988
f 2988 3004 3005
f 2988 3005 2989
f 2989 3005 3006
f 2989 3006 2990
f 2990 3006 3007
f 2990 3007 2991
f 2991 3007 3008
f 2991 3008 2992
f 2992 3008 3009
f 2992 3009 2993
f 2993 3009 3010
f 2993 3010 2994
f 2994 3010 3011
f 2994 3011 2995
f 2995 3011 3012
f 2995 3012 2996
f 2996 3012 3013
f 2996 3013 2997
f 2997 3013 3014
f 2997 3014 2998
f 2998 3014 2223
f 2998 2223 2225
f 1058 2922 2907
f 2907 2922 3015
f 2907 3015 2999
f 2999 3015 3016
f 2999 3016 3000
f 3000 3016 3017
f 3000 3017 3001
f 3001 3017 3018
f 3001 3018 3002
f 3002 3018 3019
f 3002 3019 3003
f 3003 3019 3020
f 3003 3020 3004
f 3004 3020 3021
f 3004 3021 3005
f 3005 3021 3022
f 3005 3022 3006
f 3006 3022 3023
f 3006 3023 3007
f 3007 3023 3024
f 3007 3024 3008
f 3008 3024 3025
f 3008 3025 3009
f 3009 3025 3026
f 3009 3026 3010
f 3010 3026 3027
f 3010 3027 3011
f 3011 3027 3028
f 3011 3028 3012
f 3012 3028 3029
f 3012 3029 3013
f 3013 3029 3030
f 3013 3030 3014
f 3014 3030 2179
f 3014 2179 2223
f 1054 2906 2922
f 2922 2906 3031
f 2922 3031 3015
f 3015 3031 3032
f 3015 3032 3016
f 3016 3032 3033
f 3016 3033 3017
f 3017 3033 3034
f 3017 3034 3018
f 3018 3034 3035
f 3018 3035 3019
f 3019 3035 3036
f 3019 3036 3020
f 3020 3036 3037
f 3020 3037 3021
f 3021 3037 3038
f 3021 3038 3022
f 3022 3038 3039
f 3022 3039 3023
f 3023 3039 3040
f 3023 3040 3024
f 3024 3040 3041
f 3024 3041 3025
f 3025 3041 3042
f 3025 3042 3026
f 3026 3042 3043
f 3026 3043 3027
f 3027 3043 3044
f 3027 3044 3028
f 3028 3044 3045
f 3028 3045 3029
f 3029 3045 3046
f 3029 3046 3030
f 3030 3046 2177
f 3030 2177 2179
f 2581 2580 3047
f 2576 2577 3048
f 2574 2573 3049
f 1083 1082 3050
f 2582 2177 3046
f 2582 3046 2561
f 3051 3052 3053
f 3053 3052 3054
f 3053 3054 3055
f 3055 3054 3056
f 3055 3056 3057
f 3057 3056 3058
f 3057 3058 3059
f 3059 3058 3060
f 3059 3060 3061
f 3061 3060 3062
f 3061 3062 3063
f 3063 3062 3064
f 3063 3064 3065
f 3065 3064 3066
f 3065 3066 3067
f 3067 3066 3068
f 3067 3068 3069
f 3069 3068 3070
f 3069 3070 3071
f 3071 3070 3072
f 3071 3072 3073
f 3073 3072 3074
f 3073 3074 3075
f 3075 3074 3076
f 3075 3076 3077
f 3077 3076 3078
f 3077 3078 3079
f 3079 3078 3080
f 3079 3080 3081
f 3081 3080 3082
f 3081 3082 3083
f 3083 3082 3084
f 3083 3084 1045
f 1045 3084 1051
f 3085 3051 3086
f 3086 3051 3053
f 3086 3053 3087
f 3087 3053 3055
f 3087 3055 3088
f 3088 3055 3057
f 3088 3057 3089
f 3089 3057 3059
f 3089 3059 3090
f 3090 3059 3061
f 3090 3061 3091
f 3091 3061 3063
f 3091 3063 3092
f 3092 3063 3065
f 3092 3065 3093
f 3093 3065 3067
f 3093 3067 3094
f 3094 3067 3069
f 3094 3069 3095
f 3095 3069 3071
f 3095 3071 3096
f 3096 3071 3073
f 3096 3073 3097
f 3097 3073 3075
f 3097 3075 3098
f 3098 3075 3077
f 3098 3077 3099
f 3099 3077 3079
f 3099 3079 3100
f 3100 3079 3081
f 3100 3081 3101
f 3101 3081 3083
f 3101 3083 1044
f 1044 3083 1045
f 1052 1051 2906
f 2906 1051 3084
f 2906 3084 3031
f 3031 3084 3082
f 3031 3082 3032
f 3032 3082 3080
f 3032 3080 3033
f 3033 3080 3078
f 3033 3078 3034
f 3034 3078 3076
f 3034 3076 3035
f 3035 3076 3074
f 3035 3074 3036
f 3036 3074 3072
f 3036 3072 3037
f 3037 3072 3070
f 3037 3070 3038
f 3038 3070 3068
f 3038 3068 3039
f 3039 3068 3066
f 3039 3066 3040
f 3040 3066 3064
f 3040 3064 3041
f 3041 3064 3062
f 3041 3062 3042
f 3042 3062 3060
f 3042 3060 3043
f 3043 3060 3058
f 3043 3058 3044
f 3044 3058 3056
f 3044 3056 3045
f 3045 3056 3054
f 3045 3054 3046
f 3046 3054 3052
f 3046 3052 2561
f 2561 3052 3051
f 2561 3051 2562
f 2562 3051 3085
f 2562 3085 2563
f 3102 3085 3103
f 3103 3085 3086
f 3103 3086 3104
f 3104 3086 3087
f 3104 3087 3105
f 3105 3087 3088
f 3105 3088 3106
f 3106 3088 3089
f 3106 3089 3107
f 3107 3089 3090
f 3107 3090 3108
f 3108 3090 3091
f 3108 3091 3109
f 3109 3091 3092
f 3109 3092 3110
f 3110 3092 3093
f 3110 3093 3111
f 3111 3093 3094
f 3111 3094 3112
f 3112 3094 3095
f 3112 3095 3113
f 3113 3095 3096
f 3113 3096 3114
f 3114 3096 3097
f 3114 3097 3115
f 3115 3097 3098
f 3115 3098 3116
f 3116 3098 3099
f 3116 3099 3117
f 3117 3099 3100
f 3117 3100 3118
f 3118 3100 3101
f 3118 3101 1047
f 1047 3101 1044
f 2567 2566 3102
f 3102 2566 2565
f 3102 2565 3085
f 3085 2565 2564
f 3085 2564 2563
f 3119 3120 3121
f 3121 3120 3122
f 3121 3122 3123
f 3123 3122 3124
f 3123 3124 3125
f 3125 3124 3126
f 3125 3126 3127
f 3127 3126 3128
f 3127 3128 3129
f 3129 3128 3130
f 3129 3130 3131
f 3131 3130 3132
f 3131 3132 3133
f 3133 3132 3134
f 3133 3134 3135
f 3135 3134 3136
f 3135 3136 3137
f 3137 3136 3138
f 3137 3138 3139
f 3139 3138 3140
f 3139 3140 3141
f 3141 3140 3142
f 3141 3142 3143
f 3143 3142 3144
f 3143 3144 3145
f 3145 3144 3146
f 3145 3146 3147
f 3147 3146 3148
f 3147 3148 3149
f 3149 3148 3150
f 3149 3150 3151
f 3151 3150 3152
f 3151 3152 1049
f 1049 3152 1050
f 3153 3119 3154
f 3154 3119 3121
f 3154 3121 3155
f 3155 3121 3123
f 3155 3123 3156
f 3156 3123 3125
f 3156 3125 3157
f 3157 3125 3127
f 3157 3127 3158
f 3158 3127 3129
f 3158 3129 3159
f 3159 3129 3131
f 3159 3131 3160
f 3160 3131 3133
f 3160 3133 3161
f 3161 3133 3135
f 3161 3135 3162
f 3162 3135 3137
f 3162 3137 3163
f 3163 3137 3139
f 3163 3139 3164
f 3164 3139 3141
f 3164 3141 3165
f 3165 3141 3143
f 3165 3143 3166
f 3166 3143 3145
f 3166 3145 3167
f 3167 3145 3147
f 3167 3147 3168
f 3168 3147 3149
f 3168 3149 3169
f 3169 3149 3151
f 3169 3151 1048
f 1048 3151 1049
f 1047 1050 3118
f 3118 1050 3152
f 3118 3152 3117
f 3117 3152 3150
f 3117 3150 3116
f 3116 3150 3148
f 3116 3148 3115
f 3115 3148 3146
f 3115 3146 3114
f 3114 3146 3144
f 3114 3144 3113
f 3113 3144 3142
f 3113 3142 3112
f 3112 3142 3140
f 3112 3140 3111
f 3111 3140 3138
f 3111 3138 3110
f 3110 3138 3136
f 3110 3136 3109
f 3109 3136 3134
f 3109 3134 3108
f 3108 3134 3132
f 3108 3132 3107
f 3107 3132 3130
f 3107 3130 3106
f 3106 3130 3128
f 3106 3128 3105
f 3105 3128 3126
f 3105 3126 3104
f 3104 3126 3124
f 3104 3124 3103
f 3103 3124 3122
f 3103 3122 3102
f 3102 3122 3120
f 3102 3120 2567
f 2567 3120 3119
f 2567 3119 2568
f 2568 3119 3153
f 2568 3153 2569
f 2569 3153 2570
f 2571 2570 3170
f 3170 2570 3153
f 3170 3153 3171
f 3171 3153 3154
f 3171 3154 3172
f 3172 3154 3155
f 3172 3155 3173
f 3173 3155 3156
f 3173 3156 3174
f 3174 3156 3157
f 3174 3157 3175
f 3175 3157 3158
f 3175 3158 3176
f 3176 3158 3159
f 3176 3159 3177
f 3177 3159 3160
f 3177 3160 3178
f 3178 3160 3161
f 3178 3161 3179
f 3179 3161 3162
f 3179 3162 3180
f 3180 3162 3163
f 3180 3163 3181
f 3181 3163 3164
f 3181 3164 3182
f 3182 3164 3165
f 3182 3165 3183
f 3183 3165 3166
f 3183 3166 3184
f 3184 3166 3167
f 3184 3167 3185
f 3185 3167 3168
f 3185 3168 3050
f 3050 3168 3169
f 3050 3169 1083
f 1083 3169 1048
f 2573 2571 3049
f 3049 2571 3170
f 3049 3170 3186
f 3186 3170 3171
f 3186 3171 3187
f 3187 3171 3172
f 3187 3172 3188
f 3188 3172 3173
f 3188 3173 3189
f 3189 3173 3174
f 3189 3174 3190
f 3190 3174 3175
f 3190 3175 3191
f 3191 3175 3176
f 3191 3176 3192
f 3192 3176 3177
f 3192 3177 3193
f 3193 3177 3178
f 3193 3178 3194
f 3194 3178 3179
f 3194 3179 3195
f 3195 3179 3180
f 3195 3180 3196
f 3196 3180 3181
f 3196 3181 3197
f 3197 3181 3182
f 3197 3182 3198
f 3198 3182 3183
f 3198 3183 3199
f 3199 3183 3184
f 3199 3184 3200
f 3200 3184 3185
f 3200 3185 3201
f 3201 3185 3050
f 3201 3050 1081
f 1081 3050 1082
f 2575 2574 3202
f 3202 2574 3049
f 3202 3049 3203
f 3203 3049 3186
f 3203 3186 3204
f 3204 3186 3187
f 3204 3187 3205
f 3205 3187 3188
f 3205 3188 3206
f 3206 3188 3189
f 3206 3189 3207
f 3207 3189 3190
f 3207 3190 3208
f 3208 3190 3191
f 3208 3191 3209
f 3209 3191 3192
f 3209 3192 3210
f 3210 3192 3193
f 3210 3193 3211
f 3211 3193 3194
f 3211 3194 3212
f 3212 3194 3195
f 3212 3195 3213
f 3213 3195 3196
f 3213 3196 3214
f 3214 3196 3197
f 3214 3197 3215
f 3215 3197 3198
f 3215 3198 3216
f 3216 3198 3199
f 3216 3199 3217
f 3217 3199 3200
f 3217 3200 3218
f 3218 3200 3201
f 3218 3201 1080
f 1080 3201 1081
f 2572 2575 3219
f 3219 2575 3202
f 3219 3202 3220
f 3220 3202 3203
f 3220 3203 3221
f 3221 3203 3204
f 3221 3204 3222
f 3222 3204 3205
f 3222 3205 3223
f 3223 3205 3206
f 3223 3206 3224
f 3224 3206 3207
f 3224 3207 3225
f 3225 3207 3208
f 3225 3208 3226
f 3226 3208 3209
f 3226 3209 3227
f 3227 3209 3210
f 3227 3210 3228
f 3228 3210 3211
f 3228 3211 3229
f 3229 3211 3212
f 3229 3212 3230
f 3230 3212 3213
f 3230 3213 3231
f 3231 3213 3214
f 3231 3214 3232
f 3232 3214 3215
f 3232 3215 3233
f 3233 3215 3216
f 3233 3216 3234
f 3234 3216 3217
f 3234 3217 3235
f 3235 3217 3218
f 3235 3218 1079
f 1079 3218 1080
f 2578 2572 3236
f 3236 2572 3219
f 3236 3219 3237
f 3237 3219 3220
f 3237 3220 3238
f 3238 3220 3221
f 3238 3221 3239
f 3239 3221 3222
f 3239 3222 3240
f 3240 3222 3223
f 3240 3223 3241
f 3241 3223 3224
f 3241 3224 3242
f 3242 3224 3225
f 3242 3225 3243
f 3243 3225 3226
f 3243 3226 3244
f 3244 3226 3227
f 3244 3227 3245
f 3245 3227 3228
f 3245 3228 3246
f 3246 3228 3229
f 3246 3229 3247
f 3247 3229 3230
f 3247 3230 3248
f 3248 3230 3231
f 3248 3231 3249
f 3249 3231 3232
f 3249 3232 3250
f 3250 3232 3233
f 3250 3233 3251
f 3251 3233 3234
f 3251 3234 3252
f 3252 3234 3235
f 3252 3235 1078
f 1078 3235 1079
f 2577 2578 3048
f 3048 2578 3236
f 3048 3236 3253
f 3253 3236 3237
f 3253 3237 3254
f 3254 3237 3238
f 3254 3238 3255
f 3255 3238 3239
f 3255 3239 3256
f 3256 3239 3240
f 3256 3240 3257
f 3257 3240 3241
f 3257 3241 3258
f 3258 3241 3242
f 3258 3242 3259
f 3259 3242 3243
f 3259 3243 3260
f 3260 3243 3244
f 3260 3244 3261
f 3261 3244 3245
f 3261 3245 3262
f 3262 3245 3246
f 3262 3246 3263
f 3263 3246 3247
f 3263 3247 3264
f 3264 3247 3248
f 3264 3248 3265
f 3265 3248 3249
f 3265 3249 3266
f 3266 3249 3250
f 3266 3250 3267
f 3267 3250 3251
f 3267 3251 3268
f 3268 3251 3252
f 3268 3252 1077
f 1077 3252 1078
f 2579 2576 3269
f 3269 2576 3048
f 3269 3048 3270
f 3270 3048 3253
f 3270 3253 3271
f 3271 3253 3254
f 3271 3254 3272
f 3272 3254 3255
f 3272 3255 3273
f 3273 3255 3256
f 3273 3256 3274
f 3274 3256 3257
f 3274 3257 3275
f 3275 3257 3258
f 3275 3258 3276
f 3276 3258 3259
f 3276 3259 3277
f 3277 3259 3260
f 3277 3260 3278
f 3278 3260 3261
f 3278 3261 3279
f 3279 3261 3262
f 3279 3262 3280
f 3280 3262 3263
f 3280 3263 3281
f 3281 3263 3264
f 3281 3264 3282
f 3282 3264 3265
f 3282 3265 3283
f 3283 3265 3266
f 3283 3266 3284
f 3284 3266 3267
f 3284 3267 3285
f 3285 3267 3268
f 3285 3268 1076
f 1076 3268 1077
f 2580 2579 3047
f 3047 2579 3269
f 3047 3269 3286
f 3286 3269 3270
f 3286 3270 3287
f 3287 3270 3271
f 3287 3271 3288
f 3288 3271 3272
f 3288 3272 3289
f 3289 3272 3273
f 3289 3273 3290
f 3290 3273 3274
f 3290 3274 3291
f 3291 3274 3275
f 3291 3275 3292
f 3292 3275 3276
f 3292 3276 3293
f 3293 3276 3277
f 3293 3277 3294
f 3294 3277 3278
f 3294 3278 3295
f 3295 3278 3279
f 3295 3279 3296
f 3296 3279 3280
f 3296 3280 3297
f 3297 3280 3281
f 3297 3281 3298
f 3298 3281 3282
f 3298 3282 3299
f 3299 3282 3283
f 3299 3283 3300
f 3300 3283 3284
f 3300 3284 3301
f 3301 3284 3285
f 3301 3285 1090
f 1090 3285 1076
f 2189 2581 3302
f 3302 2581 3047
f 3302 3047 3303
f 3303 3047 3286
f 3303 3286 3304
f 3304 3286 3287
f 3304 3287 3305
f 3305 3287 3288
f 3305 3288 3306
f 3306 3288 3289
f 3306 3289 3307
f 3307 3289 3290
f 3307 3290 3308
f 3308 3290 3291
f 3308 3291 3309
f 3309 3291 3292
f 3309 3292 3310
f 3310 3292 3293
f 3310 3293 3311
f 3311 3293 3294
f 3311 3294 3312
f 3312 3294 3295
f 3312 3295 3313
f 3313 3295 3296
f 3313 3296 3314
f 3314 3296 3297
f 3314 3297 3315
f 3315 3297 3298
f 3315 3298 3316
f 3316 3298 3299
f 3316 3299 3317
f 3317 3299 3300
f 3317 3300 3318
f 3318 3300 3301
f 3318 3301 1089
f 1089 3301 1090
f 3319 3320 3321
f 1087 1085 3322
f 2285 3323 2286
f 2286 3323 3324
f 3324 3323 3325
f 3325 3323 3326
f 3325 3326 3327
f 3328 3329 3330
f 3327 3326 3331
f 3331 3326 3332
f 3331 3332 3330
f 3330 3332 3333
f 3330 3333 3328
f 3318 1089 1087
f 1085 1113 3334
f 3334 1113 1112
f 1112 1110 3335
f 3335 1110 1108
f 1108 1106 3336
f 3336 1106 1104
f 1104 1102 3337
f 3337 1102 1100
f 1100 1098 3338
f 3338 1098 1096
f 1096 1094 3339
f 3339 1094 1092
f 3340 3341 3342
f 3342 3341 3339
f 3342 3339 3343
f 3343 3339 1092
f 3343 1092 1123
f 3340 3344 3341
f 3341 3344 3345
f 3341 3345 3346
f 3346 3345 3319
f 3319 3345 3347
f 3319 3347 3320
f 3348 3349 3321
f 3321 3349 3350
f 3321 3350 3319
f 3348 3351 3349
f 3349 3351 3352
f 3349 3352 3353
f 3353 3352 3354
f 3352 3355 3354
f 3354 3355 3356
f 3354 3356 3357
f 3356 3358 3357
f 3357 3358 3359
f 3357 3359 3360
f 3359 3361 3360
f 3360 3361 3362
f 3360 3362 3363
f 3362 3364 3363
f 3363 3364 3365
f 3363 3365 3366
f 3365 3367 3366
f 3366 3367 3368
f 3366 3368 3369
f 3368 3370 3369
f 3369 3370 3371
f 3369 3371 3333
f 3333 3371 3372
f 3333 3372 3328
f 1087 3322 3318
f 3318 3322 3373
f 3318 3373 3317
f 3317 3373 3374
f 3317 3374 3316
f 3316 3374 3375
f 3316 3375 3315
f 3315 3375 3376
f 3315 3376 3314
f 3314 3376 3377
f 3314 3377 3313
f 3313 3377 3378
f 3313 3378 3312
f 3312 3378 3379
f 3312 3379 3311
f 3311 3379 3380
f 3311 3380 3310
f 3310 3380 3381
f 3310 3381 3309
f 3309 3381 3382
f 3309 3382 3308
f 3308 3382 3383
f 3308 3383 3307
f 3307 3383 3384
f 3307 3384 3306
f 3306 3384 3385
f 3306 3385 3305
f 3305 3385 3386
f 3305 3386 3304
f 3304 3386 3387
f 3304 3387 3303
f 3303 3387 3388
f 3303 3388 3302
f 3302 3388 2187
f 3302 2187 2189
f 1085 3334 3322
f 3322 3334 3389
f 3322 3389 3373
f 3373 3389 3390
f 3373 3390 3374
f 3374 3390 3391
f 3374 3391 3375
f 3375 3391 3392
f 3375 3392 3376
f 3376 3392 3393
f 3376 3393 3377
f 3377 3393 3394
f 3377 3394 3378
f 3378 3394 3395
f 3378 3395 3379
f 3379 3395 3396
f 3379 3396 3380
f 3380 3396 3397
f 3380 3397 3381
f 3381 3397 3398
f 3381 3398 3382
f 3382 3398 3399
f 3382 3399 3383
f 3383 3399 3400
f 3383 3400 3384
f 3384 3400 3401
f 3384 3401 3385
f 3385 3401 3402
f 3385 3402 3386
f 3386 3402 3403
f 3386 3403 3387
f 3387 3403 3404
f 3387 3404 3388
f 3388 3404 2198
f 3388 2198 2187
f 1112 3335 3334
f 3334 3335 3405
f 3334 3405 3389
f 3389 3405 3406
f 3389 3406 3390
f 3390 3406 3407
f 3390 3407 3391
f 3391 3407 3408
f 3391 3408 3392
f 3392 3408 3409
f 3392 3409 3393
f 3393 3409 3410
f 3393 3410 3394
f 3394 3410 3411
f 3394 3411 3395
f 3395 3411 3412
f 3395 3412 3396
f 3396 3412 3413
f 3396 3413 3397
f 3397 3413 3414
f 3397 3414 3398
f 3398 3414 3415
f 3398 3415 3399
f 3399 3415 3416
f 3399 3416 3400
f 3400 3416 3417
f 3400 3417 3401
f 3401 3417 3418
f 3401 3418 3402
f 3402 3418 3419
f 3402 3419 3403
f 3403 3419 3420
f 3403 3420 3404
f 3404 3420 2276
f 3404 2276 2198
f 1108 3336 3335
f 3335 3336 3421
f 3335 3421 3405
f 3405 3421 3422
f 3405 3422 3406
f 3406 3422 3423
f 3406 3423 3407
f 3407 3423 3424
f 3407 3424 3408
f 3408 3424 3425
f 3408 3425 3409
f 3409 3425 3426
f 3409 3426 3410
f 3410 3426 3427
f 3410 3427 3411
f 3411 3427 3428
f 3411 3428 3412
f 3412 3428 3429
f 3412 3429 3413
f 3413 3429 3430
f 3413 3430 3414
f 3414 3430 3431
f 3414 3431 3415
f 3415 3431 3432
f 3415 3432 3416
f 3416 3432 3433
f 3416 3433 3417
f 3417 3433 3434
f 3417 3434 3418
f 3418 3434 3435
f 3418 3435 3419
f 3419 3435 3436
f 3419 3436 3420
f 3420 3436 2287
f 3420 2287 2276
f 1104 3337 3336
f 3336 3337 3437
f 3336 3437 3421
f 3421 3437 3438
f 3421 3438 3422
f 3422 3438 3439
f 3422 3439 3423
f 3423 3439 3440
f 3423 3440 3424
f 3424 3440 3441
f 3424 3441 3425
f 3425 3441 3442
f 3425 3442 3426
f 3426 3442 3443
f 3426 3443 3427
f 3427 3443 3444
f 3427 3444 3428
f 3428 3444 3445
f 3428 3445 3429
f 3429 3445 3446
f 3429 3446 3430
f 3430 3446 3447
f 3430 3447 3431
f 3431 3447 3448
f 3431 3448 3432
f 3432 3448 3449
f 3432 3449 3433
f 3433 3449 3450
f 3433 3450 3434
f 3434 3450 3451
f 3434 3451 3435
f 3435 3451 3452
f 3435 3452 3436
f 3436 3452 2283
f 3436 2283 2287
f 1100 3338 3337
f 3337 3338 3453
f 3337 3453 3437
f 3437 3453 3454
f 3437 3454 3438
f 3438 3454 3455
f 3438 3455 3439
f 3439 3455 3456
f 3439 3456 3440
f 3440 3456 3457
f 3440 3457 3441
f 3441 3457 3458
f 3441 3458 3442
f 3442 3458 3459
f 3442 3459 3443
f 3443 3459 3460
f 3443 3460 3444
f 3444 3460 3461
f 3444 3461 3445
f 3445 3461 3462
f 3445 3462 3446
f 3446 3462 3463
f 3446 3463 3447
f 3447 3463 3464
f 3447 3464 3448
f 3448 3464 3465
f 3448 3465 3449
f 3449 3465 3466
f 3449 3466 3450
f 3450 3466 3467
f 3450 3467 3451
f 3451 3467 3468
f 3451 3468 3452
f 3452 3468 2284
f 3452 2284 2283
f 1096 3339 3338
f 3338 3339 3341
f 3338 3341 3453
f 3453 3341 3346
f 3453 3346 3454
f 3454 3346 3319
f 3454 3319 3455
f 3455 3319 3350
f 3455 3350 3456
f 3456 3350 3349
f 3456 3349 3457
f 3457 3349 3353
f 3457 3353 3458
f 3458 3353 3354
f 3458 3354 3459
f 3459 3354 3357
f 3459 3357 3460
f 3460 3357 3360
f 3460 3360 3461
f 3461 3360 3363
f 3461 3363 3462
f 3462 3363 3366
f 3462 3366 3463
f 3463 3366 3369
f 3463 3369 3464
f 3464 3369 3333
f 3464 3333 3465
f 3465 3333 3332
f 3465 3332 3466
f 3466 3332 3326
f 3466 3326 3467
f 3467 3326 3323
f 3467 3323 3468
f 3468 3323 2285
f 3468 2285 2284
f 3371 3370 3469
f 3470 3471 3472
f 3328 3372 3473
f 3474 3475 3476
f 3476 3475 3329
f 3477 3478 3474
f 3478 3477 3479
f 3480 3481 3479
f 3482 3483 3484
f 3484 3483 3481
f 3485 3486 3482
f 3487 3488 3489
f 3489 3488 3490
f 3489 3490 3486
f 3491 3492 3493
f 3493 3492 3487
f 3493 3487 3494
f 3491 3493 3495
f 3495 3493 3496
f 3495 3496 3497
f 3497 3496 3498
f 3497 3498 3499
f 1135 3500 3501
f 3501 3500 3502
f 3501 3502 3503
f 3503 3502 3504
f 3503 3504 3498
f 3498 3504 3505
f 3498 3505 3499
f 1135 3506 3507
f 3507 3506 3508
f 1135 3509 3506
f 3506 3509 3510
f 3506 3510 3508
f 3508 3510 3511
f 1135 3512 1137
f 1137 3512 3513
f 1137 3513 1138
f 1138 3513 3514
f 1138 3514 1139
f 1135 3515 3509
f 3509 3515 3516
f 3509 3516 3510
f 3510 3516 3517
f 3510 3517 3511
f 3511 3517 3518
f 1135 3519 3515
f 3515 3519 3520
f 3515 3520 3516
f 3516 3520 3521
f 3516 3521 3517
f 3517 3521 3522
f 3517 3522 3518
f 3518 3522 3523
f 1139 3514 1141
f 1141 3514 3524
f 1141 3524 1142
f 1142 3524 3525
f 1142 3525 1130
f 3494 3523 3493
f 3493 3523 3522
f 3493 3522 3496
f 3496 3522 3521
f 3496 3521 3498
f 3498 3521 3520
f 3498 3520 3503
f 3503 3520 3519
f 3503 3519 3501
f 3501 3519 1135
f 3487 3489 3494
f 3494 3489 3526
f 3494 3526 3523
f 3523 3526 3527
f 3523 3527 3518
f 3518 3527 3528
f 3518 3528 3511
f 3511 3528 3529
f 3511 3529 3508
f 3508 3529 3530
f 3508 3530 3507
f 3507 3530 3531
f 3507 3531 1135
f 1130 3525 1132
f 1132 3525 3532
f 1132 3532 1133
f 1133 3532 3533
f 1133 3533 1125
f 3486 3485 3489
f 3489 3485 3534
f 3489 3534 3526
f 3526 3534 3535
f 3526 3535 3527
f 3527 3535 3536
f 3527 3536 3528
f 3528 3536 3537
f 3528 3537 3529
f 3529 3537 3538
f 3529 3538 3530
f 3530 3538 3539
f 3530 3539 3531
f 3531 3539 3540
f 3531 3540 1135
f 3482 3484 3485
f 3485 3484 3541
f 3485 3541 3534
f 3534 3541 3542
f 3534 3542 3535
f 3535 3542 3543
f 3535 3543 3536
f 3536 3543 3544
f 3536 3544 3537
f 3537 3544 3545
f 3537 3545 3538
f 3538 3545 3546
f 3538 3546 3539
f 3539 3546 3547
f 3539 3547 3540
f 3540 3547 3548
f 3540 3548 1135
f 3481 3480 3484
f 3484 3480 3549
f 3484 3549 3541
f 3541 3549 3550
f 3541 3550 3542
f 3542 3550 3551
f 3542 3551 3543
f 3543 3551 3552
f 3543 3552 3544
f 3544 3552 3553
f 3544 3553 3545
f 3545 3553 3554
f 3545 3554 3546
f 3546 3554 3555
f 3546 3555 3547
f 3547 3555 3556
f 3547 3556 3548
f 3548 3556 3557
f 3548 3557 1135
f 1125 3533 1127
f 1127 3533 3558
f 1127 3558 1128
f 1128 3558 3559
f 1128 3559 1114
f 1114 3559 3560
f 1114 3560 1115
f 3479 3477 3480
f 3480 3477 3561
f 3480 3561 3549
f 3549 3561 3562
f 3549 3562 3550
f 3550 3562 3563
f 3550 3563 3551
f 3551 3563 3564
f 3551 3564 3552
f 3552 3564 3565
f 3552 3565 3553
f 3553 3565 3566
f 3553 3566 3554
f 3554 3566 3567
f 3554 3567 3555
f 3555 3567 3568
f 3555 3568 3556
f 3556 3568 3569
f 3556 3569 3557
f 3557 3569 3570
f 3557 3570 1135
f 3474 3476 3477
f 3477 3476 3571
f 3477 3571 3561
f 3561 3571 3572
f 3561 3572 3562
f 3562 3572 3573
f 3562 3573 3563
f 3563 3573 3574
f 3563 3574 3564
f 3564 3574 3575
f 3564 3575 3565
f 3565 3575 3576
f 3565 3576 3566
f 3566 3576 3577
f 3566 3577 3567
f 3567 3577 3578
f 3567 3578 3568
f 3568 3578 3579
f 3568 3579 3569
f 3569 3579 3580
f 3569 3580 3570
f 3570 3580 3581
f 3570 3581 1135
f 3582 3583 3584
f 3584 3583 3585
f 3584 3585 3586
f 3586 3585 3587
f 3586 3587 3588
f 3588 3587 3589
f 3588 3589 3590
f 3590 3589 3591
f 3590 3591 3592
f 3593 3594 3595
f 3595 3594 3596
f 3595 3596 3597
f 3597 3596 3598
f 3597 3598 3599
f 3599 3598 3600
f 3599 3600 3601
f 3601 3600 3602
f 3601 3602 3603
f 3603 3602 3604
f 3603 3604 3605
f 3605 3604 3606
f 3605 3606 3607
f 3607 3606 3608
f 3607 3608 3609
f 3610 3593 3611
f 3611 3593 3595
f 3611 3595 3612
f 3612 3595 3597
f 3612 3597 3613
f 3613 3597 3599
f 3613 3599 3614
f 3614 3599 3601
f 3614 3601 3615
f 3615 3601 3603
f 3615 3603 3616
f 3616 3603 3605
f 3616 3605 3617
f 3617 3605 3607
f 3617 3607 3618
f 3618 3607 3609
f 3618 3609 3619
f 1135 3620 3621
f 3621 3620 3622
f 3621 3622 3623
f 3623 3622 3624
f 3623 3624 3625
f 3625 3624 3626
f 3625 3626 3627
f 3627 3626 3628
f 3627 3628 3629
f 3629 3628 3630
f 3629 3630 3631
f 3631 3630 3632
f 3631 3632 3633
f 3633 3632 3634
f 3633 3634 3635
f 3635 3634 3636
f 3635 3636 3637
f 3637 3636 3638
f 3637 3638 3639
f 3639 3638 3640
f 3639 3640 3641
f 3641 3640 3642
f 3641 3642 3643
f 3372 3371 3473
f 3473 3371 3469
f 3473 3469 3644
f 3644 3469 3645
f 3644 3645 3646
f 3646 3645 3647
f 3646 3647 3648
f 3370 3368 3469
f 3469 3368 3470
f 3469 3470 3645
f 3645 3470 3472
f 3645 3472 3647
f 3368 3367 3470
f 3470 3367 3365
f 3470 3365 3471
f 3471 3365 3364
f 3471 3364 3362
f 3583 3648 3585
f 3585 3648 3647
f 3585 3647 3587
f 3587 3647 3472
f 3587 3472 3589
f 3589 3472 3471
f 3589 3471 3591
f 3591 3471 3362
f 3362 3361 3591
f 3591 3361 3359
f 3591 3359 3592
f 3592 3359 3358
f 3592 3358 3356
f 3649 3582 3650
f 3650 3582 3584
f 3650 3584 3651
f 3651 3584 3586
f 3651 3586 3652
f 3652 3586 3588
f 3652 3588 3653
f 3653 3588 3590
f 3653 3590 3654
f 3654 3590 3592
f 3654 3592 3655
f 3655 3592 3356
f 3655 3356 3355
f 3594 3649 3596
f 3596 3649 3650
f 3596 3650 3598
f 3598 3650 3651
f 3598 3651 3600
f 3600 3651 3652
f 3600 3652 3602
f 3602 3652 3653
f 3602 3653 3604
f 3604 3653 3654
f 3604 3654 3606
f 3606 3654 3655
f 3606 3655 3608
f 3608 3655 3355
f 3355 3352 3608
f 3608 3352 3351
f 3608 3351 3609
f 3609 3351 3348
f 3609 3348 3619
f 3619 3348 3321
f 3619 3321 3320
f 3656 3610 3657
f 3657 3610 3611
f 3657 3611 3658
f 3658 3611 3612
f 3658 3612 3659
f 3659 3612 3613
f 3659 3613 3660
f 3660 3613 3614
f 3660 3614 3661
f 3661 3614 3615
f 3661 3615 3662
f 3662 3615 3616
f 3662 3616 3663
f 3663 3616 3617
f 3663 3617 3664
f 3664 3617 3618
f 3664 3618 3665
f 3665 3618 3619
f 3665 3619 3666
f 3666 3619 3320
f 3666 3320 3347
f 3620 3656 3622
f 3622 3656 3657
f 3622 3657 3624
f 3624 3657 3658
f 3624 3658 3626
f 3626 3658 3659
f 3626 3659 3628
f 3628 3659 3660
f 3628 3660 3630
f 3630 3660 3661
f 3630 3661 3632
f 3632 3661 3662
f 3632 3662 3634
f 3634 3662 3663
f 3634 3663 3636
f 3636 3663 3664
f 3636 3664 3638
f 3638 3664 3665
f 3638 3665 3640
f 3640 3665 3666
f 3640 3666 3642
f 3642 3666 3347
f 3347 3345 3642
f 3642 3345 3344
f 3642 3344 3643
f 3643 3344 3340
f 3643 3340 3342
f 1135 3621 3512
f 3512 3621 3623
f 3512 3623 3513
f 3513 3623 3625
f 3513 3625 3514
f 3514 3625 3627
f 3514 3627 3524
f 3524 3627 3629
f 3524 3629 3525
f 3525 3629 3631
f 3525 3631 3532
f 3532 3631 3633
f 3532 3633 3533
f 3533 3633 3635
f 3533 3635 3558
f 3558 3635 3637
f 3558 3637 3559
f 3559 3637 3639
f 3559 3639 3560
f 3560 3639 3641
f 3560 3641 3667
f 3667 3641 3643
f 3667 3643 3668
f 3668 3643 3342
f 3668 3342 3343
f 3329 3328 3476
f 3476 3328 3473
f 3476 3473 3571
f 3571 3473 3644
f 3571 3644 3572
f 3572 3644 3646
f 3572 3646 3573
f 3573 3646 3648
f 3573 3648 3574
f 3574 3648 3583
f 3574 3583 3575
f 3575 3583 3582
f 3575 3582 3576
f 3576 3582 3649
f 3576 3649 3577
f 3577 3649 3594
f 3577 3594 3578
f 3578 3594 3593
f 3578 3593 3579
f 3579 3593 3610
f 3579 3610 3580
f 3580 3610 3656
f 3580 3656 3581
f 3581 3656 3620
f 3581 3620 1135
f 1115 3560 1118
f 1118 3560 3667
f 1118 3667 1120
f 1120 3667 3668
f 1120 3668 1122
f 1122 3668 3343
f 1122 3343 1123
f 3669 3670 3671
f 1135 3672 3673
f 3673 3672 3674
f 3674 3672 3675
f 3674 3675 3676
f 3676 3675 3677
f 3676 3677 3678
f 3679 3680 3681
f 3681 3680 3682
f 3681 3682 3683
f 3683 3682 3684
f 3683 3684 3677
f 3677 3684 3685
f 3677 3685 3678
f 3686 3687 3679
f 3679 3687 3688
f 3679 3688 3680
f 3689 3690 3691
f 3691 3690 3686
f 3691 3686 3692
f 3692 3686 3679
f 3689 3691 3693
f 3693 3691 3694
f 3693 3694 3695
f 3695 3694 3696
f 3695 3696 3697
f 3697 3696 3698
f 3697 3698 3699
f 3699 3698 3700
f 3700 3698 3701
f 3700 3701 3702
f 3702 3701 3703
f 3703 3701 3704
f 3703 3704 3705
f 1135 3706 3707
f 3707 3706 3708
f 1135 3709 3706
f 3706 3709 3710
f 3706 3710 3708
f 3708 3710 3711
f 1135 1134 3712
f 3712 1134 1152
f 3712 1152 3713
f 3713 1152 1151
f 3713 1151 3714
f 3714 1151 1149
f 3714 1149 3715
f 1135 3716 3709
f 3709 3716 3717
f 3709 3717 3710
f 3710 3717 3718
f 3710 3718 3711
f 3711 3718 3719
f 1135 3720 3716
f 3716 3720 3721
f 3716 3721 3717
f 3717 3721 3722
f 3717 3722 3718
f 3718 3722 3723
f 3718 3723 3719
f 3719 3723 3724
f 1149 1148 3715
f 3715 1148 1146
f 3715 1146 3725
f 3725 1146 1144
f 3725 1144 3726
f 1135 3727 3720
f 3720 3727 3728
f 3720 3728 3721
f 3721 3728 3729
f 3721 3729 3722
f 3722 3729 3730
f 3722 3730 3723
f 3723 3730 3731
f 3723 3731 3724
f 3724 3731 3732
f 3733 3670 3734
f 3734 3670 3669
f 3734 3669 3735
f 1135 3736 3727
f 3727 3736 3737
f 3727 3737 3728
f 3728 3737 3738
f 3728 3738 3729
f 3729 3738 3739
f 3729 3739 3730
f 3730 3739 3740
f 3730 3740 3731
f 3731 3740 3741
f 3731 3741 3732
f 3732 3741 3742
f 3743 3733 3744
f 3744 3733 3734
f 3744 3734 3745
f 3745 3734 3735
f 3745 3735 3746
f 1144 1163 3726
f 3726 1163 1162
f 3726 1162 3747
f 3747 1162 1160
f 3747 1160 3748
f 1135 3749 3736
f 3736 3749 3750
f 3736 3750 3737
f 3737 3750 3751
f 3737 3751 3738
f 3738 3751 3752
f 3738 3752 3739
f 3739 3752 3753
f 3739 3753 3740
f 3740 3753 3754
f 3740 3754 3741
f 3741 3754 3755
f 3741 3755 3742
f 3742 3755 3756
f 3757 3743 3758
f 3758 3743 3744
f 3758 3744 3759
f 3759 3744 3745
f 3759 3745 3760
f 3760 3745 3746
f 3760 3746 3761
f 1135 3762 3749
f 3749 3762 3763
f 3749 3763 3750
f 3750 3763 3764
f 3750 3764 3751
f 3751 3764 3765
f 3751 3765 3752
f 3752 3765 3766
f 3752 3766 3753
f 3753 3766 3767
f 3753 3767 3754
f 3754 3767 3768
f 3754 3768 3755
f 3755 3768 3769
f 3755 3769 3756
f 3756 3769 3770
f 3771 3757 3772
f 3772 3757 3758
f 3772 3758 3773
f 3773 3758 3759
f 3773 3759 3774
f 3774 3759 3760
f 3774 3760 3775
f 3775 3760 3761
f 3775 3761 3776
f 1135 3777 3762
f 3762 3777 3778
f 3762 3778 3763
f 3763 3778 3779
f 3763 3779 3764
f 3764 3779 3780
f 3764 3780 3765
f 3765 3780 3781
f 3765 3781 3766
f 3766 3781 3782
f 3766 3782 3767
f 3767 3782 3783
f 3767 3783 3768
f 3768 3783 3784
f 3768 3784 3769
f 3769 3784 3785
f 3769 3785 3770
f 3770 3785 3786
f 3787 3771 3788
f 3788 3771 3772
f 3788 3772 3789
f 3789 3772 3773
f 3789 3773 3790
f 3790 3773 3774
f 3790 3774 3791
f 3791 3774 3775
f 3791 3775 3792
f 3792 3775 3776
f 3792 3776 3793
f 3794 3786 3795
f 3795 3786 3785
f 3795 3785 3796
f 3796 3785 3784
f 3796 3784 3748
f 3748 3784 3783
f 3748 3783 3747
f 3747 3783 3782
f 3747 3782 3726
f 3726 3782 3781
f 3726 3781 3725
f 3725 3781 3780
f 3725 3780 3715
f 3715 3780 3779
f 3715 3779 3714
f 3714 3779 3778
f 3714 3778 3713
f 3713 3778 3777
f 3713 3777 3712
f 3712 3777 1135
f 3797 3787 3798
f 3798 3787 3788
f 3798 3788 3799
f 3799 3788 3789
f 3799 3789 3800
f 3800 3789 3790
f 3800 3790 3801
f 3801 3790 3791
f 3801 3791 3802
f 3802 3791 3792
f 3802 3792 3803
f 3803 3792 3793
f 3803 3793 3804
f 1160 1159 3748
f 3748 1159 1158
f 3748 1158 3796
f 3796 1158 1156
f 3796 1156 3795
f 3795 1156 1154
f 3795 1154 3794
f 3794 1154 1172
f 3794 1172 1171
f 3805 3797 3806
f 3806 3797 3798
f 3806 3798 3807
f 3807 3798 3799
f 3807 3799 3808
f 3808 3799 3800
f 3808 3800 3809
f 3809 3800 3801
f 3809 3801 3810
f 3810 3801 3802
f 3810 3802 3811
f 3811 3802 3803
f 3811 3803 3812
f 3812 3803 3804
f 3812 3804 3813
f 3814 3815 3816
f 3816 3815 3817
f 3816 3817 3818
f 3818 3817 3819
f 3818 3819 3820
f 3820 3819 3821
f 3820 3821 3822
f 3822 3821 3823
f 3822 3823 3824
f 3824 3823 3825
f 3824 3825 3826
f 3826 3825 3827
f 3826 3827 3828
f 3828 3827 3829
f 3828 3829 3830
f 3830 3829 3831
f 3830 3831 3832
f 3832 3831 3833
f 3832 3833 3834
f 1135 3835 3836
f 3836 3835 3837
f 3836 3837 3838
f 3838 3837 3839
f 3838 3839 3840
f 3840 3839 3841
f 3840 3841 3842
f 3842 3841 3843
f 3842 3843 3844
f 3844 3843 3845
f 3844 3845 3846
f 3846 3845 3847
f 3846 3847 3848
f 3848 3847 3849
f 3848 3849 3850
f 3850 3849 3851
f 3850 3851 3852
f 3852 3851 3853
f 3852 3853 3854
f 3854 3853 3855
f 3854 3855 3856
f 3856 3855 3857
f 3856 3857 3858
f 1135 3859 3672
f 3672 3859 3860
f 3672 3860 3675
f 3675 3860 3861
f 3675 3861 3677
f 3677 3861 3862
f 3677 3862 3683
f 3683 3862 3863
f 3683 3863 3681
f 3681 3863 3864
f 3681 3864 3679
f 3679 3864 3865
f 3679 3865 3692
f 3692 3865 3866
f 3692 3866 3691
f 3691 3866 3867
f 3691 3867 3694
f 3694 3867 3868
f 3694 3868 3696
f 3696 3868 3869
f 3696 3869 3698
f 3698 3869 3870
f 3698 3870 3701
f 3701 3870 3871
f 3701 3871 3704
f 3813 1171 1169
f 1169 3872 3813
f 3813 3872 3873
f 3813 3873 3812
f 3812 3873 3874
f 3812 3874 3811
f 3811 3874 3875
f 3811 3875 3810
f 3810 3875 3876
f 3810 3876 3809
f 3809 3876 3877
f 3809 3877 3808
f 3808 3877 3878
f 3808 3878 3807
f 3807 3878 3879
f 3807 3879 3806
f 3879 3880 3806
f 3806 3880 3881
f 3806 3881 3805
f 3805 3881 3882
f 3805 3882 3883
f 3815 3671 3817
f 3817 3671 3670
f 3817 3670 3819
f 3819 3670 3733
f 3819 3733 3821
f 3821 3733 3743
f 3821 3743 3823
f 3823 3743 3757
f 3823 3757 3825
f 3825 3757 3771
f 3825 3771 3827
f 3827 3771 3787
f 3827 3787 3829
f 3829 3787 3797
f 3829 3797 3831
f 3831 3797 3805
f 3831 3805 3833
f 3833 3805 3883
f 3883 3884 3833
f 3833 3884 3885
f 3833 3885 3834
f 3834 3885 3886
f 3834 3886 3887
f 3835 3814 3837
f 3837 3814 3816
f 3837 3816 3839
f 3839 3816 3818
f 3839 3818 3841
f 3841 3818 3820
f 3841 3820 3843
f 3843 3820 3822
f 3843 3822 3845
f 3845 3822 3824
f 3845 3824 3847
f 3847 3824 3826
f 3847 3826 3849
f 3849 3826 3828
f 3849 3828 3851
f 3851 3828 3830
f 3851 3830 3853
f 3853 3830 3832
f 3853 3832 3855
f 3855 3832 3834
f 3855 3834 3857
f 3857 3834 3887
f 3887 3888 3857
f 3857 3888 3889
f 3857 3889 3858
f 3858 3889 3890
f 3858 3890 3891
f 1135 3836 3859
f 3859 3836 3838
f 3859 3838 3860
f 3860 3838 3840
f 3860 3840 3861
f 3861 3840 3842
f 3861 3842 3862
f 3862 3842 3844
f 3862 3844 3863
f 3863 3844 3846
f 3863 3846 3864
f 3864 3846 3848
f 3864 3848 3865
f 3865 3848 3850
f 3865 3850 3866
f 3866 3850 3852
f 3866 3852 3867
f 3867 3852 3854
f 3867 3854 3868
f 3868 3854 3856
f 3868 3856 3869
f 3869 3856 3858
f 3869 3858 3870
f 3870 3858 3891
f 3870 3891 3871
f 1171 3813 3794
f 3794 3813 3804
f 3794 3804 3786
f 3786 3804 3793
f 3786 3793 3770
f 3770 3793 3776
f 3770 3776 3756
f 3756 3776 3761
f 3756 3761 3742
f 3742 3761 3746
f 3742 3746 3732
f 3732 3746 3735
f 3732 3735 3724
f 3724 3735 3669
f 3724 3669 3719
f 3719 3669 3671
f 3719 3671 3711
f 3711 3671 3815
f 3711 3815 3708
f 3708 3815 3814
f 3708 3814 3707
f 3707 3814 3835
f 3707 3835 1135
f 1203 1201 3892
f 1176 1174 3893
f 3894 3895 3896
f 3896 3895 3897
f 3896 3897 3898
f 3899 2174 2176
f 2176 3900 3899
f 3899 3900 3901
f 3899 3901 3897
f 3897 3901 3902
f 3897 3902 3898
f 3872 1169 1167
f 3903 1165 1191
f 1191 1190 3904
f 3904 1190 1188
f 1188 1186 3905
f 3905 1186 1184
f 1184 1182 3906
f 3906 1182 1180
f 1180 1178 3907
f 3907 1178 1176
f 1174 1204 3908
f 3908 1204 1203
f 1167 1165 3872
f 3872 1165 3903
f 3872 3903 3873
f 3873 3903 3909
f 3873 3909 3874
f 3874 3909 3910
f 3874 3910 3875
f 3875 3910 3911
f 3875 3911 3876
f 3876 3911 3912
f 3876 3912 3877
f 3877 3912 3913
f 3877 3913 3878
f 3878 3913 3914
f 3878 3914 3879
f 3879 3914 3880
f 3880 3914 3915
f 3880 3915 3881
f 3881 3915 3882
f 3882 3915 3916
f 3882 3916 3883
f 3883 3916 3884
f 3884 3916 3917
f 3884 3917 3885
f 3885 3917 3886
f 3886 3917 3918
f 3886 3918 3887
f 3887 3918 3888
f 3888 3918 3919
f 3888 3919 3889
f 3889 3919 3890
f 3890 3919 3920
f 3890 3920 3891
f 3891 3920 3871
f 3871 3920 3894
f 3871 3894 3704
f 3704 3894 3896
f 3704 3896 3705
f 1191 3904 3903
f 3903 3904 3921
f 3903 3921 3909
f 3909 3921 3922
f 3909 3922 3910
f 3910 3922 3923
f 3910 3923 3911
f 3911 3923 3924
f 3911 3924 3912
f 3912 3924 3925
f 3912 3925 3913
f 3913 3925 3926
f 3913 3926 3914
f 3914 3926 3927
f 3914 3927 3915
f 3915 3927 3928
f 3915 3928 3916
f 3916 3928 3929
f 3916 3929 3917
f 3917 3929 3930
f 3917 3930 3918
f 3918 3930 3931
f 3918 3931 3919
f 3919 3931 3932
f 3919 3932 3920
f 3920 3932 3933
f 3920 3933 3894
f 3894 3933 3934
f 3894 3934 3895
f 3895 3934 3935
f 3895 3935 3897
f 3897 3935 3936
f 3897 3936 3899
f 3899 3936 2135
f 3899 2135 2174
f 1188 3905 3904
f 3904 3905 3937
f 3904 3937 3921
f 3921 3937 3938
f 3921 3938 3922
f 3922 3938 3939
f 3922 3939 3923
f 3923 3939 3940
f 3923 3940 3924
f 3924 3940 3941
f 3924 3941 3925
f 3925 3941 3942
f 3925 3942 3926
f 3926 3942 3943
f 3926 3943 3927
f 3927 3943 3944
f 3927 3944 3928
f 3928 3944 3945
f 3928 3945 3929
f 3929 3945 3946
f 3929 3946 3930
f 3930 3946 3947
f 3930 3947 3931
f 3931 3947 3948
f 3931 3948 3932
f 3932 3948 3949
f 3932 3949 3933
f 3933 3949 3950
f 3933 3950 3934
f 3934 3950 3951
f 3934 3951 3935
f 3935 3951 3952
f 3935 3952 3936
f 3936 3952 2136
f 3936 2136 2135
f 1184 3906 3905
f 3905 3906 3953
f 3905 3953 3937
f 3937 3953 3954
f 3937 3954 3938
f 3938 3954 3955
f 3938 3955 3939
f 3939 3955 3956
f 3939 3956 3940
f 3940 3956 3957
f 3940 3957 3941
f 3941 3957 3958
f 3941 3958 3942
f 3942 3958 3959
f 3942 3959 3943
f 3943 3959 3960
f 3943 3960 3944
f 3944 3960 3961
f 3944 3961 3945
f 3945 3961 3962
f 3945 3962 3946
f 3946 3962 3963
f 3946 3963 3947
f 3947 3963 3964
f 3947 3964 3948
f 3948 3964 3965
f 3948 3965 3949
f 3949 3965 3966
f 3949 3966 3950
f 3950 3966 3967
f 3950 3967 3951
f 3951 3967 3968
f 3951 3968 3952
f 3952 3968 2133
f 3952 2133 2136
f 1180 3907 3906
f 3906 3907 3969
f 3906 3969 3953
f 3953 3969 3970
f 3953 3970 3954
f 3954 3970 3971
f 3954 3971 3955
f 3955 3971 3972
f 3955 3972 3956
f 3956 3972 3973
f 3956 3973 3957
f 3957 3973 3974
f 3957 3974 3958
f 3958 3974 3975
f 3958 3975 3959
f 3959 3975 3976
f 3959 3976 3960
f 3960 3976 3977
f 3960 3977 3961
f 3961 3977 3978
f 3961 3978 3962
f 3962 3978 3979
f 3962 3979 3963
f 3963 3979 3980
f 3963 3980 3964
f 3964 3980 3981
f 3964 3981 3965
f 3965 3981 3982
f 3965 3982 3966
f 3966 3982 3983
f 3966 3983 3967
f 3967 3983 3984
f 3967 3984 3968
f 3968 3984 2128
f 3968 2128 2133
f 1176 3893 3907
f 3907 3893 3985
f 3907 3985 3969
f 3969 3985 3986
f 3969 3986 3970
f 3970 3986 3987
f 3970 3987 3971
f 3971 3987 3988
f 3971 3988 3972
f 3972 3988 3989
f 3972 3989 3973
f 3973 3989 3990
f 3973 3990 3974
f 3974 3990 3991
f 3974 3991 3975
f 3975 3991 3992
f 3975 3992 3976
f 3976 3992 3993
f 3976 3993 3977
f 3977 3993 3994
f 3977 3994 3978
f 3978 3994 3995
f 3978 3995 3979
f 3979 3995 3996
f 3979 3996 3980
f 3980 3996 3997
f 3980 3997 3981
f 3981 3997 3998
f 3981 3998 3982
f 3982 3998 3999
f 3982 3999 3983
f 3983 3999 4000
f 3983 4000 3984
f 3984 4000 2126
f 3984 2126 2128
f 1174 3908 3893
f 3893 3908 4001
f 3893 4001 3985
f 3985 4001 4002
f 3985 4002 3986
f 3986 4002 4003
f 3986 4003 3987
f 3987 4003 4004
f 3987 4004 3988
f 3988 4004 4005
f 3988 4005 3989
f 3989 4005 4006
f 3989 4006 3990
f 3990 4006 4007
f 3990 4007 3991
f 3991 4007 4008
f 3991 4008 3992
f 3992 4008 4009
f 3992 4009 3993
f 3993 4009 4010
f 3993 4010 3994
f 3994 4010 4011
f 3994 4011 3995
f 3995 4011 4012
f 3995 4012 3996
f 3996 4012 4013
f 3996 4013 3997
f 3997 4013 4014
f 3997 4014 3998
f 3998 4014 4015
f 3998 4015 3999
f 3999 4015 4016
f 3999 4016 4000
f 4000 4016 2081
f 4000 2081 2126
f 1203 3892 3908
f 3908 3892 4017
f 3908 4017 4001
f 4001 4017 4018
f 4001 4018 4002
f 4002 4018 4019
f 4002 4019 4003
f 4003 4019 4020
f 4003 4020 4004
f 4004 4020 4021
f 4004 4021 4005
f 4005 4021 4022
f 4005 4022 4006
f 4006 4022 4023
f 4006 4023 4007
f 4007 4023 4024
f 4007 4024 4008
f 4008 4024 4025
f 4008 4025 4009
f 4009 4025 4026
f 4009 4026 4010
f 4010 4026 4027
f 4010 4027 4011
f 4011 4027 4028
f 4011 4028 4012
f 4012 4028 4029
f 4012 4029 4013
f 4013 4029 4030
f 4013 4030 4014
f 4014 4030 4031
f 4014 4031 4015
f 4015 4031 4032
f 4015 4032 4016
f 4016 4032 2079
f 4016 2079 2081
f 2660 2079 4032
f 3892 1201 1200
f 4018 4017 4033
f 4020 4019 4034
f 4022 4021 4035
f 4024 4023 4036
f 4026 4025 4037
f 4028 4027 4038
f 4030 4029 4039
f 4032 4031 4040
f 2660 4032 2639
f 4032 4041 2639
f 2639 4041 4042
f 2639 4042 2640
f 2640 4042 4043
f 2640 4043 2641
f 2645 2644 4044
f 4044 2644 2643
f 4044 2643 4043
f 4043 2643 2642
f 4043 2642 2641
f 4044 4045 2645
f 2645 4045 4046
f 2645 4046 2646
f 2646 4046 4047
f 3892 1200 4048
f 4048 1200 1198
f 4048 1198 4049
f 4049 1198 1197
f 4049 1197 4050
f 4050 1197 1196
f 4050 1196 4051
f 4051 1196 1195
f 4051 1195 4052
f 4052 1195 1193
f 4052 1193 4053
f 4053 1193 1192
f 4053 1192 4054
f 4054 1192 1212
f 4054 1212 4055
f 4056 2649 4057
f 4057 2649 2648
f 4057 2648 4047
f 4047 2648 2647
f 4047 2647 2646
f 4058 2656 4059
f 4059 2656 2650
f 4059 2650 4060
f 4060 2650 2653
f 4060 2653 4061
f 4061 2653 2652
f 4061 2652 4056
f 4056 2652 2651
f 4056 2651 2649
f 1212 1211 4055
f 4055 1211 1210
f 4055 1210 4062
f 4062 1210 1209
f 4062 1209 4063
f 4063 1209 1208
f 4063 1208 4064
f 4064 1208 1207
f 4064 1207 4065
f 4065 1207 1206
f 4065 1206 4066
f 4066 1206 1205
f 4066 1205 4067
f 4067 1205 1219
f 4067 1219 4068
f 4018 4033 4069
f 4069 4033 4070
f 4069 4070 4071
f 4071 4070 4072
f 4071 4072 4073
f 4073 4072 4074
f 4073 4074 4075
f 4075 4074 4076
f 4075 4076 4077
f 4077 4076 4078
f 4077 4078 4079
f 4079 4078 4080
f 4079 4080 4081
f 4081 4080 4082
f 4081 4082 4083
f 4083 4082 4084
f 4083 4084 4085
f 4085 4084 4086
f 4085 4086 4087
f 4087 4086 4088
f 4087 4088 4089
f 4089 4088 4090
f 4089 4090 4091
f 4091 4090 4092
f 4091 4092 4093
f 4093 4092 4094
f 4093 4094 4095
f 4095 4094 4096
f 4095 4096 4097
f 4020 4034 4098
f 4098 4034 4099
f 4098 4099 4100
f 4100 4099 4101
f 4100 4101 4102
f 4102 4101 4103
f 4102 4103 4104
f 4104 4103 4105
f 4104 4105 4106
f 4106 4105 4107
f 4106 4107 4108
f 4108 4107 4109
f 4108 4109 4110
f 4110 4109 4111
f 4110 4111 4112
f 4112 4111 4113
f 4112 4113 4114
f 4114 4113 4115
f 4114 4115 4116
f 4116 4115 4117
f 4116 4117 4118
f 4118 4117 4119
f 4118 4119 4120
f 4120 4119 4121
f 4120 4121 4122
f 4122 4121 4123
f 4122 4123 4124
f 4124 4123 4125
f 4124 4125 4126
f 4022 4035 4127
f 4127 4035 4128
f 4127 4128 4129
f 4129 4128 4130
f 4129 4130 4131
f 4131 4130 4132
f 4131 4132 4133
f 4133 4132 4134
f 4133 4134 4135
f 4135 4134 4136
f 4135 4136 4137
f 4137 4136 4138
f 4137 4138 4139
f 4139 4138 4140
f 4139 4140 4141
f 4141 4140 4142
f 4141 4142 4143
f 4143 4142 4144
f 4143 4144 4145
f 4145 4144 4146
f 4145 4146 4147
f 4147 4146 4148
f 4147 4148 4149
f 4149 4148 4150
f 4149 4150 4151
f 4151 4150 4152
f 4151 4152 4153
f 4153 4152 4154
f 4153 4154 4155
f 4024 4036 4156
f 4156 4036 4157
f 4156 4157 4158
f 4158 4157 4159
f 4158 4159 4160
f 4160 4159 4161
f 4160 4161 4162
f 4162 4161 4163
f 4162 4163 4164
f 4164 4163 4165
f 4164 4165 4166
f 4166 4165 4167
f 4166 4167 4168
f 4168 4167 4169
f 4168 4169 4170
f 4170 4169 4171
f 4170 4171 4172
f 4172 4171 4173
f 4172 4173 4174
f 4174 4173 4175
f 4174 4175 4176
f 4176 4175 4177
f 4176 4177 4178
f 4178 4177 4179
f 4178 4179 4180
f 4180 4179 4181
f 4180 4181 4182
f 4182 4181 4183
f 4182 4183 4184
f 4026 4037 4185
f 4185 4037 4186
f 4185 4186 4187
f 4187 4186 4188
f 4187 4188 4189
f 4189 4188 4190
f 4189 4190 4191
f 4191 4190 4192
f 4191 4192 4193
f 4193 4192 4194
f 4193 4194 4195
f 4195 4194 4196
f 4195 4196 4197
f 4197 4196 4198
f 4197 4198 4199
f 4199 4198 4200
f 4199 4200 4201
f 4201 4200 4202
f 4201 4202 4203
f 4203 4202 4204
f 4203 4204 4205
f 4205 4204 4206
f 4205 4206 4207
f 4207 4206 4208
f 4207 4208 4209
f 4209 4208 4210
f 4209 4210 4211
f 4211 4210 4212
f 4211 4212 4213
f 4028 4038 4214
f 4214 4038 4215
f 4214 4215 4216
f 4216 4215 4217
f 4216 4217 4218
f 4218 4217 4219
f 4218 4219 4220
f 4220 4219 4221
f 4220 4221 4222
f 4222 4221 4223
f 4222 4223 4224
f 4224 4223 4225
f 4224 4225 4226
f 4226 4225 4227
f 4226 4227 4228
f 4228 4227 4229
f 4228 4229 4230
f 4230 4229 4231
f 4230 4231 4232
f 4232 4231 4233
f 4232 4233 4234
f 4234 4233 4235
f 4234 4235 4236
f 4236 4235 4237
f 4236 4237 4238
f 4238 4237 4239
f 4238 4239 4240
f 4240 4239 4241
f 4240 4241 4242
f 4030 4039 4243
f 4243 4039 4244
f 4243 4244 4245
f 4245 4244 4246
f 4245 4246 4247
f 4247 4246 4248
f 4247 4248 4249
f 4249 4248 4250
f 4249 4250 4251
f 4251 4250 4252
f 4251 4252 4253
f 4253 4252 4254
f 4253 4254 4255
f 4255 4254 4256
f 4255 4256 4257
f 4257 4256 4258
f 4257 4258 4259
f 4259 4258 4260
f 4259 4260 4261
f 4261 4260 4262
f 4261 4262 4263
f 4263 4262 4264
f 4263 4264 4265
f 4265 4264 4266
f 4265 4266 4267
f 4267 4266 4268
f 4267 4268 4269
f 4269 4268 4270
f 4269 4270 4271
f 4032 4040 4041
f 4041 4040 4272
f 4041 4272 4042
f 4042 4272 4273
f 4042 4273 4043
f 4043 4273 4274
f 4043 4274 4044
f 4044 4274 4275
f 4044 4275 4045
f 4045 4275 4276
f 4045 4276 4046
f 4046 4276 4277
f 4046 4277 4047
f 4047 4277 4278
f 4047 4278 4057
f 4057 4278 4279
f 4057 4279 4056
f 4056 4279 4280
f 4056 4280 4061
f 4061 4280 4281
f 4061 4281 4060
f 4060 4281 4282
f 4060 4282 4059
f 4059 4282 4283
f 4059 4283 4058
f 4058 4283 4284
f 4058 4284 4285
f 4285 4284 4286
f 4285 4286 4287
f 1219 1218 4288
f 1219 4288 4068
f 4068 4288 4289
f 4068 4289 4290
f 4290 4096 4068
f 4068 4096 4094
f 4068 4094 4067
f 4067 4094 4092
f 4067 4092 4066
f 4066 4092 4090
f 4066 4090 4065
f 4065 4090 4088
f 4065 4088 4064
f 4064 4088 4086
f 4064 4086 4063
f 4063 4086 4084
f 4063 4084 4062
f 4062 4084 4082
f 4062 4082 4055
f 4055 4082 4080
f 4055 4080 4054
f 4054 4080 4078
f 4054 4078 4053
f 4053 4078 4076
f 4053 4076 4052
f 4052 4076 4074
f 4052 4074 4051
f 4051 4074 4072
f 4051 4072 4050
f 4050 4072 4070
f 4050 4070 4049
f 4049 4070 4033
f 4049 4033 4048
f 4048 4033 4017
f 4048 4017 3892
f 4290 4291 4096
f 4096 4291 4292
f 4096 4292 4097
f 4097 4292 4293
f 4097 4293 4294
f 4294 4125 4097
f 4097 4125 4123
f 4097 4123 4095
f 4095 4123 4121
f 4095 4121 4093
f 4093 4121 4119
f 4093 4119 4091
f 4091 4119 4117
f 4091 4117 4089
f 4089 4117 4115
f 4089 4115 4087
f 4087 4115 4113
f 4087 4113 4085
f 4085 4113 4111
f 4085 4111 4083
f 4083 4111 4109
f 4083 4109 4081
f 4081 4109 4107
f 4081 4107 4079
f 4079 4107 4105
f 4079 4105 4077
f 4077 4105 4103
f 4077 4103 4075
f 4075 4103 4101
f 4075 4101 4073
f 4073 4101 4099
f 4073 4099 4071
f 4071 4099 4034
f 4071 4034 4069
f 4069 4034 4019
f 4069 4019 4018
f 4294 4295 4125
f 4125 4295 4296
f 4125 4296 4126
f 4126 4296 4297
f 4126 4297 4298
f 4298 4154 4126
f 4126 4154 4152
f 4126 4152 4124
f 4124 4152 4150
f 4124 4150 4122
f 4122 4150 4148
f 4122 4148 4120
f 4120 4148 4146
f 4120 4146 4118
f 4118 4146 4144
f 4118 4144 4116
f 4116 4144 4142
f 4116 4142 4114
f 4114 4142 4140
f 4114 4140 4112
f 4112 4140 4138
f 4112 4138 4110
f 4110 4138 4136
f 4110 4136 4108
f 4108 4136 4134
f 4108 4134 4106
f 4106 4134 4132
f 4106 4132 4104
f 4104 4132 4130
f 4104 4130 4102
f 4102 4130 4128
f 4102 4128 4100
f 4100 4128 4035
f 4100 4035 4098
f 4098 4035 4021
f 4098 4021 4020
f 4298 4299 4154
f 4154 4299 4300
f 4154 4300 4155
f 4155 4300 4301
f 4155 4301 4302
f 4302 4183 4155
f 4155 4183 4181
f 4155 4181 4153
f 4153 4181 4179
f 4153 4179 4151
f 4151 4179 4177
f 4151 4177 4149
f 4149 4177 4175
f 4149 4175 4147
f 4147 4175 4173
f 4147 4173 4145
f 4145 4173 4171
f 4145 4171 4143
f 4143 4171 4169
f 4143 4169 4141
f 4141 4169 4167
f 4141 4167 4139
f 4139 4167 4165
f 4139 4165 4137
f 4137 4165 4163
f 4137 4163 4135
f 4135 4163 4161
f 4135 4161 4133
f 4133 4161 4159
f 4133 4159 4131
f 4131 4159 4157
f 4131 4157 4129
f 4129 4157 4036
f 4129 4036 4127
f 4127 4036 4023
f 4127 4023 4022
f 4302 4303 4183
f 4183 4303 4304
f 4183 4304 4184
f 4184 4304 4305
f 4184 4305 4306
f 4306 4212 4184
f 4184 4212 4210
f 4184 4210 4182
f 4182 4210 4208
f 4182 4208 4180
f 4180 4208 4206
f 4180 4206 4178
f 4178 4206 4204
f 4178 4204 4176
f 4176 4204 4202
f 4176 4202 4174
f 4174 4202 4200
f 4174 4200 4172
f 4172 4200 4198
f 4172 4198 4170
f 4170 4198 4196
f 4170 4196 4168
f 4168 4196 4194
f 4168 4194 4166
f 4166 4194 4192
f 4166 4192 4164
f 4164 4192 4190
f 4164 4190 4162
f 4162 4190 4188
f 4162 4188 4160
f 4160 4188 4186
f 4160 4186 4158
f 4158 4186 4037
f 4158 4037 4156
f 4156 4037 4025
f 4156 4025 4024
f 4306 4307 4212
f 4212 4307 4308
f 4212 4308 4213
f 4213 4308 4309
f 4213 4309 4310
f 4310 4241 4213
f 4213 4241 4239
f 4213 4239 4211
f 4211 4239 4237
f 4211 4237 4209
f 4209 4237 4235
f 4209 4235 4207
f 4207 4235 4233
f 4207 4233 4205
f 4205 4233 4231
f 4205 4231 4203
f 4203 4231 4229
f 4203 4229 4201
f 4201 4229 4227
f 4201 4227 4199
f 4199 4227 4225
f 4199 4225 4197
f 4197 4225 4223
f 4197 4223 4195
f 4195 4223 4221
f 4195 4221 4193
f 4193 4221 4219
f 4193 4219 4191
f 4191 4219 4217
f 4191 4217 4189
f 4189 4217 4215
f 4189 4215 4187
f 4187 4215 4038
f 4187 4038 4185
f 4185 4038 4027
f 4185 4027 4026
f 4310 4311 4241
f 4241 4311 4312
f 4241 4312 4242
f 4242 4312 4313
f 4242 4313 4314
f 4314 4270 4242
f 4242 4270 4268
f 4242 4268 4240
f 4240 4268 4266
f 4240 4266 4238
f 4238 4266 4264
f 4238 4264 4236
f 4236 4264 4262
f 4236 4262 4234
f 4234 4262 4260
f 4234 4260 4232
f 4232 4260 4258
f 4232 4258 4230
f 4230 4258 4256
f 4230 4256 4228
f 4228 4256 4254
f 4228 4254 4226
f 4226 4254 4252
f 4226 4252 4224
f 4224 4252 4250
f 4224 4250 4222
f 4222 4250 4248
f 4222 4248 4220
f 4220 4248 4246
f 4220 4246 4218
f 4218 4246 4244
f 4218 4244 4216
f 4216 4244 4039
f 4216 4039 4214
f 4214 4039 4029
f 4214 4029 4028
f 4314 4315 4270
f 4270 4315 4316
f 4270 4316 4271
f 4271 4316 4317
f 4271 4317 4318
f 4318 4286 4271
f 4271 4286 4284
f 4271 4284 4269
f 4269 4284 4283
f 4269 4283 4267
f 4267 4283 4282
f 4267 4282 4265
f 4265 4282 4281
f 4265 4281 4263
f 4263 4281 4280
f 4263 4280 4261
f 4261 4280 4279
f 4261 4279 4259
f 4259 4279 4278
f 4259 4278 4257
f 4257 4278 4277
f 4257 4277 4255
f 4255 4277 4276
f 4255 4276 4253
f 4253 4276 4275
f 4253 4275 4251
f 4251 4275 4274
f 4251 4274 4249
f 4249 4274 4273
f 4249 4273 4247
f 4247 4273 4272
f 4247 4272 4245
f 4245 4272 4040
f 4245 4040 4243
f 4243 4040 4031
f 4243 4031 4030
f 4318 4319 4286
f 4286 4319 4320
f 4286 4320 4287
f 4287 4320 4321
f 4287 4321 4322
f 2075 2659 4322
f 4322 2659 2658
f 4322 2658 4287
f 4287 2658 2657
f 4287 2657 4285
f 4285 2657 2654
f 4285 2654 4058
f 4058 2654 2655
f 4058 2655 2656
f 4299 4298 4323
f 1225 1223 1608
f 1216 1214 4324
f 2122 4325 2123
f 2123 4325 4326
f 4326 4325 4327
f 4327 4325 4328
f 4327 4328 4329
f 1388 1387 4330
f 4329 4328 4331
f 4331 4328 4332
f 4331 4332 4330
f 4330 4332 4333
f 4330 4333 1388
f 1214 1246 4334
f 4334 1246 1245
f 1245 1243 4335
f 4335 1243 1241
f 1241 1239 4336
f 4336 1239 1237
f 1237 1235 4337
f 4337 1235 1233
f 1233 1231 4338
f 4338 1231 1229
f 1229 1227 4339
f 4339 1227 1225
f 4324 4340 4290
f 1218 1216 4288
f 4288 1216 4324
f 4288 4324 4289
f 4289 4324 4290
f 1225 1608 4339
f 4339 1608 1607
f 4339 1607 4341
f 1607 1606 4341
f 4341 1606 1605
f 4341 1605 4342
f 4343 4344 4294
f 4294 4293 4343
f 4343 4293 4292
f 4343 4292 4340
f 4340 4292 4291
f 4340 4291 4290
f 1605 1604 4342
f 4342 1604 1603
f 4342 1603 4345
f 1603 1602 4345
f 4345 1602 1601
f 4345 1601 4346
f 4323 4298 4347
f 4298 4297 4347
f 4347 4297 4296
f 4347 4296 4344
f 4344 4296 4295
f 4344 4295 4294
f 1601 1600 4346
f 4346 1600 1599
f 4346 1599 4348
f 1599 1598 4348
f 4348 1598 1597
f 4348 1597 4349
f 4299 4323 4300
f 4300 4323 4350
f 4300 4350 4301
f 4301 4350 4351
f 4301 4351 4302
f 4302 4351 4303
f 4303 4351 4352
f 4303 4352 4304
f 1597 1596 4349
f 4349 1596 1595
f 4349 1595 4353
f 4353 1595 1594
f 4353 1594 4354
f 4304 4352 4305
f 4305 4352 4355
f 4305 4355 4306
f 1594 1593 4354
f 4354 1593 1592
f 4354 1592 4356
f 4306 4355 4307
f 4307 4355 4357
f 4307 4357 4308
f 1592 1591 4356
f 4356 1591 1590
f 4356 1590 4358
f 4308 4357 4309
f 4309 4357 4359
f 4309 4359 4310
f 1590 1589 4358
f 4358 1589 1588
f 4358 1588 4360
f 4310 4359 4311
f 4311 4359 4361
f 4311 4361 4312
f 1588 1587 4360
f 4360 1587 1586
f 4360 1586 4362
f 4312 4361 4313
f 4313 4361 4363
f 4313 4363 4314
f 1586 1585 4362
f 4362 1585 1584
f 4362 1584 4364
f 4314 4363 4315
f 4315 4363 4365
f 4315 4365 4316
f 1584 1583 4364
f 4364 1583 1582
f 4364 1582 4333
f 4333 1582 1581
f 4333 1581 1388
f 4316 4365 4317
f 4317 4365 4366
f 4317 4366 4318
f 4318 4366 4319
f 4319 4366 4367
f 4319 4367 4320
f 4320 4367 4321
f 4321 4367 4368
f 4321 4368 4322
f 4322 4368 2071
f 4322 2071 2075
f 1214 4334 4324
f 4324 4334 4369
f 4324 4369 4340
f 4340 4369 4370
f 4340 4370 4343
f 4343 4370 4371
f 4343 4371 4344
f 4344 4371 4372
f 4344 4372 4347
f 4347 4372 4373
f 4347 4373 4323
f 4323 4373 4374
f 4323 4374 4350
f 4350 4374 4375
f 4350 4375 4351
f 4351 4375 4376
f 4351 4376 4352
f 4352 4376 4377
f 4352 4377 4355
f 4355 4377 4378
f 4355 4378 4357
f 4357 4378 4379
f 4357 4379 4359
f 4359 4379 4380
f 4359 4380 4361
f 4361 4380 4381
f 4361 4381 4363
f 4363 4381 4382
f 4363 4382 4365
f 4365 4382 4383
f 4365 4383 4366
f 4366 4383 4384
f 4366 4384 4367
f 4367 4384 4385
f 4367 4385 4368
f 4368 4385 2171
f 4368 2171 2071
f 1245 4335 4334
f 4334 4335 4386
f 4334 4386 4369
f 4369 4386 4387
f 4369 4387 4370
f 4370 4387 4388
f 4370 4388 4371
f 4371 4388 4389
f 4371 4389 4372
f 4372 4389 4390
f 4372 4390 4373
f 4373 4390 4391
f 4373 4391 4374
f 4374 4391 4392
f 4374 4392 4375
f 4375 4392 4393
f 4375 4393 4376
f 4376 4393 4394
f 4376 4394 4377
f 4377 4394 4395
f 4377 4395 4378
f 4378 4395 4396
f 4378 4396 4379
f 4379 4396 4397
f 4379 4397 4380
f 4380 4397 4398
f 4380 4398 4381
f 4381 4398 4399
f 4381 4399 4382
f 4382 4399 4400
f 4382 4400 4383
f 4383 4400 4401
f 4383 4401 4384
f 4384 4401 4402
f 4384 4402 4385
f 4385 4402 2172
f 4385 2172 2171
f 1241 4336 4335
f 4335 4336 4403
f 4335 4403 4386
f 4386 4403 4404
f 4386 4404 4387
f 4387 4404 4405
f 4387 4405 4388
f 4388 4405 4406
f 4388 4406 4389
f 4389 4406 4407
f 4389 4407 4390
f 4390 4407 4408
f 4390 4408 4391
f 4391 4408 4409
f 4391 4409 4392
f 4392 4409 4410
f 4392 4410 4393
f 4393 4410 4411
f 4393 4411 4394
f 4394 4411 4412
f 4394 4412 4395
f 4395 4412 4413
f 4395 4413 4396
f 4396 4413 4414
f 4396 4414 4397
f 4397 4414 4415
f 4397 4415 4398
f 4398 4415 4416
f 4398 4416 4399
f 4399 4416 4417
f 4399 4417 4400
f 4400 4417 4418
f 4400 4418 4401
f 4401 4418 4419
f 4401 4419 4402
f 4402 4419 2173
f 4402 2173 2172
f 1237 4337 4336
f 4336 4337 4420
f 4336 4420 4403
f 4403 4420 4421
f 4403 4421 4404
f 4404 4421 4422
f 4404 4422 4405
f 4405 4422 4423
f 4405 4423 4406
f 4406 4423 4424
f 4406 4424 4407
f 4407 4424 4425
f 4407 4425 4408
f 4408 4425 4426
f 4408 4426 4409
f 4409 4426 4427
f 4409 4427 4410
f 4410 4427 4428
f 4410 4428 4411
f 4411 4428 4429
f 4411 4429 4412
f 4412 4429 4430
f 4412 4430 4413
f 4413 4430 4431
f 4413 4431 4414
f 4414 4431 4432
f 4414 4432 4415
f 4415 4432 4433
f 4415 4433 4416
f 4416 4433 4434
f 4416 4434 4417
f 4417 4434 4435
f 4417 4435 4418
f 4418 4435 4436
f 4418 4436 4419
f 4419 4436 2120
f 4419 2120 2173
f 1233 4338 4337
f 4337 4338 4437
f 4337 4437 4420
f 4420 4437 4438
f 4420 4438 4421
f 4421 4438 4439
f 4421 4439 4422
f 4422 4439 4440
f 4422 4440 4423
f 4423 4440 4441
f 4423 4441 4424
f 4424 4441 4442
f 4424 4442 4425
f 4425 4442 4443
f 4425 4443 4426
f 4426 4443 4444
f 4426 4444 4427
f 4427 4444 4445
f 4427 4445 4428
f 4428 4445 4446
f 4428 4446 4429
f 4429 4446 4447
f 4429 4447 4430
f 4430 4447 4448
f 4430 4448 4431
f 4431 4448 4449
f 4431 4449 4432
f 4432 4449 4450
f 4432 4450 4433
f 4433 4450 4451
f 4433 4451 4434
f 4434 4451 4452
f 4434 4452 4435
f 4435 4452 4453
f 4435 4453 4436
f 4436 4453 2121
f 4436 2121 2120
f 1229 4339 4338
f 4338 4339 4341
f 4338 4341 4437
f 4437 4341 4342
f 4437 4342 4438
f 4438 4342 4345
f 4438 4345 4439
f 4439 4345 4346
f 4439 4346 4440
f 4440 4346 4348
f 4440 4348 4441
f 4441 4348 4349
f 4441 4349 4442
f 4442 4349 4353
f 4442 4353 4443
f 4443 4353 4354
f 4443 4354 4444
f 4444 4354 4356
f 4444 4356 4445
f 4445 4356 4358
f 4445 4358 4446
f 4446 4358 4360
f 4446 4360 4447
f 4447 4360 4362
f 4447 4362 4448
f 4448 4362 4364
f 4448 4364 4449
f 4449 4364 4333
f 4449 4333 4450
f 4450 4333 4332
f 4450 4332 4451
f 4451 4332 4328
f 4451 4328 4452
f 4452 4328 4325
f 4452 4325 4453
f 4453 4325 2122
f 4453 2122 2121
f 917 915 4454
f 923 921 4455
f 4456 4457 4458
f 4458 4457 4459
f 4458 4459 4460
f 4461 2364 2363
f 2363 4462 4461
f 4461 4462 4463
f 4461 4463 4459
f 4459 4463 4464
f 4459 4464 4460
f 1815 945 943
f 4465 941 939
f 939 937 4466
f 4466 937 935
f 935 933 4467
f 4467 933 931
f 931 929 4468
f 4468 929 927
f 927 925 4469
f 4469 925 923
f 921 919 4470
f 4470 919 917
f 943 941 1815
f 1815 941 4465
f 1815 4465 1816
f 1816 4465 4471
f 1816 4471 1817
f 1817 4471 4472
f 1817 4472 1818
f 1818 4472 4473
f 1818 4473 1819
f 1819 4473 4474
f 1819 4474 1820
f 1820 4474 4475
f 1820 4475 1821
f 1821 4475 1822
f 1822 4475 4476
f 1822 4476 1823
f 1823 4476 1824
f 1824 4476 4477
f 1824 4477 1825
f 1825 4477 1826
f 1826 4477 4478
f 1826 4478 1827
f 1827 4478 1828
f 1828 4478 4479
f 1828 4479 1829
f 1829 4479 1830
f 1830 4479 4480
f 1830 4480 1831
f 1831 4480 1832
f 1832 4480 4481
f 1832 4481 1833
f 1833 4481 1834
f 1834 4481 4482
f 1834 4482 1835
f 1835 4482 1814
f 1814 4482 4456
f 1814 4456 1698
f 1698 4456 4458
f 1698 4458 1699
f 939 4466 4465
f 4465 4466 4483
f 4465 4483 4471
f 4471 4483 4484
f 4471 4484 4472
f 4472 4484 4485
f 4472 4485 4473
f 4473 4485 4486
f 4473 4486 4474
f 4474 4486 4487
f 4474 4487 4475
f 4475 4487 4488
f 4475 4488 4476
f 4476 4488 4489
f 4476 4489 4477
f 4477 4489 4490
f 4477 4490 4478
f 4478 4490 4491
f 4478 4491 4479
f 4479 4491 4492
f 4479 4492 4480
f 4480 4492 4493
f 4480 4493 4481
f 4481 4493 4494
f 4481 4494 4482
f 4482 4494 4495
f 4482 4495 4456
f 4456 4495 4496
f 4456 4496 4457
f 4457 4496 4497
f 4457 4497 4459
f 4459 4497 4498
f 4459 4498 4461
f 4461 4498 2371
f 4461 2371 2364
f 935 4467 4466
f 4466 4467 4499
f 4466 4499 4483
f 4483 4499 4500
f 4483 4500 4484
f 4484 4500 4501
f 4484 4501 4485
f 4485 4501 4502
f 4485 4502 4486
f 4486 4502 4503
f 4486 4503 4487
f 4487 4503 4504
f 4487 4504 4488
f 4488 4504 4505
f 4488 4505 4489
f 4489 4505 4506
f 4489 4506 4490
f 4490 4506 4507
f 4490 4507 4491
f 4491 4507 4508
f 4491 4508 4492
f 4492 4508 4509
f 4492 4509 4493
f 4493 4509 4510
f 4493 4510 4494
f 4494 4510 4511
f 4494 4511 4495
f 4495 4511 4512
f 4495 4512 4496
f 4496 4512 4513
f 4496 4513 4497
f 4497 4513 4514
f 4497 4514 4498
f 4498 4514 2372
f 4498 2372 2371
f 931 4468 4467
f 4467 4468 4515
f 4467 4515 4499
f 4499 4515 4516
f 4499 4516 4500
f 4500 4516 4517
f 4500 4517 4501
f 4501 4517 4518
f 4501 4518 4502
f 4502 4518 4519
f 4502 4519 4503
f 4503 4519 4520
f 4503 4520 4504
f 4504 4520 4521
f 4504 4521 4505
f 4505 4521 4522
f 4505 4522 4506
f 4506 4522 4523
f 4506 4523 4507
f 4507 4523 4524
f 4507 4524 4508
f 4508 4524 4525
f 4508 4525 4509
f 4509 4525 4526
f 4509 4526 4510
f 4510 4526 4527
f 4510 4527 4511
f 4511 4527 4528
f 4511 4528 4512
f 4512 4528 4529
f 4512 4529 4513
f 4513 4529 4530
f 4513 4530 4514
f 4514 4530 2373
f 4514 2373 2372
f 927 4469 4468
f 4468 4469 4531
f 4468 4531 4515
f 4515 4531 4532
f 4515 4532 4516
f 4516 4532 4533
f 4516 4533 4517
f 4517 4533 4534
f 4517 4534 4518
f 4518 4534 4535
f 4518 4535 4519
f 4519 4535 4536
f 4519 4536 4520
f 4520 4536 4537
f 4520 4537 4521
f 4521 4537 4538
f 4521 4538 4522
f 4522 4538 4539
f 4522 4539 4523
f 4523 4539 4540
f 4523 4540 4524
f 4524 4540 4541
f 4524 4541 4525
f 4525 4541 4542
f 4525 4542 4526
f 4526 4542 4543
f 4526 4543 4527
f 4527 4543 4544
f 4527 4544 4528
f 4528 4544 4545
f 4528 4545 4529
f 4529 4545 4546
f 4529 4546 4530
f 4530 4546 2402
f 4530 2402 2373
f 923 4455 4469
f 4469 4455 4547
f 4469 4547 4531
f 4531 4547 4548
f 4531 4548 4532
f 4532 4548 4549
f 4532 4549 4533
f 4533 4549 4550
f 4533 4550 4534
f 4534 4550 4551
f 4534 4551 4535
f 4535 4551 4552
f 4535 4552 4536
f 4536 4552 4553
f 4536 4553 4537
f 4537 4553 4554
f 4537 4554 4538
f 4538 4554 4555
f 4538 4555 4539
f 4539 4555 4556
f 4539 4556 4540
f 4540 4556 4557
f 4540 4557 4541
f 4541 4557 4558
f 4541 4558 4542
f 4542 4558 4559
f 4542 4559 4543
f 4543 4559 4560
f 4543 4560 4544
f 4544 4560 4561
f 4544 4561 4545
f 4545 4561 4562
f 4545 4562 4546
f 4546 4562 2404
f 4546 2404 2402
f 921 4470 4455
f 4455 4470 4563
f 4455 4563 4547
f 4547 4563 4564
f 4547 4564 4548
f 4548 4564 4565
f 4548 4565 4549
f 4549 4565 4566
f 4549 4566 4550
f 4550 4566 4567
f 4550 4567 4551
f 4551 4567 4568
f 4551 4568 4552
f 4552 4568 4569
f 4552 4569 4553
f 4553 4569 4570
f 4553 4570 4554
f 4554 4570 4571
f 4554 4571 4555
f 4555 4571 4572
f 4555 4572 4556
f 4556 4572 4573
f 4556 4573 4557
f 4557 4573 4574
f 4557 4574 4558
f 4558 4574 4575
f 4558 4575 4559
f 4559 4575 4576
f 4559 4576 4560
f 4560 4576 4577
f 4560 4577 4561
f 4561 4577 4578
f 4561 4578 4562
f 4562 4578 2301
f 4562 2301 2404
f 917 4454 4470
f 4470 4454 4579
f 4470 4579 4563
f 4563 4579 4580
f 4563 4580 4564
f 4564 4580 4581
f 4564 4581 4565
f 4565 4581 4582
f 4565 4582 4566
f 4566 4582 4583
f 4566 4583 4567
f 4567 4583 4584
f 4567 4584 4568
f 4568 4584 4585
f 4568 4585 4569
f 4569 4585 4586
f 4569 4586 4570
f 4570 4586 4587
f 4570 4587 4571
f 4571 4587 4588
f 4571 4588 4572
f 4572 4588 4589
f 4572 4589 4573
f 4573 4589 4590
f 4573 4590 4574
f 4574 4590 4591
f 4574 4591 4575
f 4575 4591 4592
f 4575 4592 4576
f 4576 4592 4593
f 4576 4593 4577
f 4577 4593 4594
f 4577 4594 4578
f 4578 4594 2299
f 4578 2299 2301
f 2681 2680 4595
f 2676 2677 4596
f 2674 2673 4597
f 956 955 4598
f 2682 2299 4594
f 2682 4594 2661
f 4599 4600 4601
f 4601 4600 4602
f 4601 4602 4603
f 4603 4602 4604
f 4603 4604 4605
f 4605 4604 4606
f 4605 4606 4607
f 4607 4606 4608
f 4607 4608 4609
f 4609 4608 4610
f 4609 4610 4611
f 4611 4610 4612
f 4611 4612 4613
f 4613 4612 4614
f 4613 4614 4615
f 4615 4614 4616
f 4615 4616 4617
f 4617 4616 4618
f 4617 4618 4619
f 4619 4618 4620
f 4619 4620 4621
f 4621 4620 4622
f 4621 4622 4623
f 4623 4622 4624
f 4623 4624 4625
f 4625 4624 4626
f 4625 4626 4627
f 4627 4626 4628
f 4627 4628 4629
f 4629 4628 4630
f 4629 4630 4631
f 4631 4630 4632
f 4631 4632 908
f 908 4632 914
f 4633 4599 4634
f 4634 4599 4601
f 4634 4601 4635
f 4635 4601 4603
f 4635 4603 4636
f 4636 4603 4605
f 4636 4605 4637
f 4637 4605 4607
f 4637 4607 4638
f 4638 4607 4609
f 4638 4609 4639
f 4639 4609 4611
f 4639 4611 4640
f 4640 4611 4613
f 4640 4613 4641
f 4641 4613 4615
f 4641 4615 4642
f 4642 4615 4617
f 4642 4617 4643
f 4643 4617 4619
f 4643 4619 4644
f 4644 4619 4621
f 4644 4621 4645
f 4645 4621 4623
f 4645 4623 4646
f 4646 4623 4625
f 4646 4625 4647
f 4647 4625 4627
f 4647 4627 4648
f 4648 4627 4629
f 4648 4629 4649
f 4649 4629 4631
f 4649 4631 907
f 907 4631 908
f 915 914 4454
f 4454 914 4632
f 4454 4632 4579
f 4579 4632 4630
f 4579 4630 4580
f 4580 4630 4628
f 4580 4628 4581
f 4581 4628 4626
f 4581 4626 4582
f 4582 4626 4624
f 4582 4624 4583
f 4583 4624 4622
f 4583 4622 4584
f 4584 4622 4620
f 4584 4620 4585
f 4585 4620 4618
f 4585 4618 4586
f 4586 4618 4616
f 4586 4616 4587
f 4587 4616 4614
f 4587 4614 4588
f 4588 4614 4612
f 4588 4612 4589
f 4589 4612 4610
f 4589 4610 4590
f 4590 4610 4608
f 4590 4608 4591
f 4591 4608 4606
f 4591 4606 4592
f 4592 4606 4604
f 4592 4604 4593
f 4593 4604 4602
f 4593 4602 4594
f 4594 4602 4600
f 4594 4600 2661
f 2661 4600 4599
f 2661 4599 2662
f 2662 4599 4633
f 2662 4633 2663
f 4650 4633 4651
f 4651 4633 4634
f 4651 4634 4652
f 4652 4634 4635
f 4652 4635 4653
f 4653 4635 4636
f 4653 4636 4654
f 4654 4636 4637
f 4654 4637 4655
f 4655 4637 4638
f 4655 4638 4656
f 4656 4638 4639
f 4656 4639 4657
f 4657 4639 4640
f 4657 4640 4658
f 4658 4640 4641
f 4658 4641 4659
f 4659 4641 4642
f 4659 4642 4660
f 4660 4642 4643
f 4660 4643 4661
f 4661 4643 4644
f 4661 4644 4662
f 4662 4644 4645
f 4662 4645 4663
f 4663 4645 4646
f 4663 4646 4664
f 4664 4646 4647
f 4664 4647 4665
f 4665 4647 4648
f 4665 4648 4666
f 4666 4648 4649
f 4666 4649 910
f 910 4649 907
f 2667 2666 4650
f 4650 2666 2665
f 4650 2665 4633
f 4633 2665 2664
f 4633 2664 2663
f 4667 4668 4669
f 4669 4668 4670
f 4669 4670 4671
f 4671 4670 4672
f 4671 4672 4673
f 4673 4672 4674
f 4673 4674 4675
f 4675 4674 4676
f 4675 4676 4677
f 4677 4676 4678
f 4677 4678 4679
f 4679 4678 4680
f 4679 4680 4681
f 4681 4680 4682
f 4681 4682 4683
f 4683 4682 4684
f 4683 4684 4685
f 4685 4684 4686
f 4685 4686 4687
f 4687 4686 4688
f 4687 4688 4689
f 4689 4688 4690
f 4689 4690 4691
f 4691 4690 4692
f 4691 4692 4693
f 4693 4692 4694
f 4693 4694 4695
f 4695 4694 4696
f 4695 4696 4697
f 4697 4696 4698
f 4697 4698 4699
f 4699 4698 4700
f 4699 4700 912
f 912 4700 913
f 4701 4667 4702
f 4702 4667 4669
f 4702 4669 4703
f 4703 4669 4671
f 4703 4671 4704
f 4704 4671 4673
f 4704 4673 4705
f 4705 4673 4675
f 4705 4675 4706
f 4706 4675 4677
f 4706 4677 4707
f 4707 4677 4679
f 4707 4679 4708
f 4708 4679 4681
f 4708 4681 4709
f 4709 4681 4683
f 4709 4683 4710
f 4710 4683 4685
f 4710 4685 4711
f 4711 4685 4687
f 4711 4687 4712
f 4712 4687 4689
f 4712 4689 4713
f 4713 4689 4691
f 4713 4691 4714
f 4714 4691 4693
f 4714 4693 4715
f 4715 4693 4695
f 4715 4695 4716
f 4716 4695 4697
f 4716 4697 4717
f 4717 4697 4699
f 4717 4699 911
f 911 4699 912
f 910 913 4666
f 4666 913 4700
f 4666 4700 4665
f 4665 4700 4698
f 4665 4698 4664
f 4664 4698 4696
f 4664 4696 4663
f 4663 4696 4694
f 4663 4694 4662
f 4662 4694 4692
f 4662 4692 4661
f 4661 4692 4690
f 4661 4690 4660
f 4660 4690 4688
f 4660 4688 4659
f 4659 4688 4686
f 4659 4686 4658
f 4658 4686 4684
f 4658 4684 4657
f 4657 4684 4682
f 4657 4682 4656
f 4656 4682 4680
f 4656 4680 4655
f 4655 4680 4678
f 4655 4678 4654
f 4654 4678 4676
f 4654 4676 4653
f 4653 4676 4674
f 4653 4674 4652
f 4652 4674 4672
f 4652 4672 4651
f 4651 4672 4670
f 4651 4670 4650
f 4650 4670 4668
f 4650 4668 2667
f 2667 4668 4667
f 2667 4667 2668
f 2668 4667 4701
f 2668 4701 2669
f 2669 4701 2670
f 2671 2670 4718
f 4718 2670 4701
f 4718 4701 4719
f 4719 4701 4702
f 4719 4702 4720
f 4720 4702 4703
f 4720 4703 4721
f 4721 4703 4704
f 4721 4704 4722
f 4722 4704 4705
f 4722 4705 4723
f 4723 4705 4706
f 4723 4706 4724
f 4724 4706 4707
f 4724 4707 4725
f 4725 4707 4708
f 4725 4708 4726
f 4726 4708 4709
f 4726 4709 4727
f 4727 4709 4710
f 4727 4710 4728
f 4728 4710 4711
f 4728 4711 4729
f 4729 4711 4712
f 4729 4712 4730
f 4730 4712 4713
f 4730 4713 4731
f 4731 4713 4714
f 4731 4714 4732
f 4732 4714 4715
f 4732 4715 4733
f 4733 4715 4716
f 4733 4716 4598
f 4598 4716 4717
f 4598 4717 956
f 956 4717 911
f 2673 2671 4597
f 4597 2671 4718
f 4597 4718 4734
f 4734 4718 4719
f 4734 4719 4735
f 4735 4719 4720
f 4735 4720 4736
f 4736 4720 4721
f 4736 4721 4737
f 4737 4721 4722
f 4737 4722 4738
f 4738 4722 4723
f 4738 4723 4739
f 4739 4723 4724
f 4739 4724 4740
f 4740 4724 4725
f 4740 4725 4741
f 4741 4725 4726
f 4741 4726 4742
f 4742 4726 4727
f 4742 4727 4743
f 4743 4727 4728
f 4743 4728 4744
f 4744 4728 4729
f 4744 4729 4745
f 4745 4729 4730
f 4745 4730 4746
f 4746 4730 4731
f 4746 4731 4747
f 4747 4731 4732
f 4747 4732 4748
f 4748 4732 4733
f 4748 4733 4749
f 4749 4733 4598
f 4749 4598 954
f 954 4598 955
f 2675 2674 4750
f 4750 2674 4597
f 4750 4597 4751
f 4751 4597 4734
f 4751 4734 4752
f 4752 4734 4735
f 4752 4735 4753
f 4753 4735 4736
f 4753 4736 4754
f 4754 4736 4737
f 4754 4737 4755
f 4755 4737 4738
f 4755 4738 4756
f 4756 4738 4739
f 4756 4739 4757
f 4757 4739 4740
f 4757 4740 4758
f 4758 4740 4741
f 4758 4741 4759
f 4759 4741 4742
f 4759 4742 4760
f 4760 4742 4743
f 4760 4743 4761
f 4761 4743 4744
f 4761 4744 4762
f 4762 4744 4745
f 4762 4745 4763
f 4763 4745 4746
f 4763 4746 4764
f 4764 4746 4747
f 4764 4747 4765
f 4765 4747 4748
f 4765 4748 4766
f 4766 4748 4749
f 4766 4749 953
f 953 4749 954
f 2672 2675 4767
f 4767 2675 4750
f 4767 4750 4768
f 4768 4750 4751
f 4768 4751 4769
f 4769 4751 4752
f 4769 4752 4770
f 4770 4752 4753
f 4770 4753 4771
f 4771 4753 4754
f 4771 4754 4772
f 4772 4754 4755
f 4772 4755 4773
f 4773 4755 4756
f 4773 4756 4774
f 4774 4756 4757
f 4774 4757 4775
f 4775 4757 4758
f 4775 4758 4776
f 4776 4758 4759
f 4776 4759 4777
f 4777 4759 4760
f 4777 4760 4778
f 4778 4760 4761
f 4778 4761 4779
f 4779 4761 4762
f 4779 4762 4780
f 4780 4762 4763
f 4780 4763 4781
f 4781 4763 4764
f 4781 4764 4782
f 4782 4764 4765
f 4782 4765 4783
f 4783 4765 4766
f 4783 4766 952
f 952 4766 953
f 2678 2672 4784
f 4784 2672 4767
f 4784 4767 4785
f 4785 4767 4768
f 4785 4768 4786
f 4786 4768 4769
f 4786 4769 4787
f 4787 4769 4770
f 4787 4770 4788
f 4788 4770 4771
f 4788 4771 4789
f 4789 4771 4772
f 4789 4772 4790
f 4790 4772 4773
f 4790 4773 4791
f 4791 4773 4774
f 4791 4774 4792
f 4792 4774 4775
f 4792 4775 4793
f 4793 4775 4776
f 4793 4776 4794
f 4794 4776 4777
f 4794 4777 4795
f 4795 4777 4778
f 4795 4778 4796
f 4796 4778 4779
f 4796 4779 4797
f 4797 4779 4780
f 4797 4780 4798
f 4798 4780 4781
f 4798 4781 4799
f 4799 4781 4782
f 4799 4782 4800
f 4800 4782 4783
f 4800 4783 951
f 951 4783 952
f 2677 2678 4596
f 4596 2678 4784
f 4596 4784 4801
f 4801 4784 4785
f 4801 4785 4802
f 4802 4785 4786
f 4802 4786 4803
f 4803 4786 4787
f 4803 4787 4804
f 4804 4787 4788
f 4804 4788 4805
f 4805 4788 4789
f 4805 4789 4806
f 4806 4789 4790
f 4806 4790 4807
f 4807 4790 4791
f 4807 4791 4808
f 4808 4791 4792
f 4808 4792 4809
f 4809 4792 4793
f 4809 4793 4810
f 4810 4793 4794
f 4810 4794 4811
f 4811 4794 4795
f 4811 4795 4812
f 4812 4795 4796
f 4812 4796 4813
f 4813 4796 4797
f 4813 4797 4814
f 4814 4797 4798
f 4814 4798 4815
f 4815 4798 4799
f 4815 4799 4816
f 4816 4799 4800
f 4816 4800 950
f 950 4800 951
f 2679 2676 4817
f 4817 2676 4596
f 4817 4596 4818
f 4818 4596 4801
f 4818 4801 4819
f 4819 4801 4802
f 4819 4802 4820
f 4820 4802 4803
f 4820 4803 4821
f 4821 4803 4804
f 4821 4804 4822
f 4822 4804 4805
f 4822 4805 4823
f 4823 4805 4806
f 4823 4806 4824
f 4824 4806 4807
f 4824 4807 4825
f 4825 4807 4808
f 4825 4808 4826
f 4826 4808 4809
f 4826 4809 4827
f 4827 4809 4810
f 4827 4810 4828
f 4828 4810 4811
f 4828 4811 4829
f 4829 4811 4812
f 4829 4812 4830
f 4830 4812 4813
f 4830 4813 4831
f 4831 4813 4814
f 4831 4814 4832
f 4832 4814 4815
f 4832 4815 4833
f 4833 4815 4816
f 4833 4816 949
f 949 4816 950
f 2680 2679 4595
f 4595 2679 4817
f 4595 4817 4834
f 4834 4817 4818
f 4834 4818 4835
f 4835 4818 4819
f 4835 4819 4836
f 4836 4819 4820
f 4836 4820 4837
f 4837 4820 4821
f 4837 4821 4838
f 4838 4821 4822
f 4838 4822 4839
f 4839 4822 4823
f 4839 4823 4840
f 4840 4823 4824
f 4840 4824 4841
f 4841 4824 4825
f 4841 4825 4842
f 4842 4825 4826
f 4842 4826 4843
f 4843 4826 4827
f 4843 4827 4844
f 4844 4827 4828
f 4844 4828 4845
f 4845 4828 4829
f 4845 4829 4846
f 4846 4829 4830
f 4846 4830 4847
f 4847 4830 4831
f 4847 4831 4848
f 4848 4831 4832
f 4848 4832 4849
f 4849 4832 4833
f 4849 4833 948
f 948 4833 949
f 2336 2681 4850
f 4850 2681 4595
f 4850 4595 4851
f 4851 4595 4834
f 4851 4834 4852
f 4852 4834 4835
f 4852 4835 4853
f 4853 4835 4836
f 4853 4836 4854
f 4854 4836 4837
f 4854 4837 4855
f 4855 4837 4838
f 4855 4838 4856
f 4856 4838 4839
f 4856 4839 4857
f 4857 4839 4840
f 4857 4840 4858
f 4858 4840 4841
f 4858 4841 4859
f 4859 4841 4842
f 4859 4842 4860
f 4860 4842 4843
f 4860 4843 4861
f 4861 4843 4844
f 4861 4844 4862
f 4862 4844 4845
f 4862 4845 4863
f 4863 4845 4846
f 4863 4846 4864
f 4864 4846 4847
f 4864 4847 4865
f 4865 4847 4848
f 4865 4848 4866
f 4866 4848 4849
f 4866 4849 963
f 963 4849 948
f 4867 4868 4869
f 962 960 4870
f 2368 4871 2369
f 2369 4871 4872
f 4872 4871 4873
f 4873 4871 4874
f 4873 4874 4875
f 4876 4877 4878
f 4875 4874 4879
f 4879 4874 4880
f 4879 4880 4878
f 4878 4880 4881
f 4878 4881 4876
f 4866 963 962
f 960 958 4882
f 4882 958 957
f 957 971 4883
f 4883 971 973
f 973 975 4884
f 4884 975 977
f 977 979 4885
f 4885 979 981
f 981 983 4886
f 4886 983 984
f 984 967 4887
f 4887 967 965
f 4888 4889 4890
f 4890 4889 4887
f 4890 4887 4891
f 4891 4887 965
f 4891 965 994
f 4888 4892 4889
f 4889 4892 4893
f 4889 4893 4894
f 4894 4893 4867
f 4867 4893 4895
f 4867 4895 4868
f 4896 4897 4869
f 4869 4897 4898
f 4869 4898 4867
f 4896 4899 4897
f 4897 4899 4900
f 4897 4900 4901
f 4901 4900 4902
f 4900 4903 4902
f 4902 4903 4904
f 4902 4904 4905
f 4904 4906 4905
f 4905 4906 4907
f 4905 4907 4908
f 4907 4909 4908
f 4908 4909 4910
f 4908 4910 4911
f 4910 4912 4911
f 4911 4912 4913
f 4911 4913 4914
f 4913 4915 4914
f 4914 4915 4916
f 4914 4916 4917
f 4916 4918 4917
f 4917 4918 4919
f 4917 4919 4881
f 4881 4919 4920
f 4881 4920 4876
f 962 4870 4866
f 4866 4870 4921
f 4866 4921 4865
f 4865 4921 4922
f 4865 4922 4864
f 4864 4922 4923
f 4864 4923 4863
f 4863 4923 4924
f 4863 4924 4862
f 4862 4924 4925
f 4862 4925 4861
f 4861 4925 4926
f 4861 4926 4860
f 4860 4926 4927
f 4860 4927 4859
f 4859 4927 4928
f 4859 4928 4858
f 4858 4928 4929
f 4858 4929 4857
f 4857 4929 4930
f 4857 4930 4856
f 4856 4930 4931
f 4856 4931 4855
f 4855 4931 4932
f 4855 4932 4854
f 4854 4932 4933
f 4854 4933 4853
f 4853 4933 4934
f 4853 4934 4852
f 4852 4934 4935
f 4852 4935 4851
f 4851 4935 4936
f 4851 4936 4850
f 4850 4936 2318
f 4850 2318 2336
f 960 4882 4870
f 4870 4882 4937
f 4870 4937 4921
f 4921 4937 4938
f 4921 4938 4922
f 4922 4938 4939
f 4922 4939 4923
f 4923 4939 4940
f 4923 4940 4924
f 4924 4940 4941
f 4924 4941 4925
f 4925 4941 4942
f 4925 4942 4926
f 4926 4942 4943
f 4926 4943 4927
f 4927 4943 4944
f 4927 4944 4928
f 4928 4944 4945
f 4928 4945 4929
f 4929 4945 4946
f 4929 4946 4930
f 4930 4946 4947
f 4930 4947 4931
f 4931 4947 4948
f 4931 4948 4932
f 4932 4948 4949
f 4932 4949 4933
f 4933 4949 4950
f 4933 4950 4934
f 4934 4950 4951
f 4934 4951 4935
f 4935 4951 4952
f 4935 4952 4936
f 4936 4952 2398
f 4936 2398 2318
f 957 4883 4882
f 4882 4883 4953
f 4882 4953 4937
f 4937 4953 4954
f 4937 4954 4938
f 4938 4954 4955
f 4938 4955 4939
f 4939 4955 4956
f 4939 4956 4940
f 4940 4956 4957
f 4940 4957 4941
f 4941 4957 4958
f 4941 4958 4942
f 4942 4958 4959
f 4942 4959 4943
f 4943 4959 4960
f 4943 4960 4944
f 4944 4960 4961
f 4944 4961 4945
f 4945 4961 4962
f 4945 4962 4946
f 4946 4962 4963
f 4946 4963 4947
f 4947 4963 4964
f 4947 4964 4948
f 4948 4964 4965
f 4948 4965 4949
f 4949 4965 4966
f 4949 4966 4950
f 4950 4966 4967
f 4950 4967 4951
f 4951 4967 4968
f 4951 4968 4952
f 4952 4968 2399
f 4952 2399 2398
f 973 4884 4883
f 4883 4884 4969
f 4883 4969 4953
f 4953 4969 4970
f 4953 4970 4954
f 4954 4970 4971
f 4954 4971 4955
f 4955 4971 4972
f 4955 4972 4956
f 4956 4972 4973
f 4956 4973 4957
f 4957 4973 4974
f 4957 4974 4958
f 4958 4974 4975
f 4958 4975 4959
f 4959 4975 4976
f 4959 4976 4960
f 4960 4976 4977
f 4960 4977 4961
f 4961 4977 4978
f 4961 4978 4962
f 4962 4978 4979
f 4962 4979 4963
f 4963 4979 4980
f 4963 4980 4964
f 4964 4980 4981
f 4964 4981 4965
f 4965 4981 4982
f 4965 4982 4966
f 4966 4982 4983
f 4966 4983 4967
f 4967 4983 4984
f 4967 4984 4968
f 4968 4984 2400
f 4968 2400 2399
f 977 4885 4884
f 4884 4885 4985
f 4884 4985 4969
f 4969 4985 4986
f 4969 4986 4970
f 4970 4986 4987
f 4970 4987 4971
f 4971 4987 4988
f 4971 4988 4972
f 4972 4988 4989
f 4972 4989 4973
f 4973 4989 4990
f 4973 4990 4974
f 4974 4990 4991
f 4974 4991 4975
f 4975 4991 4992
f 4975 4992 4976
f 4976 4992 4993
f 4976 4993 4977
f 4977 4993 4994
f 4977 4994 4978
f 4978 4994 4995
f 4978 4995 4979
f 4979 4995 4996
f 4979 4996 4980
f 4980 4996 4997
f 4980 4997 4981
f 4981 4997 4998
f 4981 4998 4982
f 4982 4998 4999
f 4982 4999 4983
f 4983 4999 5000
f 4983 5000 4984
f 4984 5000 2365
f 4984 2365 2400
f 981 4886 4885
f 4885 4886 5001
f 4885 5001 4985
f 4985 5001 5002
f 4985 5002 4986
f 4986 5002 5003
f 4986 5003 4987
f 4987 5003 5004
f 4987 5004 4988
f 4988 5004 5005
f 4988 5005 4989
f 4989 5005 5006
f 4989 5006 4990
f 4990 5006 5007
f 4990 5007 4991
f 4991 5007 5008
f 4991 5008 4992
f 4992 5008 5009
f 4992 5009 4993
f 4993 5009 5010
f 4993 5010 4994
f 4994 5010 5011
f 4994 5011 4995
f 4995 5011 5012
f 4995 5012 4996
f 4996 5012 5013
f 4996 5013 4997
f 4997 5013 5014
f 4997 5014 4998
f 4998 5014 5015
f 4998 5015 4999
f 4999 5015 5016
f 4999 5016 5000
f 5000 5016 2366
f 5000 2366 2365
f 984 4887 4886
f 4886 4887 4889
f 4886 4889 5001
f 5001 4889 4894
f 5001 4894 5002
f 5002 4894 4867
f 5002 4867 5003
f 5003 4867 4898
f 5003 4898 5004
f 5004 4898 4897
f 5004 4897 5005
f 5005 4897 4901
f 5005 4901 5006
f 5006 4901 4902
f 5006 4902 5007
f 5007 4902 4905
f 5007 4905 5008
f 5008 4905 4908
f 5008 4908 5009
f 5009 4908 4911
f 5009 4911 5010
f 5010 4911 4914
f 5010 4914 5011
f 5011 4914 4917
f 5011 4917 5012
f 5012 4917 4881
f 5012 4881 5013
f 5013 4881 4880
f 5013 4880 5014
f 5014 4880 4874
f 5014 4874 5015
f 5015 4874 4871
f 5015 4871 5016
f 5016 4871 2368
f 5016 2368 2366
f 4919 4918 5017
f 5018 5019 5020
f 4876 4920 5021
f 5022 5023 5024
f 5024 5023 4877
f 5025 5026 5022
f 5026 5025 5027
f 5028 5029 5027
f 5030 5031 5032
f 5032 5031 5029
f 5033 5034 5030
f 5035 5036 5037
f 5037 5036 5038
f 5037 5038 5034
f 5039 5040 5041
f 5041 5040 5035
f 5041 5035 5042
f 5039 5041 5043
f 5043 5041 5044
f 5043 5044 5045
f 5045 5044 5046
f 5045 5046 5047
f 1006 5048 5049
f 5049 5048 5050
f 5049 5050 5051
f 5051 5050 5052
f 5051 5052 5046
f 5046 5052 5053
f 5046 5053 5047
f 1006 5054 5055
f 5055 5054 5056
f 1006 5057 5054
f 5054 5057 5058
f 5054 5058 5056
f 5056 5058 5059
f 1006 5060 1008
f 1008 5060 5061
f 1008 5061 1009
f 1009 5061 5062
f 1009 5062 1010
f 1006 5063 5057
f 5057 5063 5064
f 5057 5064 5058
f 5058 5064 5065
f 5058 5065 5059
f 5059 5065 5066
f 1006 5067 5063
f 5063 5067 5068
f 5063 5068 5064
f 5064 5068 5069
f 5064 5069 5065
f 5065 5069 5070
f 5065 5070 5066
f 5066 5070 5071
f 1010 5062 1012
f 1012 5062 5072
f 1012 5072 1013
f 1013 5072 5073
f 1013 5073 1001
f 5042 5071 5041
f 5041 5071 5070
f 5041 5070 5044
f 5044 5070 5069
f 5044 5069 5046
f 5046 5069 5068
f 5046 5068 5051
f 5051 5068 5067
f 5051 5067 5049
f 5049 5067 1006
f 5035 5037 5042
f 5042 5037 5074
f 5042 5074 5071
f 5071 5074 5075
f 5071 5075 5066
f 5066 5075 5076
f 5066 5076 5059
f 5059 5076 5077
f 5059 5077 5056
f 5056 5077 5078
f 5056 5078 5055
f 5055 5078 5079
f 5055 5079 1006
f 1001 5073 1003
f 1003 5073 5080
f 1003 5080 1004
f 1004 5080 5081
f 1004 5081 996
f 5034 5033 5037
f 5037 5033 5082
f 5037 5082 5074
f 5074 5082 5083
f 5074 5083 5075
f 5075 5083 5084
f 5075 5084 5076
f 5076 5084 5085
f 5076 5085 5077
f 5077 5085 5086
f 5077 5086 5078
f 5078 5086 5087
f 5078 5087 5079
f 5079 5087 5088
f 5079 5088 1006
f 5030 5032 5033
f 5033 5032 5089
f 5033 5089 5082
f 5082 5089 5090
f 5082 5090 5083
f 5083 5090 5091
f 5083 5091 5084
f 5084 5091 5092
f 5084 5092 5085
f 5085 5092 5093
f 5085 5093 5086
f 5086 5093 5094
f 5086 5094 5087
f 5087 5094 5095
f 5087 5095 5088
f 5088 5095 5096
f 5088 5096 1006
f 5029 5028 5032
f 5032 5028 5097
f 5032 5097 5089
f 5089 5097 5098
f 5089 5098 5090
f 5090 5098 5099
f 5090 5099 5091
f 5091 5099 5100
f 5091 5100 5092
f 5092 5100 5101
f 5092 5101 5093
f 5093 5101 5102
f 5093 5102 5094
f 5094 5102 5103
f 5094 5103 5095
f 5095 5103 5104
f 5095 5104 5096
f 5096 5104 5105
f 5096 5105 1006
f 996 5081 998
f 998 5081 5106
f 998 5106 999
f 999 5106 5107
f 999 5107 985
f 985 5107 5108
f 985 5108 986
f 5027 5025 5028
f 5028 5025 5109
f 5028 5109 5097
f 5097 5109 5110
f 5097 5110 5098
f 5098 5110 5111
f 5098 5111 5099
f 5099 5111 5112
f 5099 5112 5100
f 5100 5112 5113
f 5100 5113 5101
f 5101 5113 5114
f 5101 5114 5102
f 5102 5114 5115
f 5102 5115 5103
f 5103 5115 5116
f 5103 5116 5104
f 5104 5116 5117
f 5104 5117 5105
f 5105 5117 5118
f 5105 5118 1006
f 5022 5024 5025
f 5025 5024 5119
f 5025 5119 5109
f 5109 5119 5120
f 5109 5120 5110
f 5110 5120 5121
f 5110 5121 5111
f 5111 5121 5122
f 5111 5122 5112
f 5112 5122 5123
f 5112 5123 5113
f 5113 5123 5124
f 5113 5124 5114
f 5114 5124 5125
f 5114 5125 5115
f 5115 5125 5126
f 5115 5126 5116
f 5116 5126 5127
f 5116 5127 5117
f 5117 5127 5128
f 5117 5128 5118
f 5118 5128 5129
f 5118 5129 1006
f 5130 5131 5132
f 5132 5131 5133
f 5132 5133 5134
f 5134 5133 5135
f 5134 5135 5136
f 5136 5135 5137
f 5136 5137 5138
f 5138 5137 5139
f 5138 5139 5140
f 5141 5142 5143
f 5143 5142 5144
f 5143 5144 5145
f 5145 5144 5146
f 5145 5146 5147
f 5147 5146 5148
f 5147 5148 5149
f 5149 5148 5150
f 5149 5150 5151
f 5151 5150 5152
f 5151 5152 5153
f 5153 5152 5154
f 5153 5154 5155
f 5155 5154 5156
f 5155 5156 5157
f 5158 5141 5159
f 5159 5141 5143
f 5159 5143 5160
f 5160 5143 5145
f 5160 5145 5161
f 5161 5145 5147
f 5161 5147 5162
f 5162 5147 5149
f 5162 5149 5163
f 5163 5149 5151
f 5163 5151 5164
f 5164 5151 5153
f 5164 5153 5165
f 5165 5153 5155
f 5165 5155 5166
f 5166 5155 5157
f 5166 5157 5167
f 1006 5168 5169
f 5169 5168 5170
f 5169 5170 5171
f 5171 5170 5172
f 5171 5172 5173
f 5173 5172 5174
f 5173 5174 5175
f 5175 5174 5176
f 5175 5176 5177
f 5177 5176 5178
f 5177 5178 5179
f 5179 5178 5180
f 5179 5180 5181
f 5181 5180 5182
f 5181 5182 5183
f 5183 5182 5184
f 5183 5184 5185
f 5185 5184 5186
f 5185 5186 5187
f 5187 5186 5188
f 5187 5188 5189
f 5189 5188 5190
f 5189 5190 5191
f 4920 4919 5021
f 5021 4919 5017
f 5021 5017 5192
f 5192 5017 5193
f 5192 5193 5194
f 5194 5193 5195
f 5194 5195 5196
f 4918 4916 5017
f 5017 4916 5018
f 5017 5018 5193
f 5193 5018 5020
f 5193 5020 5195
f 4916 4915 5018
f 5018 4915 4913
f 5018 4913 5019
f 5019 4913 4912
f 5019 4912 4910
f 5131 5196 5133
f 5133 5196 5195
f 5133 5195 5135
f 5135 5195 5020
f 5135 5020 5137
f 5137 5020 5019
f 5137 5019 5139
f 5139 5019 4910
f 4910 4909 5139
f 5139 4909 4907
f 5139 4907 5140
f 5140 4907 4906
f 5140 4906 4904
f 5197 5130 5198
f 5198 5130 5132
f 5198 5132 5199
f 5199 5132 5134
f 5199 5134 5200
f 5200 5134 5136
f 5200 5136 5201
f 5201 5136 5138
f 5201 5138 5202
f 5202 5138 5140
f 5202 5140 5203
f 5203 5140 4904
f 5203 4904 4903
f 5142 5197 5144
f 5144 5197 5198
f 5144 5198 5146
f 5146 5198 5199
f 5146 5199 5148
f 5148 5199 5200
f 5148 5200 5150
f 5150 5200 5201
f 5150 5201 5152
f 5152 5201 5202
f 5152 5202 5154
f 5154 5202 5203
f 5154 5203 5156
f 5156 5203 4903
f 4903 4900 5156
f 5156 4900 4899
f 5156 4899 5157
f 5157 4899 4896
f 5157 4896 5167
f 5167 4896 4869
f 5167 4869 4868
f 5204 5158 5205
f 5205 5158 5159
f 5205 5159 5206
f 5206 5159 5160
f 5206 5160 5207
f 5207 5160 5161
f 5207 5161 5208
f 5208 5161 5162
f 5208 5162 5209
f 5209 5162 5163
f 5209 5163 5210
f 5210 5163 5164
f 5210 5164 5211
f 5211 5164 5165
f 5211 5165 5212
f 5212 5165 5166
f 5212 5166 5213
f 5213 5166 5167
f 5213 5167 5214
f 5214 5167 4868
f 5214 4868 4895
f 5168 5204 5170
f 5170 5204 5205
f 5170 5205 5172
f 5172 5205 5206
f 5172 5206 5174
f 5174 5206 5207
f 5174 5207 5176
f 5176 5207 5208
f 5176 5208 5178
f 5178 5208 5209
f 5178 5209 5180
f 5180 5209 5210
f 5180 5210 5182
f 5182 5210 5211
f 5182 5211 5184
f 5184 5211 5212
f 5184 5212 5186
f 5186 5212 5213
f 5186 5213 5188
f 5188 5213 5214
f 5188 5214 5190
f 5190 5214 4895
f 4895 4893 5190
f 5190 4893 4892
f 5190 4892 5191
f 5191 4892 4888
f 5191 4888 4890
f 1006 5169 5060
f 5060 5169 5171
f 5060 5171 5061
f 5061 5171 5173
f 5061 5173 5062
f 5062 5173 5175
f 5062 5175 5072
f 5072 5175 5177
f 5072 5177 5073
f 5073 5177 5179
f 5073 5179 5080
f 5080 5179 5181
f 5080 5181 5081
f 5081 5181 5183
f 5081 5183 5106
f 5106 5183 5185
f 5106 5185 5107
f 5107 5185 5187
f 5107 5187 5108
f 5108 5187 5189
f 5108 5189 5215
f 5215 5189 5191
f 5215 5191 5216
f 5216 5191 4890
f 5216 4890 4891
f 4877 4876 5024
f 5024 4876 5021
f 5024 5021 5119
f 5119 5021 5192
f 5119 5192 5120
f 5120 5192 5194
f 5120 5194 5121
f 5121 5194 5196
f 5121 5196 5122
f 5122 5196 5131
f 5122 5131 5123
f 5123 5131 5130
f 5123 5130 5124
f 5124 5130 5197
f 5124 5197 5125
f 5125 5197 5142
f 5125 5142 5126
f 5126 5142 5141
f 5126 5141 5127
f 5127 5141 5158
f 5127 5158 5128
f 5128 5158 5204
f 5128 5204 5129
f 5129 5204 5168
f 5129 5168 1006
f 986 5108 989
f 989 5108 5215
f 989 5215 991
f 991 5215 5216
f 991 5216 993
f 993 5216 4891
f 993 4891 994
f 540 2614 498
f 498 2614 5217
f 498 5217 553
f 553 5217 5218
f 553 5218 555
f 555 5218 5219
f 555 5219 557
f 557 5219 5220
f 557 5220 559
f 559 5220 5221
f 559 5221 561
f 561 5221 5222
f 561 5222 563
f 563 5222 5223
f 563 5223 565
f 565 5223 5224
f 565 5224 566
f 566 5224 5225
f 566 5225 564
f 564 5225 5226
f 564 5226 562
f 562 5226 5227
f 562 5227 560
f 560 5227 5228
f 560 5228 558
f 558 5228 5229
f 558 5229 556
f 556 5229 2288
f 556 2288 554
f 2632 571 573
f 2632 573 5230
f 5230 573 575
f 5230 575 5231
f 5231 575 577
f 5231 577 5232
f 5232 577 579
f 5232 579 5233
f 5233 579 581
f 5233 581 5234
f 5234 581 583
f 5234 583 5235
f 5235 583 585
f 5235 585 5236
f 5236 585 586
f 5236 586 5237
f 5237 586 584
f 5237 584 5238
f 5238 584 582
f 5238 582 5239
f 5239 582 580
f 5239 580 5240
f 5240 580 578
f 5240 578 5241
f 5241 578 576
f 5241 576 5242
f 5242 576 574
f 5242 574 2292
f 1367 444 446
f 1367 446 5243
f 5243 446 448
f 5243 448 5244
f 5244 448 442
f 5244 442 5245
f 5245 442 441
f 5245 441 5246
f 5246 441 440
f 5246 440 5247
f 5247 440 429
f 5247 429 5248
f 5248 429 427
f 5248 427 5249
f 5249 427 426
f 5249 426 5250
f 426 473 5250
f 5250 473 474
f 5250 474 5251
f 5251 474 475
f 5251 475 5252
f 5252 475 476
f 5252 476 5253
f 5253 476 472
f 5253 472 5254
f 5254 472 471
f 5254 471 5255
f 5255 471 470
f 5255 470 2291
f 666 2586 5256
f 666 5256 667
f 667 5256 5257
f 667 5257 668
f 668 5257 5258
f 668 5258 674
f 674 5258 5259
f 674 5259 673
f 673 5259 5260
f 673 5260 672
f 672 5260 5261
f 672 5261 669
f 669 5261 5262
f 669 5262 670
f 670 5262 5263
f 670 5263 671
f 671 5263 5264
f 671 5264 678
f 678 5264 5265
f 678 5265 677
f 677 5265 5266
f 677 5266 676
f 676 5266 5267
f 676 5267 675
f 675 5267 665
f 665 5267 5268
f 665 5268 664
f 664 5268 2294
f 664 2294 662
f 2604 810 808
f 2604 808 5269
f 5269 808 806
f 5269 806 5270
f 5270 806 805
f 5270 805 5271
f 5271 805 803
f 5271 803 5272
f 5272 803 801
f 5272 801 5273
f 5273 801 799
f 5273 799 5274
f 5274 799 797
f 5274 797 5275
f 5275 797 795
f 5275 795 5276
f 5276 795 793
f 5276 793 5277
f 5277 793 791
f 5277 791 5278
f 5278 791 789
f 5278 789 5279
f 5279 789 786
f 5279 786 5280
f 5280 786 784
f 5280 784 5281
f 5281 784 768
f 5281 768 2409
f 832 1269 5282
f 832 5282 828
f 828 5282 5283
f 828 5283 827
f 827 5283 5284
f 827 5284 825
f 825 5284 5285
f 825 5285 826
f 826 5285 5286
f 826 5286 822
f 822 5286 5287
f 822 5287 823
f 823 5287 5288
f 823 5288 821
f 821 5288 814
f 814 5288 5289
f 814 5289 815
f 815 5289 5290
f 815 5290 817
f 817 5290 5291
f 817 5291 819
f 819 5291 5292
f 819 5292 820
f 820 5292 5293
f 820 5293 818
f 818 5293 5294
f 818 5294 816
f 816 5294 2407
f 816 2407 813
f 852 5295 882
f 882 5295 5296
f 882 5296 719
f 719 5296 720
f 5297 13 161
f 5298 5299 161
f 5300 5301 166
f 166 5301 5302
f 166 5303 5304
f 5299 5305 161
f 161 5305 5306
f 161 5306 5297
f 166 5304 165
f 5304 5307 165
f 165 5307 5308
f 165 5308 5309
f 175 174 5310
f 5310 5311 175
f 175 5311 5312
f 175 5312 5313
f 5314 5315 10
f 2064 2065 5316
f 5316 2065 2058
f 5316 2058 2057
f 5302 5317 166
f 166 5317 5318
f 166 5318 5303
f 2062 5319 5320
f 155 5321 5322
f 5323 7 177
f 2062 5324 166
f 166 5324 5325
f 5325 5326 166
f 166 5326 5327
f 166 5327 5300
f 5328 5329 2062
f 5330 5331 2059
f 2059 5331 5332
f 2059 5332 2062
f 2062 5332 5333
f 2062 5333 5328
f 5320 5334 2062
f 2062 5334 5335
f 2062 5335 5336
f 5313 5337 175
f 175 5337 5338
f 175 5338 5339
f 170 5340 5341
f 5316 5342 2064
f 2064 5342 5343
f 2064 5343 2061
f 5344 2061 2060
f 5309 5345 165
f 165 5345 5346
f 165 5346 161
f 161 5346 5347
f 161 5347 5348
f 5329 5349 2062
f 2062 5349 5350
f 2062 5350 5319
f 5351 5352 2063
f 2060 5353 5354
f 5354 5355 2060
f 2060 5355 5356
f 2060 5356 5357
f 5339 5358 175
f 175 5358 5359
f 175 5359 170
f 170 5359 5360
f 170 5360 5340
f 5341 5361 170
f 170 5361 5362
f 170 5362 10
f 10 5362 5363
f 10 5363 5314
f 159 5364 160
f 160 5364 5365
f 160 5365 5366
f 5348 5367 161
f 161 5367 5368
f 161 5368 5298
f 5369 5370 2063
f 2063 5370 5371
f 2063 5371 2060
f 2060 5371 5372
f 2060 5372 5353
f 5357 5373 2060
f 2060 5373 5374
f 2060 5374 5375
f 5315 5376 10
f 10 5376 5377
f 10 5377 2059
f 2059 5377 5378
f 2059 5378 2060
f 2060 5378 5379
f 2060 5379 5344
f 160 5380 155
f 155 5380 5381
f 155 5381 5321
f 5336 5382 2062
f 2062 5382 5383
f 2062 5383 5384
f 5384 5385 2062
f 2062 5385 5386
f 2062 5386 5387
f 5388 5389 2063
f 2063 5389 5390
f 2063 5390 5391
f 5391 5392 2063
f 2063 5392 5393
f 2063 5393 5394
f 5352 5395 2063
f 2063 5395 5396
f 2063 5396 5397
f 5397 5398 2063
f 2063 5398 5399
f 2063 5399 5369
f 5366 5400 160
f 160 5400 5401
f 160 5401 5402
f 5402 5403 160
f 160 5403 5404
f 160 5404 5380
f 5322 5405 155
f 155 5405 5406
f 155 5406 154
f 154 5406 5407
f 182 5408 5409
f 177 5410 5411
f 5394 5412 2063
f 2063 5412 5413
f 2063 5413 5351
f 5414 5415 2059
f 2059 5415 5416
f 2059 5416 5417
f 5418 5419 2059
f 2059 5419 5420
f 2059 5420 5330
f 5407 5421 154
f 154 5421 5422
f 154 5422 5423
f 5423 5424 154
f 154 5424 5425
f 154 5425 5426
f 5344 5296 2061
f 2061 5296 5295
f 2061 5295 2064
f 2064 5295 5427
f 2064 5427 181
f 181 5427 5428
f 181 5428 5429
f 5429 5430 181
f 181 5430 5431
f 181 5431 5432
f 5411 5433 177
f 177 5433 5434
f 177 5434 5435
f 5435 5436 177
f 177 5436 5437
f 177 5437 5323
f 5417 5438 2059
f 2059 5438 5439
f 2059 5439 5418
f 5387 5388 2062
f 2062 5388 2063
f 2062 2063 5324
f 5324 2063 2058
f 5324 2058 5426
f 5426 2058 2065
f 5426 2065 154
f 5409 5440 182
f 182 5440 5441
f 182 5441 177
f 177 5441 5442
f 177 5442 5410
f 5375 5443 2060
f 2060 5443 5444
f 2060 5444 5445
f 5432 5446 181
f 181 5446 5447
f 181 5447 182
f 182 5447 5448
f 182 5448 5408
f 5449 5450 2060
f 2060 5450 5451
f 5452 2059 5453
f 5453 2059 2060
f 5453 2060 5454
f 5454 2060 5451
f 5455 5456 2059
f 2059 5456 5457
f 2059 5457 5414
f 5445 5458 2060
f 2060 5458 5459
f 2060 5459 5449
f 5452 5460 2059
f 2059 5460 5461
f 2059 5461 5455
f 388 5326 390
f 390 5326 5325
f 390 5325 431
f 431 5325 432
f 359 2061 360
f 360 2061 5343
f 360 5343 362
f 422 421 2065
f 361 363 5462
f 424 422 5463
f 5463 422 2065
f 5463 2065 5462
f 5462 2065 2064
f 5462 2064 361
f 361 2064 349
f 365 2059 370
f 370 2059 2062
f 370 2062 371
f 371 2062 374
f 375 2063 376
f 376 2063 2060
f 376 2060 369
f 369 2060 368
f 283 285 5464
f 167 5465 285
f 285 5465 5466
f 285 5466 5464
f 164 5467 167
f 167 5467 5468
f 167 5468 5465
f 163 5469 164
f 164 5469 5470
f 164 5470 5467
f 162 5471 163
f 163 5471 5472
f 163 5472 5469
f 289 5473 162
f 162 5473 5474
f 162 5474 5471
f 291 5475 289
f 289 5475 5476
f 289 5476 5473
f 293 5477 291
f 291 5477 5478
f 291 5478 5475
f 295 5479 293
f 293 5479 5480
f 293 5480 5477
f 297 5481 295
f 295 5481 5482
f 295 5482 5479
f 299 5483 297
f 297 5483 5484
f 297 5484 5481
f 301 5485 299
f 299 5485 5486
f 299 5486 5483
f 303 5487 301
f 301 5487 5488
f 301 5488 5485
f 305 5489 303
f 303 5489 5490
f 303 5490 5487
f 307 5491 305
f 305 5491 5492
f 305 5492 5489
f 309 5493 307
f 307 5493 5494
f 307 5494 5491
f 311 5495 309
f 309 5495 5496
f 309 5496 5493
f 313 5497 311
f 311 5497 5498
f 311 5498 5495
f 316 5499 313
f 313 5499 5500
f 313 5500 5497
f 318 5501 316
f 316 5501 5502
f 316 5502 5499
f 320 5503 318
f 318 5503 5504
f 318 5504 5501
f 322 5505 320
f 320 5505 5506
f 320 5506 5503
f 324 5507 322
f 322 5507 5508
f 322 5508 5505
f 326 5509 324
f 324 5509 5510
f 324 5510 5507
f 328 5511 326
f 326 5511 5512
f 326 5512 5509
f 330 5513 328
f 328 5513 5514
f 328 5514 5511
f 332 5515 330
f 330 5515 5516
f 330 5516 5513
f 334 5517 332
f 332 5517 5518
f 332 5518 5515
f 336 5519 334
f 334 5519 5520
f 334 5520 5517
f 3 5521 336
f 336 5521 5522
f 336 5522 5519
f 2 5523 3
f 3 5523 5524
f 3 5524 5521
f 157 5525 2
f 2 5525 5526
f 2 5526 5523
f 156 5527 157
f 157 5527 5528
f 157 5528 5525
f 101 5529 156
f 156 5529 5530
f 156 5530 5527
f 133 5531 101
f 101 5531 5532
f 101 5532 5529
f 146 5533 133
f 133 5533 5534
f 133 5534 5531
f 148 5535 146
f 146 5535 5536
f 146 5536 5533
f 18 5537 148
f 148 5537 5538
f 148 5538 5535
f 179 5539 18
f 18 5539 5540
f 18 5540 5537
f 178 5541 179
f 179 5541 5542
f 179 5542 5539
f 176 5543 178
f 178 5543 5544
f 178 5544 5541
f 226 5545 176
f 176 5545 5546
f 176 5546 5543
f 228 5547 226
f 226 5547 5548
f 226 5548 5545
f 231 5549 228
f 228 5549 5550
f 228 5550 5547
f 233 5551 231
f 231 5551 5552
f 231 5552 5549
f 235 5553 233
f 233 5553 5554
f 233 5554 5551
f 237 5555 235
f 235 5555 5556
f 235 5556 5553
f 239 5557 237
f 237 5557 5558
f 237 5558 5555
f 241 5559 239
f 239 5559 5560
f 239 5560 5557
f 243 5561 241
f 241 5561 5562
f 241 5562 5559
f 245 5563 243
f 243 5563 5564
f 243 5564 5561
f 247 5565 245
f 245 5565 5566
f 245 5566 5563
f 249 5567 247
f 247 5567 5568
f 247 5568 5565
f 251 5569 249
f 249 5569 5570
f 249 5570 5567
f 253 5571 251
f 251 5571 5572
f 251 5572 5569
f 256 5573 253
f 253 5573 5574
f 253 5574 5571
f 258 5575 256
f 256 5575 5576
f 256 5576 5573
f 260 5577 258
f 258 5577 5578
f 258 5578 5575
f 262 5579 260
f 260 5579 5580
f 260 5580 5577
f 264 5581 262
f 262 5581 5582
f 262 5582 5579
f 266 5583 264
f 264 5583 5584
f 264 5584 5581
f 268 5585 266
f 266 5585 5586
f 266 5586 5583
f 270 5587 268
f 268 5587 5588
f 268 5588 5585
f 272 5589 270
f 270 5589 5590
f 270 5590 5587
f 274 5591 272
f 272 5591 5592
f 272 5592 5589
f 276 5593 274
f 274 5593 5594
f 274 5594 5591
f 173 5595 276
f 276 5595 5596
f 276 5596 5593
f 172 5597 173
f 173 5597 5598
f 173 5598 5595
f 171 5599 172
f 172 5599 5600
f 172 5600 5597
f 169 5601 171
f 171 5601 5602
f 171 5602 5599
f 280 5603 169
f 169 5603 5604
f 169 5604 5601
f 5464 5605 283
f 283 5605 5606
f 283 5606 280
f 280 5606 5607
f 280 5607 5603
f 1028 1032 5608
f 1014 1016 5609
f 1018 1021 5610
f 1007 1011 5611
f 1000 1002 5612
f 995 997 5613
f 987 988 5614
f 990 992 5615
f 976 974 5616
f 972 970 5617
f 969 959 5618
f 961 947 5619
f 909 916 5620
f 918 920 5621
f 922 924 5622
f 926 928 5623
f 930 932 5624
f 934 936 5625
f 938 940 5626
f 942 944 5627
f 900 898 5628
f 896 904 5629
f 886 888 5630
f 1253 1255 5631
f 1249 1250 5632
f 1220 1222 5633
f 1224 1226 5634
f 1228 1230 5635
f 1232 1234 5636
f 1236 1238 5637
f 1240 1242 5638
f 1244 1213 5639
f 1215 1217 5640
f 1194 1199 5641
f 1202 1173 5642
f 1175 1177 5643
f 1179 1181 5644
f 1183 1185 5645
f 1153 1155 5646
f 1157 1161 5647
f 1143 1145 5648
f 1147 1150 5649
f 1136 1140 5650
f 1129 1131 5651
f 1124 1126 5652
f 1116 1117 5653
f 1119 1121 5654
f 1091 1093 5655
f 1095 1097 5656
f 1099 1101 5657
f 1103 1105 5658
f 1107 1109 5659
f 5660 5661 5662
f 2454 2452 5663
f 2456 2454 5664
f 2458 2456 5665
f 2460 2458 5666
f 2462 2460 5667
f 2464 2462 5668
f 2466 2464 5669
f 2468 2466 5670
f 2497 5661 2499
f 2499 5661 5660
f 2499 5660 2501
f 5671 5662 5672
f 5672 5662 5661
f 5672 5661 5673
f 5673 5661 2497
f 5673 2497 2495
f 5674 5671 5675
f 5675 5671 5672
f 5675 5672 5676
f 5676 5672 5673
f 5676 5673 5677
f 5677 5673 2495
f 5677 2495 2493
f 5678 5674 5679
f 5679 5674 5675
f 5679 5675 5680
f 5680 5675 5676
f 5680 5676 5681
f 5681 5676 5677
f 5681 5677 5682
f 5682 5677 2493
f 5682 2493 2491
f 5683 5678 5684
f 5684 5678 5679
f 5684 5679 5685
f 5685 5679 5680
f 5685 5680 5686
f 5686 5680 5681
f 5686 5681 5687
f 5687 5681 5682
f 5687 5682 5688
f 5688 5682 2491
f 5688 2491 2489
f 5689 5683 5690
f 5690 5683 5684
f 5690 5684 5691
f 5691 5684 5685
f 5691 5685 5692
f 5692 5685 5686
f 5692 5686 5693
f 5693 5686 5687
f 5693 5687 5694
f 5694 5687 5688
f 5694 5688 5695
f 5695 5688 2489
f 5695 2489 2487
f 5696 5689 5697
f 5697 5689 5690
f 5697 5690 5698
f 5698 5690 5691
f 5698 5691 5699
f 5699 5691 5692
f 5699 5692 5700
f 5700 5692 5693
f 5700 5693 5701
f 5701 5693 5694
f 5701 5694 5702
f 5702 5694 5695
f 5702 5695 5703
f 5703 5695 2487
f 5703 2487 2486
f 5704 5696 5705
f 5705 5696 5697
f 5705 5697 5706
f 5706 5697 5698
f 5706 5698 5707
f 5707 5698 5699
f 5707 5699 5708
f 5708 5699 5700
f 5708 5700 5709
f 5709 5700 5701
f 5709 5701 5710
f 5710 5701 5702
f 5710 5702 5711
f 5711 5702 5703
f 5711 5703 5712
f 5712 5703 2486
f 5712 2486 2484
f 5713 5704 5714
f 5714 5704 5705
f 5714 5705 5715
f 5715 5705 5706
f 5715 5706 5716
f 5716 5706 5707
f 5716 5707 5717
f 5717 5707 5708
f 5717 5708 5718
f 5718 5708 5709
f 5718 5709 5719
f 5719 5709 5710
f 5719 5710 5720
f 5720 5710 5711
f 5720 5711 5721
f 5721 5711 5712
f 5721 5712 5722
f 5722 5712 2484
f 5722 2484 2482
f 5723 5713 5724
f 5724 5713 5714
f 5724 5714 5725
f 5725 5714 5715
f 5725 5715 5726
f 5726 5715 5716
f 5726 5716 5727
f 5727 5716 5717
f 5727 5717 5728
f 5728 5717 5718
f 5728 5718 5729
f 5729 5718 5719
f 5729 5719 5730
f 5730 5719 5720
f 5730 5720 5731
f 5731 5720 5721
f 5731 5721 5732
f 5732 5721 5722
f 5732 5722 5733
f 5733 5722 2482
f 5733 2482 2480
f 5734 5723 5735
f 5735 5723 5724
f 5735 5724 5736
f 5736 5724 5725
f 5736 5725 5737
f 5737 5725 5726
f 5737 5726 5738
f 5738 5726 5727
f 5738 5727 5739
f 5739 5727 5728
f 5739 5728 5740
f 5740 5728 5729
f 5740 5729 5741
f 5741 5729 5730
f 5741 5730 5742
f 5742 5730 5731
f 5742 5731 5743
f 5743 5731 5732
f 5743 5732 5744
f 5744 5732 5733
f 5744 5733 5745
f 5745 5733 2480
f 5745 2480 2478
f 5746 5734 5747
f 5747 5734 5735
f 5747 5735 5748
f 5748 5735 5736
f 5748 5736 5749
f 5749 5736 5737
f 5749 5737 5750
f 5750 5737 5738
f 5750 5738 5751
f 5751 5738 5739
f 5751 5739 5752
f 5752 5739 5740
f 5752 5740 5753
f 5753 5740 5741
f 5753 5741 5754
f 5754 5741 5742
f 5754 5742 5755
f 5755 5742 5743
f 5755 5743 5756
f 5756 5743 5744
f 5756 5744 5757
f 5757 5744 5745
f 5757 5745 5758
f 5758 5745 2478
f 5758 2478 2476
f 5759 5746 5760
f 5760 5746 5747
f 5760 5747 5761
f 5761 5747 5748
f 5761 5748 5762
f 5762 5748 5749
f 5762 5749 5763
f 5763 5749 5750
f 5763 5750 5764
f 5764 5750 5751
f 5764 5751 5765
f 5765 5751 5752
f 5765 5752 5766
f 5766 5752 5753
f 5766 5753 5767
f 5767 5753 5754
f 5767 5754 5768
f 5768 5754 5755
f 5768 5755 5769
f 5769 5755 5756
f 5769 5756 5770
f 5770 5756 5757
f 5770 5757 5771
f 5771 5757 5758
f 5771 5758 5772
f 5772 5758 2476
f 5772 2476 2474
f 5773 5759 5774
f 5774 5759 5760
f 5774 5760 5775
f 5775 5760 5761
f 5775 5761 5776
f 5776 5761 5762
f 5776 5762 5777
f 5777 5762 5763
f 5777 5763 5778
f 5778 5763 5764
f 5778 5764 5779
f 5779 5764 5765
f 5779 5765 5780
f 5780 5765 5766
f 5780 5766 5781
f 5781 5766 5767
f 5781 5767 5782
f 5782 5767 5768
f 5782 5768 5783
f 5783 5768 5769
f 5783 5769 5784
f 5784 5769 5770
f 5784 5770 5785
f 5785 5770 5771
f 5785 5771 5786
f 5786 5771 5772
f 5786 5772 5787
f 5787 5772 2474
f 5787 2474 2472
f 5788 5773 5789
f 5789 5773 5774
f 5789 5774 5790
f 5790 5774 5775
f 5790 5775 5791
f 5791 5775 5776
f 5791 5776 5792
f 5792 5776 5777
f 5792 5777 5793
f 5793 5777 5778
f 5793 5778 5794
f 5794 5778 5779
f 5794 5779 5795
f 5795 5779 5780
f 5795 5780 5796
f 5796 5780 5781
f 5796 5781 5797
f 5797 5781 5782
f 5797 5782 5798
f 5798 5782 5783
f 5798 5783 5799
f 5799 5783 5784
f 5799 5784 5800
f 5800 5784 5785
f 5800 5785 5801
f 5801 5785 5786
f 5801 5786 5802
f 5802 5786 5787
f 5802 5787 5803
f 5803 5787 2472
f 5803 2472 2470
f 5804 5805 5806
f 5807 5788 5808
f 5808 5788 5789
f 5808 5789 5809
f 5809 5789 5790
f 5809 5790 5810
f 5810 5790 5791
f 5810 5791 5811
f 5811 5791 5792
f 5811 5792 5812
f 5812 5792 5793
f 5812 5793 5813
f 5813 5793 5794
f 5813 5794 5814
f 5814 5794 5795
f 5814 5795 5815
f 5815 5795 5796
f 5815 5796 5816
f 5816 5796 5797
f 5816 5797 5817
f 5817 5797 5798
f 5817 5798 5818
f 5818 5798 5799
f 5818 5799 5819
f 5819 5799 5800
f 5819 5800 5820
f 5820 5800 5801
f 5820 5801 5821
f 5821 5801 5802
f 5821 5802 5822
f 5822 5802 5803
f 5822 5803 5823
f 5823 5803 2470
f 5823 2470 2468
f 5824 5805 5825
f 5825 5805 5804
f 5825 5804 5826
f 2450 2448 5827
f 5827 2448 5828
f 5827 5828 5829
f 5829 5828 5830
f 5829 5830 5831
f 5831 5830 5832
f 5831 5832 5833
f 5833 5832 5834
f 5833 5834 5835
f 5835 5834 5836
f 5835 5836 5837
f 5837 5836 5838
f 5837 5838 5839
f 5839 5838 5840
f 5839 5840 5841
f 5841 5840 5842
f 5841 5842 5843
f 5843 5842 5844
f 5843 5844 5845
f 5845 5844 5846
f 5845 5846 5847
f 5847 5846 5848
f 5847 5848 5849
f 5849 5848 5850
f 5849 5850 5851
f 5851 5850 5852
f 5851 5852 5853
f 5853 5852 5854
f 5853 5854 5855
f 5855 5854 5856
f 5855 5856 5857
f 5857 5856 5858
f 5857 5858 5859
f 5859 5858 5860
f 2446 2444 5861
f 5861 2444 5862
f 5861 5862 5863
f 5863 5862 5864
f 5863 5864 5865
f 5865 5864 5866
f 5865 5866 5867
f 5867 5866 5868
f 5867 5868 5869
f 5869 5868 5870
f 5869 5870 5871
f 5871 5870 5872
f 5871 5872 5873
f 5873 5872 5874
f 5873 5874 5875
f 5875 5874 5876
f 5875 5876 5877
f 5877 5876 5878
f 5877 5878 5879
f 5879 5878 5880
f 5879 5880 5881
f 5881 5880 5882
f 5881 5882 5883
f 5883 5882 5884
f 5883 5884 5885
f 5885 5884 5886
f 5885 5886 5887
f 5887 5886 5888
f 5887 5888 5889
f 5889 5888 5890
f 5889 5890 5891
f 5891 5890 5892
f 5891 5892 5893
f 5893 5892 5894
f 5893 5894 1189
f 1189 5894 1187
f 2412 2560 5895
f 5895 2560 5896
f 5895 5896 5897
f 5897 5896 5898
f 5897 5898 5899
f 5899 5898 5900
f 5899 5900 5901
f 5901 5900 5902
f 5901 5902 5903
f 5903 5902 5904
f 5903 5904 5905
f 5905 5904 5906
f 5905 5906 5907
f 5907 5906 5908
f 5907 5908 5909
f 5909 5908 5910
f 5909 5910 5911
f 5911 5910 5912
f 5911 5912 5913
f 5913 5912 5914
f 5913 5914 5915
f 5915 5914 5916
f 5915 5916 5917
f 5917 5916 5918
f 5917 5918 5919
f 5919 5918 5920
f 5919 5920 5921
f 5921 5920 5922
f 5921 5922 5923
f 5923 5922 5924
f 5923 5924 5925
f 5925 5924 5926
f 5925 5926 5927
f 5927 5926 5928
f 2559 2557 5929
f 5929 2557 5930
f 5929 5930 5931
f 5931 5930 5932
f 5931 5932 5933
f 5933 5932 5934
f 5933 5934 5935
f 5935 5934 5936
f 5935 5936 5937
f 5937 5936 5938
f 5937 5938 5939
f 5939 5938 5940
f 5939 5940 5941
f 5941 5940 5942
f 5941 5942 5943
f 5943 5942 5944
f 5943 5944 5945
f 5945 5944 5946
f 5945 5946 5947
f 5947 5946 5948
f 5947 5948 5949
f 5949 5948 5950
f 5949 5950 5951
f 5951 5950 5952
f 5951 5952 5953
f 5953 5952 5954
f 5953 5954 5955
f 5955 5954 5956
f 5955 5956 5957
f 5957 5956 5958
f 5957 5958 5959
f 5959 5958 5960
f 5959 5960 5961
f 5961 5960 5962
f 5961 5962 892
f 892 5962 890
f 2525 2523 5963
f 5963 2523 5964
f 5963 5964 5965
f 5965 5964 5966
f 5965 5966 5967
f 5967 5966 5968
f 5967 5968 5969
f 5969 5968 5970
f 5969 5970 5971
f 5971 5970 5972
f 5971 5972 5973
f 5973 5972 5974
f 5973 5974 5975
f 5975 5974 5976
f 5975 5976 5977
f 5977 5976 5978
f 5977 5978 5979
f 5979 5978 5980
f 5979 5980 5981
f 5981 5980 5982
f 5981 5982 5983
f 5983 5982 5984
f 5983 5984 5985
f 5985 5984 5986
f 5985 5986 5987
f 5987 5986 5988
f 5987 5988 5989
f 5989 5988 5990
f 5989 5990 5991
f 5991 5990 5992
f 5991 5992 5993
f 5993 5992 5994
f 5993 5994 5995
f 5995 5994 5996
f 2521 2519 5997
f 5997 2519 5998
f 5997 5998 5999
f 5999 5998 6000
f 5999 6000 6001
f 6001 6000 6002
f 6001 6002 6003
f 6003 6002 6004
f 6003 6004 6005
f 6005 6004 6006
f 6005 6006 6007
f 6007 6006 6008
f 6007 6008 6009
f 6009 6008 6010
f 6009 6010 6011
f 6011 6010 6012
f 6011 6012 6013
f 6013 6012 6014
f 6013 6014 6015
f 6015 6014 6016
f 6015 6016 6017
f 6017 6016 6018
f 6017 6018 6019
f 6019 6018 6020
f 6019 6020 6021
f 6021 6020 6022
f 6021 6022 6023
f 6023 6022 6024
f 6023 6024 6025
f 6025 6024 6026
f 6025 6026 6027
f 6027 6026 6028
f 6027 6028 6029
f 6029 6028 6030
f 6029 6030 966
f 966 6030 964
f 1046 5824 1088
f 1088 5824 5825
f 1088 5825 1086
f 1086 5825 5826
f 1086 5826 1084
f 1084 5826 1111
f 1109 1111 5659
f 5659 1111 5826
f 5659 5826 6031
f 6031 5826 5804
f 6031 5804 6032
f 6032 5804 5806
f 6032 5806 6033
f 1105 1107 5658
f 5658 1107 5659
f 5658 5659 6034
f 6034 5659 6031
f 6034 6031 6035
f 6035 6031 6032
f 6035 6032 6036
f 6036 6032 6033
f 6036 6033 6037
f 1101 1103 5657
f 5657 1103 5658
f 5657 5658 6038
f 6038 5658 6034
f 6038 6034 6039
f 6039 6034 6035
f 6039 6035 6040
f 6040 6035 6036
f 6040 6036 6041
f 6041 6036 6037
f 6041 6037 6042
f 1097 1099 5656
f 5656 1099 5657
f 5656 5657 6043
f 6043 5657 6038
f 6043 6038 6044
f 6044 6038 6039
f 6044 6039 6045
f 6045 6039 6040
f 6045 6040 6046
f 6046 6040 6041
f 6046 6041 6047
f 6047 6041 6042
f 6047 6042 6048
f 1093 1095 5655
f 5655 1095 5656
f 5655 5656 6049
f 6049 5656 6043
f 6049 6043 6050
f 6050 6043 6044
f 6050 6044 6051
f 6051 6044 6045
f 6051 6045 6052
f 6052 6045 6046
f 6052 6046 6053
f 6053 6046 6047
f 6053 6047 6054
f 6054 6047 6048
f 6054 6048 6055
f 1121 1091 5654
f 5654 1091 5655
f 5654 5655 6056
f 6056 5655 6049
f 6056 6049 6057
f 6057 6049 6050
f 6057 6050 6058
f 6058 6050 6051
f 6058 6051 6059
f 6059 6051 6052
f 6059 6052 6060
f 6060 6052 6053
f 6060 6053 6061
f 6061 6053 6054
f 6061 6054 6062
f 6062 6054 6055
f 6062 6055 6063
f 1117 1119 5653
f 5653 1119 5654
f 5653 5654 6064
f 6064 5654 6056
f 6064 6056 6065
f 6065 6056 6057
f 6065 6057 6066
f 6066 6057 6058
f 6066 6058 6067
f 6067 6058 6059
f 6067 6059 6068
f 6068 6059 6060
f 6068 6060 6069
f 6069 6060 6061
f 6069 6061 6070
f 6070 6061 6062
f 6070 6062 6071
f 6071 6062 6063
f 6071 6063 6072
f 1126 1116 5652
f 5652 1116 5653
f 5652 5653 6073
f 6073 5653 6064
f 6073 6064 6074
f 6074 6064 6065
f 6074 6065 6075
f 6075 6065 6066
f 6075 6066 6076
f 6076 6066 6067
f 6076 6067 6077
f 6077 6067 6068
f 6077 6068 6078
f 6078 6068 6069
f 6078 6069 6079
f 6079 6069 6070
f 6079 6070 6080
f 6080 6070 6071
f 6080 6071 6081
f 6081 6071 6072
f 6081 6072 6082
f 1131 1124 5651
f 5651 1124 5652
f 5651 5652 6083
f 6083 5652 6073
f 6083 6073 6084
f 6084 6073 6074
f 6084 6074 6085
f 6085 6074 6075
f 6085 6075 6086
f 6086 6075 6076
f 6086 6076 6087
f 6087 6076 6077
f 6087 6077 6088
f 6088 6077 6078
f 6088 6078 6089
f 6089 6078 6079
f 6089 6079 6090
f 6090 6079 6080
f 6090 6080 6091
f 6091 6080 6081
f 6091 6081 6092
f 6092 6081 6082
f 6092 6082 6093
f 1140 1129 5650
f 5650 1129 5651
f 5650 5651 6094
f 6094 5651 6083
f 6094 6083 6095
f 6095 6083 6084
f 6095 6084 6096
f 6096 6084 6085
f 6096 6085 6097
f 6097 6085 6086
f 6097 6086 6098
f 6098 6086 6087
f 6098 6087 6099
f 6099 6087 6088
f 6099 6088 6100
f 6100 6088 6089
f 6100 6089 6101
f 6101 6089 6090
f 6101 6090 6102
f 6102 6090 6091
f 6102 6091 6103
f 6103 6091 6092
f 6103 6092 6104
f 6104 6092 6093
f 6104 6093 6105
f 1150 1136 5649
f 5649 1136 5650
f 5649 5650 6106
f 6106 5650 6094
f 6106 6094 6107
f 6107 6094 6095
f 6107 6095 6108
f 6108 6095 6096
f 6108 6096 6109
f 6109 6096 6097
f 6109 6097 6110
f 6110 6097 6098
f 6110 6098 6111
f 6111 6098 6099
f 6111 6099 6112
f 6112 6099 6100
f 6112 6100 6113
f 6113 6100 6101
f 6113 6101 6114
f 6114 6101 6102
f 6114 6102 6115
f 6115 6102 6103
f 6115 6103 6116
f 6116 6103 6104
f 6116 6104 6117
f 6117 6104 6105
f 6117 6105 6118
f 1145 1147 5648
f 5648 1147 5649
f 5648 5649 6119
f 6119 5649 6106
f 6119 6106 6120
f 6120 6106 6107
f 6120 6107 6121
f 6121 6107 6108
f 6121 6108 6122
f 6122 6108 6109
f 6122 6109 6123
f 6123 6109 6110
f 6123 6110 6124
f 6124 6110 6111
f 6124 6111 6125
f 6125 6111 6112
f 6125 6112 6126
f 6126 6112 6113
f 6126 6113 6127
f 6127 6113 6114
f 6127 6114 6128
f 6128 6114 6115
f 6128 6115 6129
f 6129 6115 6116
f 6129 6116 6130
f 6130 6116 6117
f 6130 6117 6131
f 6131 6117 6118
f 6131 6118 6132
f 1161 1143 5647
f 5647 1143 5648
f 5647 5648 6133
f 6133 5648 6119
f 6133 6119 6134
f 6134 6119 6120
f 6134 6120 6135
f 6135 6120 6121
f 6135 6121 6136
f 6136 6121 6122
f 6136 6122 6137
f 6137 6122 6123
f 6137 6123 6138
f 6138 6123 6124
f 6138 6124 6139
f 6139 6124 6125
f 6139 6125 6140
f 6140 6125 6126
f 6140 6126 6141
f 6141 6126 6127
f 6141 6127 6142
f 6142 6127 6128
f 6142 6128 6143
f 6143 6128 6129
f 6143 6129 6144
f 6144 6129 6130
f 6144 6130 6145
f 6145 6130 6131
f 6145 6131 6146
f 6146 6131 6132
f 6146 6132 6147
f 1155 1157 5646
f 5646 1157 5647
f 5646 5647 6148
f 6148 5647 6133
f 6148 6133 6149
f 6149 6133 6134
f 6149 6134 6150
f 6150 6134 6135
f 6150 6135 6151
f 6151 6135 6136
f 6151 6136 6152
f 6152 6136 6137
f 6152 6137 6153
f 6153 6137 6138
f 6153 6138 6154
f 6154 6138 6139
f 6154 6139 6155
f 6155 6139 6140
f 6155 6140 6156
f 6156 6140 6141
f 6156 6141 6157
f 6157 6141 6142
f 6157 6142 6158
f 6158 6142 6143
f 6158 6143 6159
f 6159 6143 6144
f 6159 6144 6160
f 6160 6144 6145
f 6160 6145 6161
f 6161 6145 6146
f 6161 6146 6162
f 6162 6146 6147
f 6162 6147 6163
f 2452 2450 6163
f 6163 2450 5827
f 6163 5827 6162
f 6162 5827 5829
f 6162 5829 6161
f 6161 5829 5831
f 6161 5831 6160
f 6160 5831 5833
f 6160 5833 6159
f 6159 5833 5835
f 6159 5835 6158
f 6158 5835 5837
f 6158 5837 6157
f 6157 5837 5839
f 6157 5839 6156
f 6156 5839 5841
f 6156 5841 6155
f 6155 5841 5843
f 6155 5843 6154
f 6154 5843 5845
f 6154 5845 6153
f 6153 5845 5847
f 6153 5847 6152
f 6152 5847 5849
f 6152 5849 6151
f 6151 5849 5851
f 6151 5851 6150
f 6150 5851 5853
f 6150 5853 6149
f 6149 5853 5855
f 6149 5855 6148
f 6148 5855 5857
f 6148 5857 5646
f 5646 5857 5859
f 5646 5859 1153
f 1164 1166 5860
f 5860 1166 1168
f 5860 1168 5859
f 5859 1168 1170
f 5859 1170 1153
f 2448 2446 5828
f 5828 2446 5861
f 5828 5861 5830
f 5830 5861 5863
f 5830 5863 5832
f 5832 5863 5865
f 5832 5865 5834
f 5834 5865 5867
f 5834 5867 5836
f 5836 5867 5869
f 5836 5869 5838
f 5838 5869 5871
f 5838 5871 5840
f 5840 5871 5873
f 5840 5873 5842
f 5842 5873 5875
f 5842 5875 5844
f 5844 5875 5877
f 5844 5877 5846
f 5846 5877 5879
f 5846 5879 5848
f 5848 5879 5881
f 5848 5881 5850
f 5850 5881 5883
f 5850 5883 5852
f 5852 5883 5885
f 5852 5885 5854
f 5854 5885 5887
f 5854 5887 5856
f 5856 5887 5889
f 5856 5889 5858
f 5858 5889 5891
f 5858 5891 5860
f 5860 5891 5893
f 5860 5893 1164
f 1164 5893 1189
f 1185 1187 5645
f 5645 1187 5894
f 5645 5894 6164
f 6164 5894 5892
f 6164 5892 6165
f 6165 5892 5890
f 6165 5890 6166
f 6166 5890 5888
f 6166 5888 6167
f 6167 5888 5886
f 6167 5886 6168
f 6168 5886 5884
f 6168 5884 6169
f 6169 5884 5882
f 6169 5882 6170
f 6170 5882 5880
f 6170 5880 6171
f 6171 5880 5878
f 6171 5878 6172
f 6172 5878 5876
f 6172 5876 6173
f 6173 5876 5874
f 6173 5874 6174
f 6174 5874 5872
f 6174 5872 6175
f 6175 5872 5870
f 6175 5870 6176
f 6176 5870 5868
f 6176 5868 6177
f 6177 5868 5866
f 6177 5866 6178
f 6178 5866 5864
f 6178 5864 6179
f 6179 5864 5862
f 6179 5862 2442
f 2442 5862 2444
f 1181 1183 5644
f 5644 1183 5645
f 5644 5645 6180
f 6180 5645 6164
f 6180 6164 6181
f 6181 6164 6165
f 6181 6165 6182
f 6182 6165 6166
f 6182 6166 6183
f 6183 6166 6167
f 6183 6167 6184
f 6184 6167 6168
f 6184 6168 6185
f 6185 6168 6169
f 6185 6169 6186
f 6186 6169 6170
f 6186 6170 6187
f 6187 6170 6171
f 6187 6171 6188
f 6188 6171 6172
f 6188 6172 6189
f 6189 6172 6173
f 6189 6173 6190
f 6190 6173 6174
f 6190 6174 6191
f 6191 6174 6175
f 6191 6175 6192
f 6192 6175 6176
f 6192 6176 6193
f 6193 6176 6177
f 6193 6177 6194
f 6194 6177 6178
f 6194 6178 6195
f 6195 6178 6179
f 6195 6179 2440
f 2440 6179 2442
f 1177 1179 5643
f 5643 1179 5644
f 5643 5644 6196
f 6196 5644 6180
f 6196 6180 6197
f 6197 6180 6181
f 6197 6181 6198
f 6198 6181 6182
f 6198 6182 6199
f 6199 6182 6183
f 6199 6183 6200
f 6200 6183 6184
f 6200 6184 6201
f 6201 6184 6185
f 6201 6185 6202
f 6202 6185 6186
f 6202 6186 6203
f 6203 6186 6187
f 6203 6187 6204
f 6204 6187 6188
f 6204 6188 6205
f 6205 6188 6189
f 6205 6189 6206
f 6206 6189 6190
f 6206 6190 6207
f 6207 6190 6191
f 6207 6191 6208
f 6208 6191 6192
f 6208 6192 6209
f 6209 6192 6193
f 6209 6193 6210
f 6210 6193 6194
f 6210 6194 6211
f 6211 6194 6195
f 6211 6195 2438
f 2438 6195 2440
f 1173 1175 5642
f 5642 1175 5643
f 5642 5643 6212
f 6212 5643 6196
f 6212 6196 6213
f 6213 6196 6197
f 6213 6197 6214
f 6214 6197 6198
f 6214 6198 6215
f 6215 6198 6199
f 6215 6199 6216
f 6216 6199 6200
f 6216 6200 6217
f 6217 6200 6201
f 6217 6201 6218
f 6218 6201 6202
f 6218 6202 6219
f 6219 6202 6203
f 6219 6203 6220
f 6220 6203 6204
f 6220 6204 6221
f 6221 6204 6205
f 6221 6205 6222
f 6222 6205 6206
f 6222 6206 6223
f 6223 6206 6207
f 6223 6207 6224
f 6224 6207 6208
f 6224 6208 6225
f 6225 6208 6209
f 6225 6209 6226
f 6226 6209 6210
f 6226 6210 6227
f 6227 6210 6211
f 6227 6211 2436
f 2436 6211 2438
f 1199 1202 5641
f 5641 1202 5642
f 5641 5642 6228
f 6228 5642 6212
f 6228 6212 6229
f 6229 6212 6213
f 6229 6213 6230
f 6230 6213 6214
f 6230 6214 6231
f 6231 6214 6215
f 6231 6215 6232
f 6232 6215 6216
f 6232 6216 6233
f 6233 6216 6217
f 6233 6217 6234
f 6234 6217 6218
f 6234 6218 6235
f 6235 6218 6219
f 6235 6219 6236
f 6236 6219 6220
f 6236 6220 6237
f 6237 6220 6221
f 6237 6221 6238
f 6238 6221 6222
f 6238 6222 6239
f 6239 6222 6223
f 6239 6223 6240
f 6240 6223 6224
f 6240 6224 6241
f 6241 6224 6225
f 6241 6225 6242
f 6242 6225 6226
f 6242 6226 6243
f 6243 6226 6227
f 6243 6227 2434
f 2434 6227 2436
f 1217 1194 5640
f 5640 1194 5641
f 5640 5641 6244
f 6244 5641 6228
f 6244 6228 6245
f 6245 6228 6229
f 6245 6229 6246
f 6246 6229 6230
f 6246 6230 6247
f 6247 6230 6231
f 6247 6231 6248
f 6248 6231 6232
f 6248 6232 6249
f 6249 6232 6233
f 6249 6233 6250
f 6250 6233 6234
f 6250 6234 6251
f 6251 6234 6235
f 6251 6235 6252
f 6252 6235 6236
f 6252 6236 6253
f 6253 6236 6237
f 6253 6237 6254
f 6254 6237 6238
f 6254 6238 6255
f 6255 6238 6239
f 6255 6239 6256
f 6256 6239 6240
f 6256 6240 6257
f 6257 6240 6241
f 6257 6241 6258
f 6258 6241 6242
f 6258 6242 6259
f 6259 6242 6243
f 6259 6243 2432
f 2432 6243 2434
f 1213 1215 5639
f 5639 1215 5640
f 5639 5640 6260
f 6260 5640 6244
f 6260 6244 6261
f 6261 6244 6245
f 6261 6245 6262
f 6262 6245 6246
f 6262 6246 6263
f 6263 6246 6247
f 6263 6247 6264
f 6264 6247 6248
f 6264 6248 6265
f 6265 6248 6249
f 6265 6249 6266
f 6266 6249 6250
f 6266 6250 6267
f 6267 6250 6251
f 6267 6251 6268
f 6268 6251 6252
f 6268 6252 6269
f 6269 6252 6253
f 6269 6253 6270
f 6270 6253 6254
f 6270 6254 6271
f 6271 6254 6255
f 6271 6255 6272
f 6272 6255 6256
f 6272 6256 6273
f 6273 6256 6257
f 6273 6257 6274
f 6274 6257 6258
f 6274 6258 6275
f 6275 6258 6259
f 6275 6259 2430
f 2430 6259 2432
f 1242 1244 5638
f 5638 1244 5639
f 5638 5639 6276
f 6276 5639 6260
f 6276 6260 6277
f 6277 6260 6261
f 6277 6261 6278
f 6278 6261 6262
f 6278 6262 6279
f 6279 6262 6263
f 6279 6263 6280
f 6280 6263 6264
f 6280 6264 6281
f 6281 6264 6265
f 6281 6265 6282
f 6282 6265 6266
f 6282 6266 6283
f 6283 6266 6267
f 6283 6267 6284
f 6284 6267 6268
f 6284 6268 6285
f 6285 6268 6269
f 6285 6269 6286
f 6286 6269 6270
f 6286 6270 6287
f 6287 6270 6271
f 6287 6271 6288
f 6288 6271 6272
f 6288 6272 6289
f 6289 6272 6273
f 6289 6273 6290
f 6290 6273 6274
f 6290 6274 6291
f 6291 6274 6275
f 6291 6275 2428
f 2428 6275 2430
f 1238 1240 5637
f 5637 1240 5638
f 5637 5638 6292
f 6292 5638 6276
f 6292 6276 6293
f 6293 6276 6277
f 6293 6277 6294
f 6294 6277 6278
f 6294 6278 6295
f 6295 6278 6279
f 6295 6279 6296
f 6296 6279 6280
f 6296 6280 6297
f 6297 6280 6281
f 6297 6281 6298
f 6298 6281 6282
f 6298 6282 6299
f 6299 6282 6283
f 6299 6283 6300
f 6300 6283 6284
f 6300 6284 6301
f 6301 6284 6285
f 6301 6285 6302
f 6302 6285 6286
f 6302 6286 6303
f 6303 6286 6287
f 6303 6287 6304
f 6304 6287 6288
f 6304 6288 6305
f 6305 6288 6289
f 6305 6289 6306
f 6306 6289 6290
f 6306 6290 6307
f 6307 6290 6291
f 6307 6291 2426
f 2426 6291 2428
f 1234 1236 5636
f 5636 1236 5637
f 5636 5637 6308
f 6308 5637 6292
f 6308 6292 6309
f 6309 6292 6293
f 6309 6293 6310
f 6310 6293 6294
f 6310 6294 6311
f 6311 6294 6295
f 6311 6295 6312
f 6312 6295 6296
f 6312 6296 6313
f 6313 6296 6297
f 6313 6297 6314
f 6314 6297 6298
f 6314 6298 6315
f 6315 6298 6299
f 6315 6299 6316
f 6316 6299 6300
f 6316 6300 6317
f 6317 6300 6301
f 6317 6301 6318
f 6318 6301 6302
f 6318 6302 6319
f 6319 6302 6303
f 6319 6303 6320
f 6320 6303 6304
f 6320 6304 6321
f 6321 6304 6305
f 6321 6305 6322
f 6322 6305 6306
f 6322 6306 6323
f 6323 6306 6307
f 6323 6307 2424
f 2424 6307 2426
f 1230 1232 5635
f 5635 1232 5636
f 5635 5636 6324
f 6324 5636 6308
f 6324 6308 6325
f 6325 6308 6309
f 6325 6309 6326
f 6326 6309 6310
f 6326 6310 6327
f 6327 6310 6311
f 6327 6311 6328
f 6328 6311 6312
f 6328 6312 6329
f 6329 6312 6313
f 6329 6313 6330
f 6330 6313 6314
f 6330 6314 6331
f 6331 6314 6315
f 6331 6315 6332
f 6332 6315 6316
f 6332 6316 6333
f 6333 6316 6317
f 6333 6317 6334
f 6334 6317 6318
f 6334 6318 6335
f 6335 6318 6319
f 6335 6319 6336
f 6336 6319 6320
f 6336 6320 6337
f 6337 6320 6321
f 6337 6321 6338
f 6338 6321 6322
f 6338 6322 6339
f 6339 6322 6323
f 6339 6323 2422
f 2422 6323 2424
f 1226 1228 5634
f 5634 1228 5635
f 5634 5635 6340
f 6340 5635 6324
f 6340 6324 6341
f 6341 6324 6325
f 6341 6325 6342
f 6342 6325 6326
f 6342 6326 6343
f 6343 6326 6327
f 6343 6327 6344
f 6344 6327 6328
f 6344 6328 6345
f 6345 6328 6329
f 6345 6329 6346
f 6346 6329 6330
f 6346 6330 6347
f 6347 6330 6331
f 6347 6331 6348
f 6348 6331 6332
f 6348 6332 6349
f 6349 6332 6333
f 6349 6333 6350
f 6350 6333 6334
f 6350 6334 6351
f 6351 6334 6335
f 6351 6335 6352
f 6352 6335 6336
f 6352 6336 6353
f 6353 6336 6337
f 6353 6337 6354
f 6354 6337 6338
f 6354 6338 6355
f 6355 6338 6339
f 6355 6339 2420
f 2420 6339 2422
f 1222 1224 5633
f 5633 1224 5634
f 5633 5634 6356
f 6356 5634 6340
f 6356 6340 6357
f 6357 6340 6341
f 6357 6341 6358
f 6358 6341 6342
f 6358 6342 6359
f 6359 6342 6343
f 6359 6343 6360
f 6360 6343 6344
f 6360 6344 6361
f 6361 6344 6345
f 6361 6345 6362
f 6362 6345 6346
f 6362 6346 6363
f 6363 6346 6347
f 6363 6347 6364
f 6364 6347 6348
f 6364 6348 6365
f 6365 6348 6349
f 6365 6349 6366
f 6366 6349 6350
f 6366 6350 6367
f 6367 6350 6351
f 6367 6351 6368
f 6368 6351 6352
f 6368 6352 6369
f 6369 6352 6353
f 6369 6353 6370
f 6370 6353 6354
f 6370 6354 6371
f 6371 6354 6355
f 6371 6355 2418
f 2418 6355 2420
f 1250 1220 5632
f 5632 1220 5633
f 5632 5633 6372
f 6372 5633 6356
f 6372 6356 6373
f 6373 6356 6357
f 6373 6357 6374
f 6374 6357 6358
f 6374 6358 6375
f 6375 6358 6359
f 6375 6359 6376
f 6376 6359 6360
f 6376 6360 6377
f 6377 6360 6361
f 6377 6361 6378
f 6378 6361 6362
f 6378 6362 6379
f 6379 6362 6363
f 6379 6363 6380
f 6380 6363 6364
f 6380 6364 6381
f 6381 6364 6365
f 6381 6365 6382
f 6382 6365 6366
f 6382 6366 6383
f 6383 6366 6367
f 6383 6367 6384
f 6384 6367 6368
f 6384 6368 6385
f 6385 6368 6369
f 6385 6369 6386
f 6386 6369 6370
f 6386 6370 6387
f 6387 6370 6371
f 6387 6371 2416
f 2416 6371 2418
f 1255 1249 5631
f 5631 1249 5632
f 5631 5632 6388
f 6388 5632 6372
f 6388 6372 6389
f 6389 6372 6373
f 6389 6373 6390
f 6390 6373 6374
f 6390 6374 6391
f 6391 6374 6375
f 6391 6375 6392
f 6392 6375 6376
f 6392 6376 6393
f 6393 6376 6377
f 6393 6377 6394
f 6394 6377 6378
f 6394 6378 6395
f 6395 6378 6379
f 6395 6379 6396
f 6396 6379 6380
f 6396 6380 6397
f 6397 6380 6381
f 6397 6381 6398
f 6398 6381 6382
f 6398 6382 6399
f 6399 6382 6383
f 6399 6383 6400
f 6400 6383 6384
f 6400 6384 6401
f 6401 6384 6385
f 6401 6385 6402
f 6402 6385 6386
f 6402 6386 6403
f 6403 6386 6387
f 6403 6387 2414
f 2414 6387 2416
f 2414 2412 6403
f 6403 2412 5895
f 6403 5895 6402
f 6402 5895 5897
f 6402 5897 6401
f 6401 5897 5899
f 6401 5899 6400
f 6400 5899 5901
f 6400 5901 6399
f 6399 5901 5903
f 6399 5903 6398
f 6398 5903 5905
f 6398 5905 6397
f 6397 5905 5907
f 6397 5907 6396
f 6396 5907 5909
f 6396 5909 6395
f 6395 5909 5911
f 6395 5911 6394
f 6394 5911 5913
f 6394 5913 6393
f 6393 5913 5915
f 6393 5915 6392
f 6392 5915 5917
f 6392 5917 6391
f 6391 5917 5919
f 6391 5919 6390
f 6390 5919 5921
f 6390 5921 6389
f 6389 5921 5923
f 6389 5923 6388
f 6388 5923 5925
f 6388 5925 5631
f 5631 5925 5927
f 5631 5927 1253
f 891 1265 5928
f 5928 1265 1258
f 5928 1258 5927
f 5927 1258 1260
f 5927 1260 1253
f 2560 2559 5896
f 5896 2559 5929
f 5896 5929 5898
f 5898 5929 5931
f 5898 5931 5900
f 5900 5931 5933
f 5900 5933 5902
f 5902 5933 5935
f 5902 5935 5904
f 5904 5935 5937
f 5904 5937 5906
f 5906 5937 5939
f 5906 5939 5908
f 5908 5939 5941
f 5908 5941 5910
f 5910 5941 5943
f 5910 5943 5912
f 5912 5943 5945
f 5912 5945 5914
f 5914 5945 5947
f 5914 5947 5916
f 5916 5947 5949
f 5916 5949 5918
f 5918 5949 5951
f 5918 5951 5920
f 5920 5951 5953
f 5920 5953 5922
f 5922 5953 5955
f 5922 5955 5924
f 5924 5955 5957
f 5924 5957 5926
f 5926 5957 5959
f 5926 5959 5928
f 5928 5959 5961
f 5928 5961 891
f 891 5961 892
f 888 890 5630
f 5630 890 5962
f 5630 5962 6404
f 6404 5962 5960
f 6404 5960 6405
f 6405 5960 5958
f 6405 5958 6406
f 6406 5958 5956
f 6406 5956 6407
f 6407 5956 5954
f 6407 5954 6408
f 6408 5954 5952
f 6408 5952 6409
f 6409 5952 5950
f 6409 5950 6410
f 6410 5950 5948
f 6410 5948 6411
f 6411 5948 5946
f 6411 5946 6412
f 6412 5946 5944
f 6412 5944 6413
f 6413 5944 5942
f 6413 5942 6414
f 6414 5942 5940
f 6414 5940 6415
f 6415 5940 5938
f 6415 5938 6416
f 6416 5938 5936
f 6416 5936 6417
f 6417 5936 5934
f 6417 5934 6418
f 6418 5934 5932
f 6418 5932 6419
f 6419 5932 5930
f 6419 5930 2555
f 2555 5930 2557
f 904 886 5629
f 5629 886 5630
f 5629 5630 6420
f 6420 5630 6404
f 6420 6404 6421
f 6421 6404 6405
f 6421 6405 6422
f 6422 6405 6406
f 6422 6406 6423
f 6423 6406 6407
f 6423 6407 6424
f 6424 6407 6408
f 6424 6408 6425
f 6425 6408 6409
f 6425 6409 6426
f 6426 6409 6410
f 6426 6410 6427
f 6427 6410 6411
f 6427 6411 6428
f 6428 6411 6412
f 6428 6412 6429
f 6429 6412 6413
f 6429 6413 6430
f 6430 6413 6414
f 6430 6414 6431
f 6431 6414 6415
f 6431 6415 6432
f 6432 6415 6416
f 6432 6416 6433
f 6433 6416 6417
f 6433 6417 6434
f 6434 6417 6418
f 6434 6418 6435
f 6435 6418 6419
f 6435 6419 2553
f 2553 6419 2555
f 898 896 5628
f 5628 896 5629
f 5628 5629 6436
f 6436 5629 6420
f 6436 6420 6437
f 6437 6420 6421
f 6437 6421 6438
f 6438 6421 6422
f 6438 6422 6439
f 6439 6422 6423
f 6439 6423 6440
f 6440 6423 6424
f 6440 6424 6441
f 6441 6424 6425
f 6441 6425 6442
f 6442 6425 6426
f 6442 6426 6443
f 6443 6426 6427
f 6443 6427 6444
f 6444 6427 6428
f 6444 6428 6445
f 6445 6428 6429
f 6445 6429 6446
f 6446 6429 6430
f 6446 6430 6447
f 6447 6430 6431
f 6447 6431 6448
f 6448 6431 6432
f 6448 6432 6449
f 6449 6432 6433
f 6449 6433 6450
f 6450 6433 6434
f 6450 6434 6451
f 6451 6434 6435
f 6451 6435 2551
f 2551 6435 2553
f 944 900 5627
f 5627 900 5628
f 5627 5628 6452
f 6452 5628 6436
f 6452 6436 6453
f 6453 6436 6437
f 6453 6437 6454
f 6454 6437 6438
f 6454 6438 6455
f 6455 6438 6439
f 6455 6439 6456
f 6456 6439 6440
f 6456 6440 6457
f 6457 6440 6441
f 6457 6441 6458
f 6458 6441 6442
f 6458 6442 6459
f 6459 6442 6443
f 6459 6443 6460
f 6460 6443 6444
f 6460 6444 6461
f 6461 6444 6445
f 6461 6445 6462
f 6462 6445 6446
f 6462 6446 6463
f 6463 6446 6447
f 6463 6447 6464
f 6464 6447 6448
f 6464 6448 6465
f 6465 6448 6449
f 6465 6449 6466
f 6466 6449 6450
f 6466 6450 6467
f 6467 6450 6451
f 6467 6451 2549
f 2549 6451 2551
f 940 942 5626
f 5626 942 5627
f 5626 5627 6468
f 6468 5627 6452
f 6468 6452 6469
f 6469 6452 6453
f 6469 6453 6470
f 6470 6453 6454
f 6470 6454 6471
f 6471 6454 6455
f 6471 6455 6472
f 6472 6455 6456
f 6472 6456 6473
f 6473 6456 6457
f 6473 6457 6474
f 6474 6457 6458
f 6474 6458 6475
f 6475 6458 6459
f 6475 6459 6476
f 6476 6459 6460
f 6476 6460 6477
f 6477 6460 6461
f 6477 6461 6478
f 6478 6461 6462
f 6478 6462 6479
f 6479 6462 6463
f 6479 6463 6480
f 6480 6463 6464
f 6480 6464 6481
f 6481 6464 6465
f 6481 6465 6482
f 6482 6465 6466
f 6482 6466 6483
f 6483 6466 6467
f 6483 6467 2547
f 2547 6467 2549
f 936 938 5625
f 5625 938 5626
f 5625 5626 6484
f 6484 5626 6468
f 6484 6468 6485
f 6485 6468 6469
f 6485 6469 6486
f 6486 6469 6470
f 6486 6470 6487
f 6487 6470 6471
f 6487 6471 6488
f 6488 6471 6472
f 6488 6472 6489
f 6489 6472 6473
f 6489 6473 6490
f 6490 6473 6474
f 6490 6474 6491
f 6491 6474 6475
f 6491 6475 6492
f 6492 6475 6476
f 6492 6476 6493
f 6493 6476 6477
f 6493 6477 6494
f 6494 6477 6478
f 6494 6478 6495
f 6495 6478 6479
f 6495 6479 6496
f 6496 6479 6480
f 6496 6480 6497
f 6497 6480 6481
f 6497 6481 6498
f 6498 6481 6482
f 6498 6482 6499
f 6499 6482 6483
f 6499 6483 2545
f 2545 6483 2547
f 932 934 5624
f 5624 934 5625
f 5624 5625 6500
f 6500 5625 6484
f 6500 6484 6501
f 6501 6484 6485
f 6501 6485 6502
f 6502 6485 6486
f 6502 6486 6503
f 6503 6486 6487
f 6503 6487 6504
f 6504 6487 6488
f 6504 6488 6505
f 6505 6488 6489
f 6505 6489 6506
f 6506 6489 6490
f 6506 6490 6507
f 6507 6490 6491
f 6507 6491 6508
f 6508 6491 6492
f 6508 6492 6509
f 6509 6492 6493
f 6509 6493 6510
f 6510 6493 6494
f 6510 6494 6511
f 6511 6494 6495
f 6511 6495 6512
f 6512 6495 6496
f 6512 6496 6513
f 6513 6496 6497
f 6513 6497 6514
f 6514 6497 6498
f 6514 6498 6515
f 6515 6498 6499
f 6515 6499 2543
f 2543 6499 2545
f 928 930 5623
f 5623 930 5624
f 5623 5624 6516
f 6516 5624 6500
f 6516 6500 6517
f 6517 6500 6501
f 6517 6501 6518
f 6518 6501 6502
f 6518 6502 6519
f 6519 6502 6503
f 6519 6503 6520
f 6520 6503 6504
f 6520 6504 6521
f 6521 6504 6505
f 6521 6505 6522
f 6522 6505 6506
f 6522 6506 6523
f 6523 6506 6507
f 6523 6507 6524
f 6524 6507 6508
f 6524 6508 6525
f 6525 6508 6509
f 6525 6509 6526
f 6526 6509 6510
f 6526 6510 6527
f 6527 6510 6511
f 6527 6511 6528
f 6528 6511 6512
f 6528 6512 6529
f 6529 6512 6513
f 6529 6513 6530
f 6530 6513 6514
f 6530 6514 6531
f 6531 6514 6515
f 6531 6515 2541
f 2541 6515 2543
f 924 926 5622
f 5622 926 5623
f 5622 5623 6532
f 6532 5623 6516
f 6532 6516 6533
f 6533 6516 6517
f 6533 6517 6534
f 6534 6517 6518
f 6534 6518 6535
f 6535 6518 6519
f 6535 6519 6536
f 6536 6519 6520
f 6536 6520 6537
f 6537 6520 6521
f 6537 6521 6538
f 6538 6521 6522
f 6538 6522 6539
f 6539 6522 6523
f 6539 6523 6540
f 6540 6523 6524
f 6540 6524 6541
f 6541 6524 6525
f 6541 6525 6542
f 6542 6525 6526
f 6542 6526 6543
f 6543 6526 6527
f 6543 6527 6544
f 6544 6527 6528
f 6544 6528 6545
f 6545 6528 6529
f 6545 6529 6546
f 6546 6529 6530
f 6546 6530 6547
f 6547 6530 6531
f 6547 6531 2539
f 2539 6531 2541
f 920 922 5621
f 5621 922 5622
f 5621 5622 6548
f 6548 5622 6532
f 6548 6532 6549
f 6549 6532 6533
f 6549 6533 6550
f 6550 6533 6534
f 6550 6534 6551
f 6551 6534 6535
f 6551 6535 6552
f 6552 6535 6536
f 6552 6536 6553
f 6553 6536 6537
f 6553 6537 6554
f 6554 6537 6538
f 6554 6538 6555
f 6555 6538 6539
f 6555 6539 6556
f 6556 6539 6540
f 6556 6540 6557
f 6557 6540 6541
f 6557 6541 6558
f 6558 6541 6542
f 6558 6542 6559
f 6559 6542 6543
f 6559 6543 6560
f 6560 6543 6544
f 6560 6544 6561
f 6561 6544 6545
f 6561 6545 6562
f 6562 6545 6546
f 6562 6546 6563
f 6563 6546 6547
f 6563 6547 2537
f 2537 6547 2539
f 916 918 5620
f 5620 918 5621
f 5620 5621 6564
f 6564 5621 6548
f 6564 6548 6565
f 6565 6548 6549
f 6565 6549 6566
f 6566 6549 6550
f 6566 6550 6567
f 6567 6550 6551
f 6567 6551 6568
f 6568 6551 6552
f 6568 6552 6569
f 6569 6552 6553
f 6569 6553 6570
f 6570 6553 6554
f 6570 6554 6571
f 6571 6554 6555
f 6571 6555 6572
f 6572 6555 6556
f 6572 6556 6573
f 6573 6556 6557
f 6573 6557 6574
f 6574 6557 6558
f 6574 6558 6575
f 6575 6558 6559
f 6575 6559 6576
f 6576 6559 6560
f 6576 6560 6577
f 6577 6560 6561
f 6577 6561 6578
f 6578 6561 6562
f 6578 6562 6579
f 6579 6562 6563
f 6579 6563 2535
f 2535 6563 2537
f 947 909 5619
f 5619 909 5620
f 5619 5620 6580
f 6580 5620 6564
f 6580 6564 6581
f 6581 6564 6565
f 6581 6565 6582
f 6582 6565 6566
f 6582 6566 6583
f 6583 6566 6567
f 6583 6567 6584
f 6584 6567 6568
f 6584 6568 6585
f 6585 6568 6569
f 6585 6569 6586
f 6586 6569 6570
f 6586 6570 6587
f 6587 6570 6571
f 6587 6571 6588
f 6588 6571 6572
f 6588 6572 6589
f 6589 6572 6573
f 6589 6573 6590
f 6590 6573 6574
f 6590 6574 6591
f 6591 6574 6575
f 6591 6575 6592
f 6592 6575 6576
f 6592 6576 6593
f 6593 6576 6577
f 6593 6577 6594
f 6594 6577 6578
f 6594 6578 6595
f 6595 6578 6579
f 6595 6579 2533
f 2533 6579 2535
f 959 961 5618
f 5618 961 5619
f 5618 5619 6596
f 6596 5619 6580
f 6596 6580 6597
f 6597 6580 6581
f 6597 6581 6598
f 6598 6581 6582
f 6598 6582 6599
f 6599 6582 6583
f 6599 6583 6600
f 6600 6583 6584
f 6600 6584 6601
f 6601 6584 6585
f 6601 6585 6602
f 6602 6585 6586
f 6602 6586 6603
f 6603 6586 6587
f 6603 6587 6604
f 6604 6587 6588
f 6604 6588 6605
f 6605 6588 6589
f 6605 6589 6606
f 6606 6589 6590
f 6606 6590 6607
f 6607 6590 6591
f 6607 6591 6608
f 6608 6591 6592
f 6608 6592 6609
f 6609 6592 6593
f 6609 6593 6610
f 6610 6593 6594
f 6610 6594 6611
f 6611 6594 6595
f 6611 6595 2531
f 2531 6595 2533
f 970 969 5617
f 5617 969 5618
f 5617 5618 6612
f 6612 5618 6596
f 6612 6596 6613
f 6613 6596 6597
f 6613 6597 6614
f 6614 6597 6598
f 6614 6598 6615
f 6615 6598 6599
f 6615 6599 6616
f 6616 6599 6600
f 6616 6600 6617
f 6617 6600 6601
f 6617 6601 6618
f 6618 6601 6602
f 6618 6602 6619
f 6619 6602 6603
f 6619 6603 6620
f 6620 6603 6604
f 6620 6604 6621
f 6621 6604 6605
f 6621 6605 6622
f 6622 6605 6606
f 6622 6606 6623
f 6623 6606 6607
f 6623 6607 6624
f 6624 6607 6608
f 6624 6608 6625
f 6625 6608 6609
f 6625 6609 6626
f 6626 6609 6610
f 6626 6610 6627
f 6627 6610 6611
f 6627 6611 2529
f 2529 6611 2531
f 974 972 5616
f 5616 972 5617
f 5616 5617 6628
f 6628 5617 6612
f 6628 6612 6629
f 6629 6612 6613
f 6629 6613 6630
f 6630 6613 6614
f 6630 6614 6631
f 6631 6614 6615
f 6631 6615 6632
f 6632 6615 6616
f 6632 6616 6633
f 6633 6616 6617
f 6633 6617 6634
f 6634 6617 6618
f 6634 6618 6635
f 6635 6618 6619
f 6635 6619 6636
f 6636 6619 6620
f 6636 6620 6637
f 6637 6620 6621
f 6637 6621 6638
f 6638 6621 6622
f 6638 6622 6639
f 6639 6622 6623
f 6639 6623 6640
f 6640 6623 6624
f 6640 6624 6641
f 6641 6624 6625
f 6641 6625 6642
f 6642 6625 6626
f 6642 6626 6643
f 6643 6626 6627
f 6643 6627 2527
f 2527 6627 2529
f 2527 2525 6643
f 6643 2525 5963
f 6643 5963 6642
f 6642 5963 5965
f 6642 5965 6641
f 6641 5965 5967
f 6641 5967 6640
f 6640 5967 5969
f 6640 5969 6639
f 6639 5969 5971
f 6639 5971 6638
f 6638 5971 5973
f 6638 5973 6637
f 6637 5973 5975
f 6637 5975 6636
f 6636 5975 5977
f 6636 5977 6635
f 6635 5977 5979
f 6635 5979 6634
f 6634 5979 5981
f 6634 5981 6633
f 6633 5981 5983
f 6633 5983 6632
f 6632 5983 5985
f 6632 5985 6631
f 6631 5985 5987
f 6631 5987 6630
f 6630 5987 5989
f 6630 5989 6629
f 6629 5989 5991
f 6629 5991 6628
f 6628 5991 5993
f 6628 5993 5616
f 5616 5993 5995
f 5616 5995 976
f 968 982 5996
f 5996 982 980
f 5996 980 5995
f 5995 980 978
f 5995 978 976
f 2523 2521 5964
f 5964 2521 5997
f 5964 5997 5966
f 5966 5997 5999
f 5966 5999 5968
f 5968 5999 6001
f 5968 6001 5970
f 5970 6001 6003
f 5970 6003 5972
f 5972 6003 6005
f 5972 6005 5974
f 5974 6005 6007
f 5974 6007 5976
f 5976 6007 6009
f 5976 6009 5978
f 5978 6009 6011
f 5978 6011 5980
f 5980 6011 6013
f 5980 6013 5982
f 5982 6013 6015
f 5982 6015 5984
f 5984 6015 6017
f 5984 6017 5986
f 5986 6017 6019
f 5986 6019 5988
f 5988 6019 6021
f 5988 6021 5990
f 5990 6021 6023
f 5990 6023 5992
f 5992 6023 6025
f 5992 6025 5994
f 5994 6025 6027
f 5994 6027 5996
f 5996 6027 6029
f 5996 6029 968
f 968 6029 966
f 992 964 5615
f 5615 964 6030
f 5615 6030 6644
f 6644 6030 6028
f 6644 6028 6645
f 6645 6028 6026
f 6645 6026 6646
f 6646 6026 6024
f 6646 6024 6647
f 6647 6024 6022
f 6647 6022 6648
f 6648 6022 6020
f 6648 6020 6649
f 6649 6020 6018
f 6649 6018 6650
f 6650 6018 6016
f 6650 6016 6651
f 6651 6016 6014
f 6651 6014 6652
f 6652 6014 6012
f 6652 6012 6653
f 6653 6012 6010
f 6653 6010 6654
f 6654 6010 6008
f 6654 6008 6655
f 6655 6008 6006
f 6655 6006 6656
f 6656 6006 6004
f 6656 6004 6657
f 6657 6004 6002
f 6657 6002 6658
f 6658 6002 6000
f 6658 6000 6659
f 6659 6000 5998
f 6659 5998 2517
f 2517 5998 2519
f 988 990 5614
f 5614 990 5615
f 5614 5615 6660
f 6660 5615 6644
f 6660 6644 6661
f 6661 6644 6645
f 6661 6645 6662
f 6662 6645 6646
f 6662 6646 6663
f 6663 6646 6647
f 6663 6647 6664
f 6664 6647 6648
f 6664 6648 6665
f 6665 6648 6649
f 6665 6649 6666
f 6666 6649 6650
f 6666 6650 6667
f 6667 6650 6651
f 6667 6651 6668
f 6668 6651 6652
f 6668 6652 6669
f 6669 6652 6653
f 6669 6653 6670
f 6670 6653 6654
f 6670 6654 6671
f 6671 6654 6655
f 6671 6655 6672
f 6672 6655 6656
f 6672 6656 6673
f 6673 6656 6657
f 6673 6657 6674
f 6674 6657 6658
f 6674 6658 6675
f 6675 6658 6659
f 6675 6659 2515
f 2515 6659 2517
f 997 987 5613
f 5613 987 5614
f 5613 5614 6676
f 6676 5614 6660
f 6676 6660 6677
f 6677 6660 6661
f 6677 6661 6678
f 6678 6661 6662
f 6678 6662 6679
f 6679 6662 6663
f 6679 6663 6680
f 6680 6663 6664
f 6680 6664 6681
f 6681 6664 6665
f 6681 6665 6682
f 6682 6665 6666
f 6682 6666 6683
f 6683 6666 6667
f 6683 6667 6684
f 6684 6667 6668
f 6684 6668 6685
f 6685 6668 6669
f 6685 6669 6686
f 6686 6669 6670
f 6686 6670 6687
f 6687 6670 6671
f 6687 6671 6688
f 6688 6671 6672
f 6688 6672 6689
f 6689 6672 6673
f 6689 6673 6690
f 6690 6673 6674
f 6690 6674 6691
f 6691 6674 6675
f 6691 6675 2513
f 2513 6675 2515
f 1002 995 5612
f 5612 995 5613
f 5612 5613 6692
f 6692 5613 6676
f 6692 6676 6693
f 6693 6676 6677
f 6693 6677 6694
f 6694 6677 6678
f 6694 6678 6695
f 6695 6678 6679
f 6695 6679 6696
f 6696 6679 6680
f 6696 6680 6697
f 6697 6680 6681
f 6697 6681 6698
f 6698 6681 6682
f 6698 6682 6699
f 6699 6682 6683
f 6699 6683 6700
f 6700 6683 6684
f 6700 6684 6701
f 6701 6684 6685
f 6701 6685 6702
f 6702 6685 6686
f 6702 6686 6703
f 6703 6686 6687
f 6703 6687 6704
f 6704 6687 6688
f 6704 6688 6705
f 6705 6688 6689
f 6705 6689 6706
f 6706 6689 6690
f 6706 6690 6707
f 6707 6690 6691
f 6707 6691 2511
f 2511 6691 2513
f 1011 1000 5611
f 5611 1000 5612
f 5611 5612 6708
f 6708 5612 6692
f 6708 6692 6709
f 6709 6692 6693
f 6709 6693 6710
f 6710 6693 6694
f 6710 6694 6711
f 6711 6694 6695
f 6711 6695 6712
f 6712 6695 6696
f 6712 6696 6713
f 6713 6696 6697
f 6713 6697 6714
f 6714 6697 6698
f 6714 6698 6715
f 6715 6698 6699
f 6715 6699 6716
f 6716 6699 6700
f 6716 6700 6717
f 6717 6700 6701
f 6717 6701 6718
f 6718 6701 6702
f 6718 6702 6719
f 6719 6702 6703
f 6719 6703 6720
f 6720 6703 6704
f 6720 6704 6721
f 6721 6704 6705
f 6721 6705 6722
f 6722 6705 6706
f 6722 6706 6723
f 6723 6706 6707
f 6723 6707 2509
f 2509 6707 2511
f 1021 1007 5610
f 5610 1007 5611
f 5610 5611 6724
f 6724 5611 6708
f 6724 6708 6725
f 6725 6708 6709
f 6725 6709 6726
f 6726 6709 6710
f 6726 6710 6727
f 6727 6710 6711
f 6727 6711 6728
f 6728 6711 6712
f 6728 6712 6729
f 6729 6712 6713
f 6729 6713 6730
f 6730 6713 6714
f 6730 6714 6731
f 6731 6714 6715
f 6731 6715 6732
f 6732 6715 6716
f 6732 6716 6733
f 6733 6716 6717
f 6733 6717 6734
f 6734 6717 6718
f 6734 6718 6735
f 6735 6718 6719
f 6735 6719 6736
f 6736 6719 6720
f 6736 6720 6737
f 6737 6720 6721
f 6737 6721 6738
f 6738 6721 6722
f 6738 6722 6739
f 6739 6722 6723
f 6739 6723 2507
f 2507 6723 2509
f 1016 1018 5609
f 5609 1018 5610
f 5609 5610 6740
f 6740 5610 6724
f 6740 6724 6741
f 6741 6724 6725
f 6741 6725 6742
f 6742 6725 6726
f 6742 6726 6743
f 6743 6726 6727
f 6743 6727 6744
f 6744 6727 6728
f 6744 6728 6745
f 6745 6728 6729
f 6745 6729 6746
f 6746 6729 6730
f 6746 6730 6747
f 6747 6730 6731
f 6747 6731 6748
f 6748 6731 6732
f 6748 6732 6749
f 6749 6732 6733
f 6749 6733 6750
f 6750 6733 6734
f 6750 6734 6751
f 6751 6734 6735
f 6751 6735 6752
f 6752 6735 6736
f 6752 6736 6753
f 6753 6736 6737
f 6753 6737 6754
f 6754 6737 6738
f 6754 6738 6755
f 6755 6738 6739
f 6755 6739 2505
f 2505 6739 2507
f 1032 1014 5608
f 5608 1014 5609
f 5608 5609 6756
f 6756 5609 6740
f 6756 6740 6757
f 6757 6740 6741
f 6757 6741 6758
f 6758 6741 6742
f 6758 6742 6759
f 6759 6742 6743
f 6759 6743 6760
f 6760 6743 6744
f 6760 6744 6761
f 6761 6744 6745
f 6761 6745 6762
f 6762 6745 6746
f 6762 6746 6763
f 6763 6746 6747
f 6763 6747 6764
f 6764 6747 6748
f 6764 6748 6765
f 6765 6748 6749
f 6765 6749 6766
f 6766 6749 6750
f 6766 6750 6767
f 6767 6750 6751
f 6767 6751 6768
f 6768 6751 6752
f 6768 6752 6769
f 6769 6752 6753
f 6769 6753 6770
f 6770 6753 6754
f 6770 6754 6771
f 6771 6754 6755
f 6771 6755 2503
f 2503 6755 2505
f 1026 1028 5807
f 5807 1028 5608
f 5807 5608 5788
f 5788 5608 6756
f 5788 6756 5773
f 5773 6756 6757
f 5773 6757 5759
f 5759 6757 6758
f 5759 6758 5746
f 5746 6758 6759
f 5746 6759 5734
f 5734 6759 6760
f 5734 6760 5723
f 5723 6760 6761
f 5723 6761 5713
f 5713 6761 6762
f 5713 6762 5704
f 5704 6762 6763
f 5704 6763 5696
f 5696 6763 6764
f 5696 6764 5689
f 5689 6764 6765
f 5689 6765 5683
f 5683 6765 6766
f 5683 6766 5678
f 5678 6766 6767
f 5678 6767 5674
f 5674 6767 6768
f 5674 6768 5671
f 5671 6768 6769
f 5671 6769 5662
f 5662 6769 6770
f 5662 6770 5660
f 5660 6770 6771
f 5660 6771 2501
f 2501 6771 2503
f 6772 1041 1024
f 2468 5670 5823
f 5823 5670 6773
f 5823 6773 5822
f 5822 6773 6774
f 5822 6774 5821
f 5821 6774 6775
f 5821 6775 5820
f 5820 6775 6776
f 5820 6776 5819
f 5819 6776 6777
f 5819 6777 5818
f 5818 6777 6778
f 5818 6778 5817
f 5817 6778 6779
f 5817 6779 5816
f 5816 6779 6780
f 5816 6780 5815
f 5815 6780 6781
f 5815 6781 5814
f 5814 6781 6782
f 5814 6782 5813
f 5813 6782 6783
f 5813 6783 5812
f 5812 6783 6784
f 5812 6784 5811
f 5811 6784 6785
f 5811 6785 5810
f 5810 6785 6786
f 5810 6786 5809
f 5809 6786 6787
f 5809 6787 5808
f 5808 6787 6772
f 5808 6772 5807
f 5807 6772 1024
f 5807 1024 1026
f 6788 1037 1039
f 2466 5669 5670
f 5670 5669 6789
f 5670 6789 6773
f 6773 6789 6790
f 6773 6790 6774
f 6774 6790 6791
f 6774 6791 6775
f 6775 6791 6792
f 6775 6792 6776
f 6776 6792 6793
f 6776 6793 6777
f 6777 6793 6794
f 6777 6794 6778
f 6778 6794 6795
f 6778 6795 6779
f 6779 6795 6796
f 6779 6796 6780
f 6780 6796 6797
f 6780 6797 6781
f 6781 6797 6798
f 6781 6798 6782
f 6782 6798 6799
f 6782 6799 6783
f 6783 6799 6800
f 6783 6800 6784
f 6784 6800 6801
f 6784 6801 6785
f 6785 6801 6802
f 6785 6802 6786
f 6786 6802 6803
f 6786 6803 6787
f 6787 6803 6788
f 6787 6788 6772
f 6772 6788 1039
f 6772 1039 1041
f 6804 1073 1035
f 2464 5668 5669
f 5669 5668 6805
f 5669 6805 6789
f 6789 6805 6806
f 6789 6806 6790
f 6790 6806 6807
f 6790 6807 6791
f 6791 6807 6808
f 6791 6808 6792
f 6792 6808 6809
f 6792 6809 6793
f 6793 6809 6810
f 6793 6810 6794
f 6794 6810 6811
f 6794 6811 6795
f 6795 6811 6812
f 6795 6812 6796
f 6796 6812 6813
f 6796 6813 6797
f 6797 6813 6814
f 6797 6814 6798
f 6798 6814 6815
f 6798 6815 6799
f 6799 6815 6816
f 6799 6816 6800
f 6800 6816 6817
f 6800 6817 6801
f 6801 6817 6818
f 6801 6818 6802
f 6802 6818 6819
f 6802 6819 6803
f 6803 6819 6804
f 6803 6804 6788
f 6788 6804 1035
f 6788 1035 1037
f 6820 1069 1071
f 2462 5667 5668
f 5668 5667 6821
f 5668 6821 6805
f 6805 6821 6822
f 6805 6822 6806
f 6806 6822 6823
f 6806 6823 6807
f 6807 6823 6824
f 6807 6824 6808
f 6808 6824 6825
f 6808 6825 6809
f 6809 6825 6826
f 6809 6826 6810
f 6810 6826 6827
f 6810 6827 6811
f 6811 6827 6828
f 6811 6828 6812
f 6812 6828 6829
f 6812 6829 6813
f 6813 6829 6830
f 6813 6830 6814
f 6814 6830 6831
f 6814 6831 6815
f 6815 6831 6832
f 6815 6832 6816
f 6816 6832 6833
f 6816 6833 6817
f 6817 6833 6834
f 6817 6834 6818
f 6818 6834 6835
f 6818 6835 6819
f 6819 6835 6820
f 6819 6820 6804
f 6804 6820 1071
f 6804 1071 1073
f 6836 1065 1067
f 2460 5666 5667
f 5667 5666 6837
f 5667 6837 6821
f 6821 6837 6838
f 6821 6838 6822
f 6822 6838 6839
f 6822 6839 6823
f 6823 6839 6840
f 6823 6840 6824
f 6824 6840 6841
f 6824 6841 6825
f 6825 6841 6842
f 6825 6842 6826
f 6826 6842 6843
f 6826 6843 6827
f 6827 6843 6844
f 6827 6844 6828
f 6828 6844 6845
f 6828 6845 6829
f 6829 6845 6846
f 6829 6846 6830
f 6830 6846 6847
f 6830 6847 6831
f 6831 6847 6848
f 6831 6848 6832
f 6832 6848 6849
f 6832 6849 6833
f 6833 6849 6850
f 6833 6850 6834
f 6834 6850 6851
f 6834 6851 6835
f 6835 6851 6836
f 6835 6836 6820
f 6820 6836 1067
f 6820 1067 1069
f 6852 1061 1063
f 2458 5665 5666
f 5666 5665 6853
f 5666 6853 6837
f 6837 6853 6854
f 6837 6854 6838
f 6838 6854 6855
f 6838 6855 6839
f 6839 6855 6856
f 6839 6856 6840
f 6840 6856 6857
f 6840 6857 6841
f 6841 6857 6858
f 6841 6858 6842
f 6842 6858 6859
f 6842 6859 6843
f 6843 6859 6860
f 6843 6860 6844
f 6844 6860 6861
f 6844 6861 6845
f 6845 6861 6862
f 6845 6862 6846
f 6846 6862 6863
f 6846 6863 6847
f 6847 6863 6864
f 6847 6864 6848
f 6848 6864 6865
f 6848 6865 6849
f 6849 6865 6866
f 6849 6866 6850
f 6850 6866 6867
f 6850 6867 6851
f 6851 6867 6852
f 6851 6852 6836
f 6836 6852 1063
f 6836 1063 1065
f 6868 1057 1059
f 2456 5664 5665
f 5665 5664 6869
f 5665 6869 6853
f 6853 6869 6870
f 6853 6870 6854
f 6854 6870 6871
f 6854 6871 6855
f 6855 6871 6872
f 6855 6872 6856
f 6856 6872 6873
f 6856 6873 6857
f 6857 6873 6874
f 6857 6874 6858
f 6858 6874 6875
f 6858 6875 6859
f 6859 6875 6876
f 6859 6876 6860
f 6860 6876 6877
f 6860 6877 6861
f 6861 6877 6878
f 6861 6878 6862
f 6862 6878 6879
f 6862 6879 6863
f 6863 6879 6880
f 6863 6880 6864
f 6864 6880 6881
f 6864 6881 6865
f 6865 6881 6882
f 6865 6882 6866
f 6866 6882 6883
f 6866 6883 6867
f 6867 6883 6868
f 6867 6868 6852
f 6852 6868 1059
f 6852 1059 1061
f 6884 1053 1055
f 2454 5663 5664
f 5664 5663 6885
f 5664 6885 6869
f 6869 6885 6886
f 6869 6886 6870
f 6870 6886 6887
f 6870 6887 6871
f 6871 6887 6888
f 6871 6888 6872
f 6872 6888 6889
f 6872 6889 6873
f 6873 6889 6890
f 6873 6890 6874
f 6874 6890 6891
f 6874 6891 6875
f 6875 6891 6892
f 6875 6892 6876
f 6876 6892 6893
f 6876 6893 6877
f 6877 6893 6894
f 6877 6894 6878
f 6878 6894 6895
f 6878 6895 6879
f 6879 6895 6896
f 6879 6896 6880
f 6880 6896 6897
f 6880 6897 6881
f 6881 6897 6898
f 6881 6898 6882
f 6882 6898 6899
f 6882 6899 6883
f 6883 6899 6884
f 6883 6884 6868
f 6868 6884 1055
f 6868 1055 1057
f 2452 6163 5663
f 5663 6163 6147
f 5663 6147 6885
f 6885 6147 6132
f 6885 6132 6886
f 6886 6132 6118
f 6886 6118 6887
f 6887 6118 6105
f 6887 6105 6888
f 6888 6105 6093
f 6888 6093 6889
f 6889 6093 6082
f 6889 6082 6890
f 6890 6082 6072
f 6890 6072 6891
f 6891 6072 6063
f 6891 6063 6892
f 6892 6063 6055
f 6892 6055 6893
f 6893 6055 6048
f 6893 6048 6894
f 6894 6048 6042
f 6894 6042 6895
f 6895 6042 6037
f 6895 6037 6896
f 6896 6037 6033
f 6896 6033 6897
f 6897 6033 5806
f 6897 5806 6898
f 6898 5806 5805
f 6898 5805 6899
f 6899 5805 5824
f 6899 5824 6884
f 6884 5824 1046
f 6884 1046 1053
f 6900 6901 5466
f 5466 5465 6900
f 6900 5465 5468
f 6900 5468 6902
f 5468 5467 6902
f 6902 5467 5470
f 6902 5470 6903
f 5470 5469 6903
f 6903 5469 5472
f 6903 5472 6904
f 5472 5471 6904
f 6904 5471 5474
f 6904 5474 6905
f 5474 5473 6905
f 6905 5473 5476
f 6905 5476 6906
f 5476 5475 6906
f 6906 5475 5478
f 6906 5478 6907
f 5478 5477 6907
f 6907 5477 5480
f 6907 5480 6908
f 5480 5479 6908
f 6908 5479 5482
f 6908 5482 6909
f 5482 5481 6909
f 6909 5481 5484
f 6909 5484 6910
f 5484 5483 6910
f 6910 5483 5486
f 6910 5486 6911
f 5486 5485 6911
f 6911 5485 5488
f 6911 5488 6912
f 5488 5487 6912
f 6912 5487 5490
f 6912 5490 6913
f 5490 5489 6913
f 6913 5489 5492
f 6913 5492 6914
f 5492 5491 6914
f 6914 5491 5494
f 6914 5494 6915
f 5494 5493 6915
f 6915 5493 5496
f 6915 5496 6916
f 5496 5495 6916
f 6916 5495 5498
f 6916 5498 6917
f 5498 5497 6917
f 6917 5497 5500
f 6917 5500 6918
f 5500 5499 6918
f 6918 5499 5502
f 6918 5502 6919
f 5502 5501 6919
f 6919 5501 5504
f 6919 5504 6920
f 5504 5503 6920
f 6920 5503 5506
f 6920 5506 6921
f 5506 5505 6921
f 6921 5505 5508
f 6921 5508 6922
f 5508 5507 6922
f 6922 5507 5510
f 6922 5510 6923
f 5510 5509 6923
f 6923 5509 5512
f 6923 5512 6924
f 5512 5511 6924
f 6924 5511 5514
f 6924 5514 6925
f 5514 5513 6925
f 6925 5513 5516
f 6925 5516 6926
f 5516 5515 6926
f 6926 5515 5518
f 6926 5518 6927
f 5518 5517 6927
f 6927 5517 5520
f 6927 5520 6928
f 5520 5519 6928
f 6928 5519 5522
f 6928 5522 6929
f 5522 5521 6929
f 6929 5521 5524
f 6929 5524 6930
f 5524 5523 6930
f 6930 5523 5526
f 6930 5526 6931
f 5526 5525 6931
f 6931 5525 5528
f 6931 5528 6932
f 5528 5527 6932
f 6932 5527 5530
f 6932 5530 6933
f 5530 5529 6933
f 6933 5529 5532
f 6933 5532 6934
f 5532 5531 6934
f 6934 5531 5534
f 6934 5534 6935
f 6935 5534 5533
f 6935 5533 6936
f 6936 5533 5536
f 6936 5536 6937
f 5536 5535 6937
f 6937 5535 5538
f 6937 5538 6938
f 5538 5537 6938
f 6938 5537 5540
f 6938 5540 6939
f 5540 5539 6939
f 6939 5539 5542
f 6939 5542 6940
f 5542 5541 6940
f 6940 5541 5544
f 6940 5544 6941
f 5544 5543 6941
f 6941 5543 5546
f 6941 5546 6942
f 5546 5545 6942
f 6942 5545 5548
f 6942 5548 6943
f 5548 5547 6943
f 6943 5547 5550
f 6943 5550 6944
f 5550 5549 6944
f 6944 5549 5552
f 6944 5552 6945
f 5552 5551 6945
f 6945 5551 5554
f 6945 5554 6946
f 5554 5553 6946
f 6946 5553 5556
f 6946 5556 6947
f 5556 5555 6947
f 6947 5555 5558
f 6947 5558 6948
f 5558 5557 6948
f 6948 5557 5560
f 6948 5560 6949
f 5560 5559 6949
f 6949 5559 5562
f 6949 5562 6950
f 5562 5561 6950
f 6950 5561 5564
f 6950 5564 6951
f 5564 5563 6951
f 6951 5563 5566
f 6951 5566 6952
f 5566 5565 6952
f 6952 5565 5568
f 6952 5568 6953
f 5568 5567 6953
f 6953 5567 5570
f 6953 5570 6954
f 5570 5569 6954
f 6954 5569 5572
f 6954 5572 6955
f 5572 5571 6955
f 6955 5571 5574
f 6955 5574 6956
f 5574 5573 6956
f 6956 5573 5576
f 6956 5576 6957
f 5576 5575 6957
f 6957 5575 5578
f 6957 5578 6958
f 5578 5577 6958
f 6958 5577 5580
f 6958 5580 6959
f 5580 5579 6959
f 6959 5579 5582
f 6959 5582 6960
f 5582 5581 6960
f 6960 5581 5584
f 6960 5584 6961
f 5584 5583 6961
f 6961 5583 5586
f 6961 5586 6962
f 5586 5585 6962
f 6962 5585 5588
f 6962 5588 6963
f 5588 5587 6963
f 6963 5587 5590
f 6963 5590 6964
f 5590 5589 6964
f 6964 5589 5592
f 6964 5592 6965
f 5592 5591 6965
f 6965 5591 5594
f 6965 5594 6966
f 5594 5593 6966
f 6966 5593 5596
f 6966 5596 6967
f 5596 5595 6967
f 6967 5595 5598
f 6967 5598 6968
f 5598 5597 6968
f 6968 5597 5600
f 6968 5600 6969
f 5600 5599 6969
f 6969 5599 5602
f 6969 5602 6970
f 5602 5601 6970
f 6970 5601 5604
f 6970 5604 6971
f 5604 5603 6971
f 6971 5603 5607
f 6971 5607 6972
f 6972 5607 5606
f 6972 5606 6973
f 6973 5606 5605
f 6973 5605 6901
f 6901 5605 5464
f 6901 5464 5466
f 6972 6974 6971
f 6971 6974 6975
f 6971 6975 6970
f 6970 6975 6976
f 6970 6976 6969
f 6969 6976 6977
f 6969 6977 6968
f 6968 6977 6978
f 6968 6978 6967
f 6967 6978 6979
f 6967 6979 6966
f 6966 6979 6980
f 6966 6980 6965
f 6965 6980 6981
f 6965 6981 6964
f 6964 6981 6982
f 6964 6982 6963
f 6963 6982 6983
f 6963 6983 6962
f 6962 6983 6984
f 6962 6984 6961
f 6961 6984 6985
f 6961 6985 6960
f 6960 6985 6986
f 6960 6986 6959
f 6959 6986 6987
f 6959 6987 6958
f 6958 6987 6988
f 6958 6988 6957
f 6957 6988 6989
f 6957 6989 6956
f 6956 6989 6990
f 6956 6990 6955
f 6955 6990 6991
f 6955 6991 6954
f 6954 6991 6992
f 6954 6992 6953
f 6953 6992 6993
f 6953 6993 6952
f 6952 6993 6994
f 6952 6994 6951
f 6951 6994 6995
f 6951 6995 6950
f 6950 6995 6996
f 6950 6996 6949
f 6949 6996 6997
f 6949 6997 6948
f 6948 6997 6998
f 6948 6998 6947
f 6947 6998 6999
f 6947 6999 6946
f 6946 6999 7000
f 6946 7000 6945
f 6945 7000 7001
f 6945 7001 6944
f 6944 7001 7002
f 6944 7002 6943
f 6943 7002 7003
f 6943 7003 6942
f 6942 7003 7004
f 6942 7004 6941
f 6941 7004 7005
f 6941 7005 6940
f 6940 7005 7006
f 6940 7006 6939
f 6939 7006 7007
f 6939 7007 6938
f 6938 7007 7008
f 6938 7008 6937
f 6937 7008 7009
f 6937 7009 6936
f 6936 7009 7010
f 6936 7010 6935
f 6935 7010 7011
f 6935 7011 6934
f 6934 7011 7012
f 6934 7012 6933
f 6933 7012 7013
f 6933 7013 6932
f 6932 7013 7014
f 6932 7014 6931
f 6931 7014 7015
f 6931 7015 6930
f 6930 7015 7016
f 6930 7016 6929
f 6929 7016 7017
f 6929 7017 6928
f 6928 7017 7018
f 6928 7018 6927
f 6927 7018 7019
f 6927 7019 6926
f 6926 7019 7020
f 6926 7020 6925
f 6925 7020 7021
f 6925 7021 6924
f 6924 7021 7022
f 6924 7022 6923
f 6923 7022 7023
f 6923 7023 6922
f 6922 7023 7024
f 6922 7024 6921
f 6921 7024 7025
f 6921 7025 6920
f 6920 7025 7026
f 6920 7026 6919
f 6919 7026 7027
f 6919 7027 6918
f 6918 7027 7028
f 6918 7028 6917
f 6917 7028 7029
f 6917 7029 6916
f 6916 7029 7030
f 6916 7030 6915
f 6915 7030 7031
f 6915 7031 6914
f 6914 7031 7032
f 6914 7032 6913
f 6913 7032 7033
f 6913 7033 6912
f 6912 7033 7034
f 6912 7034 6911
f 6911 7034 7035
f 6911 7035 6910
f 6910 7035 7036
f 6910 7036 6909
f 6909 7036 7037
f 6909 7037 6908
f 6908 7037 7038
f 6908 7038 6907
f 6907 7038 7039
f 6907 7039 6906
f 6906 7039 7040
f 6906 7040 6905
f 6905 7040 7041
f 6905 7041 6904
f 6904 7041 7042
f 6904 7042 6903
f 6903 7042 7043
f 6903 7043 6902
f 6902 7043 7044
f 6902 7044 6900
f 6900 7044 7045
f 6900 7045 6901
f 6901 7045 7046
f 6901 7046 6973
f 6973 7046 7047
f 6973 7047 6972
f 6972 7047 6974
f 6974 7048 6975
f 6975 7048 7049
f 6975 7049 6976
f 6976 7049 7050
f 6976 7050 6977
f 6977 7050 7051
f 6977 7051 6978
f 6978 7051 7052
f 6978 7052 6979
f 6979 7052 7053
f 6979 7053 6980
f 6980 7053 7054
f 6980 7054 6981
f 6981 7054 7055
f 6981 7055 6982
f 6982 7055 7056
f 6982 7056 6983
f 6983 7056 7057
f 6983 7057 6984
f 6984 7057 7058
f 6984 7058 6985
f 6985 7058 7059
f 6985 7059 6986
f 6986 7059 7060
f 6986 7060 6987
f 6987 7060 7061
f 6987 7061 6988
f 6988 7061 7062
f 6988 7062 6989
f 6989 7062 7063
f 6989 7063 6990
f 6990 7063 7064
f 6990 7064 6991
f 6991 7064 7065
f 6991 7065 6992
f 6992 7065 7066
f 6992 7066 6993
f 6993 7066 7067
f 6993 7067 6994
f 6994 7067 7068
f 6994 7068 6995
f 6995 7068 7069
f 6995 7069 6996
f 6996 7069 7070
f 6996 7070 6997
f 6997 7070 7071
f 6997 7071 6998
f 6998 7071 7072
f 6998 7072 6999
f 6999 7072 7073
f 6999 7073 7000
f 7000 7073 7074
f 7000 7074 7001
f 7001 7074 7075
f 7001 7075 7002
f 7002 7075 7076
f 7002 7076 7003
f 7003 7076 7077
f 7003 7077 7004
f 7004 7077 7078
f 7004 7078 7005
f 7005 7078 7079
f 7005 7079 7006
f 7006 7079 7080
f 7006 7080 7007
f 7007 7080 7081
f 7007 7081 7008
f 7008 7081 7082
f 7008 7082 7009
f 7009 7082 7083
f 7009 7083 7010
f 7010 7083 7084
f 7010 7084 7011
f 7011 7084 7085
f 7011 7085 7012
f 7012 7085 7086
f 7012 7086 7013
f 7013 7086 7087
f 7013 7087 7014
f 7014 7087 7088
f 7014 7088 7015
f 7015 7088 7089
f 7015 7089 7016
f 7016 7089 7090
f 7016 7090 7017
f 7017 7090 7091
f 7017 7091 7018
f 7018 7091 7092
f 7018 7092 7019
f 7019 7092 7093
f 7019 7093 7020
f 7020 7093 7094
f 7020 7094 7021
f 7021 7094 7095
f 7021 7095 7022
f 7022 7095 7096
f 7022 7096 7023
f 7023 7096 7097
f 7023 7097 7024
f 7024 7097 7098
f 7024 7098 7025
f 7025 7098 7099
f 7025 7099 7026
f 7026 7099 7100
f 7026 7100 7027
f 7027 7100 7101
f 7027 7101 7028
f 7028 7101 7102
f 7028 7102 7029
f 7029 7102 7103
f 7029 7103 7030
f 7030 7103 7104
f 7030 7104 7031
f 7031 7104 7105
f 7031 7105 7032
f 7032 7105 7106
f 7032 7106 7033
f 7033 7106 7107
f 7033 7107 7034
f 7034 7107 7108
f 7034 7108 7035
f 7035 7108 7109
f 7035 7109 7036
f 7036 7109 7110
f 7036 7110 7037
f 7037 7110 7111
f 7037 7111 7038
f 7038 7111 7112
f 7038 7112 7039
f 7039 7112 7113
f 7039 7113 7040
f 7040 7113 7114
f 7040 7114 7041
f 7041 7114 7115
f 7041 7115 7042
f 7042 7115 7116
f 7042 7116 7043
f 7043 7116 7117
f 7043 7117 7044
f 7044 7117 7118
f 7044 7118 7045
f 7045 7118 7119
f 7045 7119 7046
f 7046 7119 7120
f 7046 7120 7047
f 7047 7120 7121
f 7047 7121 6974
f 6974 7121 7048
f 7048 7122 7049
f 7049 7122 7123
f 7049 7123 7050
f 7050 7123 7124
f 7050 7124 7051
f 7051 7124 7125
f 7051 7125 7052
f 7052 7125 7126
f 7052 7126 7053
f 7053 7126 7127
f 7053 7127 7054
f 7054 7127 7128
f 7054 7128 7055
f 7055 7128 7129
f 7055 7129 7056
f 7056 7129 7130
f 7056 7130 7057
f 7057 7130 7131
f 7057 7131 7058
f 7058 7131 7132
f 7058 7132 7059
f 7059 7132 7133
f 7059 7133 7060
f 7060 7133 7134
f 7060 7134 7061
f 7061 7134 7135
f 7061 7135 7062
f 7062 7135 7136
f 7062 7136 7063
f 7063 7136 7137
f 7063 7137 7064
f 7064 7137 7138
f 7064 7138 7065
f 7065 7138 7139
f 7065 7139 7066
f 7066 7139 7140
f 7066 7140 7067
f 7067 7140 7141
f 7067 7141 7068
f 7068 7141 7142
f 7068 7142 7069
f 7069 7142 7143
f 7069 7143 7070
f 7070 7143 7144
f 7070 7144 7071
f 7071 7144 7145
f 7071 7145 7072
f 7072 7145 7146
f 7072 7146 7073
f 7073 7146 7147
f 7073 7147 7074
f 7074 7147 7148
f 7074 7148 7075
f 7075 7148 7149
f 7075 7149 7076
f 7076 7149 7150
f 7076 7150 7077
f 7077 7150 7151
f 7077 7151 7078
f 7078 7151 7152
f 7078 7152 7079
f 7079 7152 7153
f 7079 7153 7080
f 7080 7153 7154
f 7080 7154 7081
f 7081 7154 7155
f 7081 7155 7082
f 7082 7155 7156
f 7082 7156 7083
f 7083 7156 7157
f 7083 7157 7084
f 7084 7157 7158
f 7084 7158 7085
f 7085 7158 7159
f 7085 7159 7086
f 7086 7159 7160
f 7086 7160 7087
f 7087 7160 7161
f 7087 7161 7088
f 7088 7161 7162
f 7088 7162 7089
f 7089 7162 7163
f 7089 7163 7090
f 7090 7163 7164
f 7090 7164 7091
f 7091 7164 7165
f 7091 7165 7092
f 7092 7165 7166
f 7092 7166 7093
f 7093 7166 7167
f 7093 7167 7094
f 7094 7167 7168
f 7094 7168 7095
f 7095 7168 7169
f 7095 7169 7096
f 7096 7169 7170
f 7096 7170 7097
f 7097 7170 7171
f 7097 7171 7098
f 7098 7171 7172
f 7098 7172 7099
f 7099 7172 7173
f 7099 7173 7100
f 7100 7173 7174
f 7100 7174 7101
f 7101 7174 7175
f 7101 7175 7102
f 7102 7175 7176
f 7102 7176 7103
f 7103 7176 7177
f 7103 7177 7104
f 7104 7177 7178
f 7104 7178 7105
f 7105 7178 7179
f 7105 7179 7106
f 7106 7179 7180
f 7106 7180 7107
f 7107 7180 7181
f 7107 7181 7108
f 7108 7181 7182
f 7108 7182 7109
f 7109 7182 7183
f 7109 7183 7110
f 7110 7183 7184
f 7110 7184 7111
f 7111 7184 7185
f 7111 7185 7112
f 7112 7185 7186
f 7112 7186 7113
f 7113 7186 7187
f 7113 7187 7114
f 7114 7187 7188
f 7114 7188 7115
f 7115 7188 7189
f 7115 7189 7116
f 7116 7189 7190
f 7116 7190 7117
f 7117 7190 7191
f 7117 7191 7118
f 7118 7191 7192
f 7118 7192 7119
f 7119 7192 7193
f 7119 7193 7120
f 7120 7193 7194
f 7120 7194 7121
f 7121 7194 7195
f 7121 7195 7048
f 7048 7195 7122
f 7122 7196 7123
f 7123 7196 7197
f 7123 7197 7124
f 7124 7197 7198
f 7124 7198 7125
f 7125 7198 7199
f 7125 7199 7126
f 7126 7199 7200
f 7126 7200 7127
f 7127 7200 7201
f 7127 7201 7128
f 7128 7201 7202
f 7128 7202 7129
f 7129 7202 7203
f 7129 7203 7130
f 7130 7203 7204
f 7130 7204 7131
f 7131 7204 7205
f 7131 7205 7132
f 7132 7205 7206
f 7132 7206 7133
f 7133 7206 7207
f 7133 7207 7134
f 7134 7207 7208
f 7134 7208 7135
f 7135 7208 7209
f 7135 7209 7136
f 7136 7209 7210
f 7136 7210 7137
f 7137 7210 7211
f 7137 7211 7138
f 7138 7211 7212
f 7138 7212 7139
f 7139 7212 7213
f 7139 7213 7140
f 7140 7213 7214
f 7140 7214 7141
f 7141 7214 7215
f 7141 7215 7142
f 7142 7215 7216
f 7142 7216 7143
f 7143 7216 7217
f 7143 7217 7144
f 7144 7217 7218
f 7144 7218 7145
f 7145 7218 7219
f 7145 7219 7146
f 7146 7219 7220
f 7146 7220 7147
f 7147 7220 7221
f 7147 7221 7148
f 7148 7221 7222
f 7148 7222 7149
f 7149 7222 7223
f 7149 7223 7150
f 7150 7223 7224
f 7150 7224 7151
f 7151 7224 7225
f 7151 7225 7152
f 7152 7225 7226
f 7152 7226 7153
f 7153 7226 7227
f 7153 7227 7154
f 7154 7227 7228
f 7154 7228 7155
f 7155 7228 7229
f 7155 7229 7156
f 7156 7229 7230
f 7156 7230 7157
f 7157 7230 7231
f 7157 7231 7158
f 7158 7231 7232
f 7158 7232 7159
f 7159 7232 7233
f 7159 7233 7160
f 7160 7233 7234
f 7160 7234 7161
f 7161 7234 7235
f 7161 7235 7162
f 7162 7235 7236
f 7162 7236 7163
f 7163 7236 7237
f 7163 7237 7164
f 7164 7237 7238
f 7164 7238 7165
f 7165 7238 7239
f 7165 7239 7166
f 7166 7239 7240
f 7166 7240 7167
f 7167 7240 7241
f 7167 7241 7168
f 7168 7241 7242
f 7168 7242 7169
f 7169 7242 7243
f 7169 7243 7170
f 7170 7243 7244
f 7170 7244 7171
f 7171 7244 7245
f 7171 7245 7172
f 7172 7245 7246
f 7172 7246 7173
f 7173 7246 7247
f 7173 7247 7174
f 7174 7247 7248
f 7174 7248 7175
f 7175 7248 7249
f 7175 7249 7176
f 7176 7249 7250
f 7176 7250 7177
f 7177 7250 7251
f 7177 7251 7178
f 7178 7251 7252
f 7178 7252 7179
f 7179 7252 7253
f 7179 7253 7180
f 7180 7253 7254
f 7180 7254 7181
f 7181 7254 7255
f 7181 7255 7182
f 7182 7255 7256
f 7182 7256 7183
f 7183 7256 7257
f 7183 7257 7184
f 7184 7257 7258
f 7184 7258 7185
f 7185 7258 7259
f 7185 7259 7186
f 7186 7259 7260
f 7186 7260 7187
f 7187 7260 7261
f 7187 7261 7188
f 7188 7261 7262
f 7188 7262 7189
f 7189 7262 7263
f 7189 7263 7190
f 7190 7263 7264
f 7190 7264 7191
f 7191 7264 7265
f 7191 7265 7192
f 7192 7265 7266
f 7192 7266 7193
f 7193 7266 7267
f 7193 7267 7194
f 7194 7267 7268
f 7194 7268 7195
f 7195 7268 7269
f 7195 7269 7122
f 7122 7269 7196
f 7196 7270 7197
f 7197 7270 7271
f 7197 7271 7198
f 7198 7271 7272
f 7198 7272 7199
f 7199 7272 7273
f 7199 7273 7200
f 7200 7273 7274
f 7200 7274 7201
f 7201 7274 7275
f 7201 7275 7202
f 7202 7275 7276
f 7202 7276 7203
f 7203 7276 7277
f 7203 7277 7204
f 7204 7277 7278
f 7204 7278 7205
f 7205 7278 7279
f 7205 7279 7206
f 7206 7279 7280
f 7206 7280 7207
f 7207 7280 7281
f 7207 7281 7208
f 7208 7281 7282
f 7208 7282 7209
f 7209 7282 7283
f 7209 7283 7210
f 7210 7283 7284
f 7210 7284 7211
f 7211 7284 7285
f 7211 7285 7212
f 7212 7285 7286
f 7212 7286 7213
f 7213 7286 7287
f 7213 7287 7214
f 7214 7287 7288
f 7214 7288 7215
f 7215 7288 7289
f 7215 7289 7216
f 7216 7289 7290
f 7216 7290 7217
f 7217 7290 7291
f 7217 7291 7218
f 7218 7291 7292
f 7218 7292 7219
f 7219 7292 7293
f 7219 7293 7220
f 7220 7293 7294
f 7220 7294 7221
f 7221 7294 7295
f 7221 7295 7222
f 7222 7295 7296
f 7222 7296 7223
f 7223 7296 7297
f 7223 7297 7224
f 7224 7297 7298
f 7224 7298 7225
f 7225 7298 7299
f 7225 7299 7226
f 7226 7299 7300
f 7226 7300 7227
f 7227 7300 7301
f 7227 7301 7228
f 7228 7301 7302
f 7228 7302 7229
f 7229 7302 7303
f 7229 7303 7230
f 7230 7303 7304
f 7230 7304 7231
f 7231 7304 7305
f 7231 7305 7232
f 7232 7305 7306
f 7232 7306 7233
f 7233 7306 7307
f 7233 7307 7234
f 7234 7307 7308
f 7234 7308 7235
f 7235 7308 7309
f 7235 7309 7236
f 7236 7309 7310
f 7236 7310 7237
f 7237 7310 7311
f 7237 7311 7238
f 7238 7311 7312
f 7238 7312 7239
f 7239 7312 7313
f 7239 7313 7240
f 7240 7313 7314
f 7240 7314 7241
f 7241 7314 7315
f 7241 7315 7242
f 7242 7315 7316
f 7242 7316 7243
f 7243 7316 7317
f 7243 7317 7244
f 7244 7317 7318
f 7244 7318 7245
f 7245 7318 7319
f 7245 7319 7246
f 7246 7319 7320
f 7246 7320 7247
f 7247 7320 7321
f 7247 7321 7248
f 7248 7321 7322
f 7248 7322 7249
f 7249 7322 7323
f 7249 7323 7250
f 7250 7323 7324
f 7250 7324 7251
f 7251 7324 7325
f 7251 7325 7252
f 7252 7325 7326
f 7252 7326 7253
f 7253 7326 7327
f 7253 7327 7254
f 7254 7327 7328
f 7254 7328 7255
f 7255 7328 7329
f 7255 7329 7256
f 7256 7329 7330
f 7256 7330 7257
f 7257 7330 7331
f 7257 7331 7258
f 7258 7331 7332
f 7258 7332 7259
f 7259 7332 7333
f 7259 7333 7260
f 7260 7333 7334
f 7260 7334 7261
f 7261 7334 7335
f 7261 7335 7262
f 7262 7335 7336
f 7262 7336 7263
f 7263 7336 7337
f 7263 7337 7264
f 7264 7337 7338
f 7264 7338 7265
f 7265 7338 7339
f 7265 7339 7266
f 7266 7339 7340
f 7266 7340 7267
f 7267 7340 7341
f 7267 7341 7268
f 7268 7341 7342
f 7268 7342 7269
f 7269 7342 7343
f 7269 7343 7196
f 7196 7343 7270
f 7270 7344 7271
f 7271 7344 7345
f 7271 7345 7272
f 7272 7345 7346
f 7272 7346 7273
f 7273 7346 7347
f 7273 7347 7274
f 7274 7347 7348
f 7274 7348 7275
f 7275 7348 7349
f 7275 7349 7276
f 7276 7349 7350
f 7276 7350 7277
f 7277 7350 7351
f 7277 7351 7278
f 7278 7351 7352
f 7278 7352 7279
f 7279 7352 7353
f 7279 7353 7280
f 7280 7353 7354
f 7280 7354 7281
f 7281 7354 7355
f 7281 7355 7282
f 7282 7355 7356
f 7282 7356 7283
f 7283 7356 7357
f 7283 7357 7284
f 7284 7357 7358
f 7284 7358 7285
f 7285 7358 7359
f 7285 7359 7286
f 7286 7359 7360
f 7286 7360 7287
f 7287 7360 7361
f 7287 7361 7288
f 7288 7361 7362
f 7288 7362 7289
f 7289 7362 7363
f 7289 7363 7290
f 7290 7363 7364
f 7290 7364 7291
f 7291 7364 7365
f 7291 7365 7292
f 7292 7365 7366
f 7292 7366 7293
f 7293 7366 7367
f 7293 7367 7294
f 7294 7367 7368
f 7294 7368 7295
f 7295 7368 7369
f 7295 7369 7296
f 7296 7369 7370
f 7296 7370 7297
f 7297 7370 7371
f 7297 7371 7298
f 7298 7371 7372
f 7298 7372 7299
f 7299 7372 7373
f 7299 7373 7300
f 7300 7373 7374
f 7300 7374 7301
f 7301 7374 7375
f 7301 7375 7302
f 7302 7375 7376
f 7302 7376 7303
f 7303 7376 7377
f 7303 7377 7304
f 7304 7377 7378
f 7304 7378 7305
f 7305 7378 7379
f 7305 7379 7306
f 7306 7379 7380
f 7306 7380 7307
f 7307 7380 7381
f 7307 7381 7308
f 7308 7381 7382
f 7308 7382 7309
f 7309 7382 7383
f 7309 7383 7310
f 7310 7383 7384
f 7310 7384 7311
f 7311 7384 7385
f 7311 7385 7312
f 7312 7385 7386
f 7312 7386 7313
f 7313 7386 7387
f 7313 7387 7314
f 7314 7387 7388
f 7314 7388 7315
f 7315 7388 7389
f 7315 7389 7316
f 7316 7389 7390
f 7316 7390 7317
f 7317 7390 7391
f 7317 7391 7318
f 7318 7391 7392
f 7318 7392 7319
f 7319 7392 7393
f 7319 7393 7320
f 7320 7393 7394
f 7320 7394 7321
f 7321 7394 7395
f 7321 7395 7322
f 7322 7395 7396
f 7322 7396 7323
f 7323 7396 7397
f 7323 7397 7324
f 7324 7397 7398
f 7324 7398 7325
f 7325 7398 7399
f 7325 7399 7326
f 7326 7399 7400
f 7326 7400 7327
f 7327 7400 7401
f 7327 7401 7328
f 7328 7401 7402
f 7328 7402 7329
f 7329 7402 7403
f 7329 7403 7330
f 7330 7403 7404
f 7330 7404 7331
f 7331 7404 7405
f 7331 7405 7332
f 7332 7405 7406
f 7332 7406 7333
f 7333 7406 7407
f 7333 7407 7334
f 7334 7407 7408
f 7334 7408 7335
f 7335 7408 7409
f 7335 7409 7336
f 7336 7409 7410
f 7336 7410 7337
f 7337 7410 7411
f 7337 7411 7338
f 7338 7411 7412
f 7338 7412 7339
f 7339 7412 7413
f 7339 7413 7340
f 7340 7413 7414
f 7340 7414 7341
f 7341 7414 7415
f 7341 7415 7342
f 7342 7415 7416
f 7342 7416 7343
f 7343 7416 7417
f 7343 7417 7270
f 7270 7417 7344
f 7344 7418 7345
f 7345 7418 7419
f 7345 7419 7346
f 7346 7419 7420
f 7346 7420 7347
f 7347 7420 7421
f 7347 7421 7348
f 7348 7421 7422
f 7348 7422 7349
f 7349 7422 7423
f 7349 7423 7350
f 7350 7423 7424
f 7350 7424 7351
f 7351 7424 7425
f 7351 7425 7352
f 7352 7425 7426
f 7352 7426 7353
f 7353 7426 7427
f 7353 7427 7354
f 7354 7427 7428
f 7354 7428 7355
f 7355 7428 7429
f 7355 7429 7356
f 7356 7429 7430
f 7356 7430 7357
f 7357 7430 7431
f 7357 7431 7358
f 7358 7431 7432
f 7358 7432 7359
f 7359 7432 7433
f 7359 7433 7360
f 7360 7433 7434
f 7360 7434 7361
f 7361 7434 7435
f 7361 7435 7362
f 7362 7435 7436
f 7362 7436 7363
f 7363 7436 7437
f 7363 7437 7364
f 7364 7437 7438
f 7364 7438 7365
f 7365 7438 7439
f 7365 7439 7366
f 7366 7439 7440
f 7366 7440 7367
f 7367 7440 7441
f 7367 7441 7368
f 7368 7441 7442
f 7368 7442 7369
f 7369 7442 7443
f 7369 7443 7370
f 7370 7443 7444
f 7370 7444 7371
f 7371 7444 7445
f 7371 7445 7372
f 7372 7445 7446
f 7372 7446 7373
f 7373 7446 7447
f 7373 7447 7374
f 7374 7447 7448
f 7374 7448 7375
f 7375 7448 7449
f 7375 7449 7376
f 7376 7449 7450
f 7376 7450 7377
f 7377 7450 7451
f 7377 7451 7378
f 7378 7451 7452
f 7378 7452 7379
f 7379 7452 7453
f 7379 7453 7380
f 7380 7453 7454
f 7380 7454 7381
f 7381 7454 7455
f 7381 7455 7382
f 7382 7455 7456
f 7382 7456 7383
f 7383 7456 7457
f 7383 7457 7384
f 7384 7457 7458
f 7384 7458 7385
f 7385 7458 7459
f 7385 7459 7386
f 7386 7459 7460
f 7386 7460 7387
f 7387 7460 7461
f 7387 7461 7388
f 7388 7461 7462
f 7388 7462 7389
f 7389 7462 7463
f 7389 7463 7390
f 7390 7463 7464
f 7390 7464 7391
f 7391 7464 7465
f 7391 7465 7392
f 7392 7465 7466
f 7392 7466 7393
f 7393 7466 7467
f 7393 7467 7394
f 7394 7467 7468
f 7394 7468 7395
f 7395 7468 7469
f 7395 7469 7396
f 7396 7469 7470
f 7396 7470 7397
f 7397 7470 7471
f 7397 7471 7398
f 7398 7471 7472
f 7398 7472 7399
f 7399 7472 7473
f 7399 7473 7400
f 7400 7473 7474
f 7400 7474 7401
f 7401 7474 7475
f 7401 7475 7402
f 7402 7475 7476
f 7402 7476 7403
f 7403 7476 7477
f 7403 7477 7404
f 7404 7477 7478
f 7404 7478 7405
f 7405 7478 7479
f 7405 7479 7406
f 7406 7479 7480
f 7406 7480 7407
f 7407 7480 7481
f 7407 7481 7408
f 7408 7481 7482
f 7408 7482 7409
f 7409 7482 7483
f 7409 7483 7410
f 7410 7483 7484
f 7410 7484 7411
f 7411 7484 7485
f 7411 7485 7412
f 7412 7485 7486
f 7412 7486 7413
f 7413 7486 7487
f 7413 7487 7414
f 7414 7487 7488
f 7414 7488 7415
f 7415 7488 7489
f 7415 7489 7416
f 7416 7489 7490
f 7416 7490 7417
f 7417 7490 7491
f 7417 7491 7344
f 7344 7491 7418
f 7418 7492 7419
f 7419 7492 7493
f 7419 7493 7420
f 7420 7493 7494
f 7420 7494 7421
f 7421 7494 7495
f 7421 7495 7422
f 7422 7495 7496
f 7422 7496 7423
f 7423 7496 7497
f 7423 7497 7424
f 7424 7497 7498
f 7424 7498 7425
f 7425 7498 7499
f 7425 7499 7426
f 7426 7499 7500
f 7426 7500 7427
f 7427 7500 7501
f 7427 7501 7428
f 7428 7501 7502
f 7428 7502 7429
f 7429 7502 7503
f 7429 7503 7430
f 7430 7503 7504
f 7430 7504 7431
f 7431 7504 7505
f 7431 7505 7432
f 7432 7505 7506
f 7432 7506 7433
f 7433 7506 7507
f 7433 7507 7434
f 7434 7507 7508
f 7434 7508 7435
f 7435 7508 7509
f 7435 7509 7436
f 7436 7509 7510
f 7436 7510 7437
f 7437 7510 7511
f 7437 7511 7438
f 7438 7511 7512
f 7438 7512 7439
f 7439 7512 7513
f 7439 7513 7440
f 7440 7513 7514
f 7440 7514 7441
f 7441 7514 7515
f 7441 7515 7442
f 7442 7515 7516
f 7442 7516 7443
f 7443 7516 7517
f 7443 7517 7444
f 7444 7517 7518
f 7444 7518 7445
f 7445 7518 7519
f 7445 7519 7446
f 7446 7519 7520
f 7446 7520 7447
f 7447 7520 7521
f 7447 7521 7448
f 7448 7521 7522
f 7448 7522 7449
f 7449 7522 7523
f 7449 7523 7450
f 7450 7523 7524
f 7450 7524 7451
f 7451 7524 7525
f 7451 7525 7452
f 7452 7525 7526
f 7452 7526 7453
f 7453 7526 7527
f 7453 7527 7454
f 7454 7527 7528
f 7454 7528 7455
f 7455 7528 7529
f 7455 7529 7456
f 7456 7529 7530
f 7456 7530 7457
f 7457 7530 7531
f 7457 7531 7458
f 7458 7531 7532
f 7458 7532 7459
f 7459 7532 7533
f 7459 7533 7460
f 7460 7533 7534
f 7460 7534 7461
f 7461 7534 7535
f 7461 7535 7462
f 7462 7535 7536
f 7462 7536 7463
f 7463 7536 7537
f 7463 7537 7464
f 7464 7537 7538
f 7464 7538 7465
f 7465 7538 7539
f 7465 7539 7466
f 7466 7539 7540
f 7466 7540 7467
f 7467 7540 7541
f 7467 7541 7468
f 7468 7541 7542
f 7468 7542 7469
f 7469 7542 7543
f 7469 7543 7470
f 7470 7543 7544
f 7470 7544 7471
f 7471 7544 7545
f 7471 7545 7472
f 7472 7545 7546
f 7472 7546 7473
f 7473 7546 7547
f 7473 7547 7474
f 7474 7547 7548
f 7474 7548 7475
f 7475 7548 7549
f 7475 7549 7476
f 7476 7549 7550
f 7476 7550 7477
f 7477 7550 7551
f 7477 7551 7478
f 7478 7551 7552
f 7478 7552 7479
f 7479 7552 7553
f 7479 7553 7480
f 7480 7553 7554
f 7480 7554 7481
f 7481 7554 7555
f 7481 7555 7482
f 7482 7555 7556
f 7482 7556 7483
f 7483 7556 7557
f 7483 7557 7484
f 7484 7557 7558
f 7484 7558 7485
f 7485 7558 7559
f 7485 7559 7486
f 7486 7559 7560
f 7486 7560 7487
f 7487 7560 7561
f 7487 7561 7488
f 7488 7561 7562
f 7488 7562 7489
f 7489 7562 7563
f 7489 7563 7490
f 7490 7563 7564
f 7490 7564 7491
f 7491 7564 7565
f 7491 7565 7418
f 7418 7565 7492
f 7492 2451 7493
f 7493 2451 2453
f 7493 2453 7494
f 7494 2453 2455
f 7494 2455 7495
f 7495 2455 2457
f 7495 2457 7496
f 7496 2457 2459
f 7496 2459 7497
f 7497 2459 2461
f 7497 2461 7498
f 7498 2461 2463
f 7498 2463 7499
f 7499 2463 2465
f 7499 2465 7500
f 7500 2465 2467
f 7500 2467 7501
f 7501 2467 2469
f 7501 2469 7502
f 7502 2469 2471
f 7502 2471 7503
f 7503 2471 2473
f 7503 2473 7504
f 7504 2473 2475
f 7504 2475 7505
f 7505 2475 2477
f 7505 2477 7506
f 7506 2477 2479
f 7506 2479 7507
f 7507 2479 2481
f 7507 2481 7508
f 7508 2481 2483
f 7508 2483 7509
f 7509 2483 2485
f 7509 2485 7510
f 7510 2485 2488
f 7510 2488 7511
f 7511 2488 2490
f 7511 2490 7512
f 7512 2490 2492
f 7512 2492 7513
f 7513 2492 2494
f 7513 2494 7514
f 7514 2494 2496
f 7514 2496 7515
f 7515 2496 2498
f 7515 2498 7516
f 7516 2498 2500
f 7516 2500 7517
f 7517 2500 2502
f 7517 2502 7518
f 7518 2502 2504
f 7518 2504 7519
f 7519 2504 2506
f 7519 2506 7520
f 7520 2506 2508
f 7520 2508 7521
f 7521 2508 2510
f 7521 2510 7522
f 7522 2510 2512
f 7522 2512 7523
f 7523 2512 2514
f 7523 2514 7524
f 7524 2514 2516
f 7524 2516 7525
f 7525 2516 2518
f 7525 2518 7526
f 7526 2518 2520
f 7526 2520 7527
f 7527 2520 2522
f 7527 2522 7528
f 7528 2522 2524
f 7528 2524 7529
f 7529 2524 2526
f 7529 2526 7530
f 7530 2526 2528
f 7530 2528 7531
f 7531 2528 2530
f 7531 2530 7532
f 7532 2530 2532
f 7532 2532 7533
f 7533 2532 2534
f 7533 2534 7534
f 7534 2534 2536
f 7534 2536 7535
f 7535 2536 2538
f 7535 2538 7536
f 7536 2538 2540
f 7536 2540 7537
f 7537 2540 2542
f 7537 2542 7538
f 7538 2542 2544
f 7538 2544 7539
f 7539 2544 2546
f 7539 2546 7540
f 7540 2546 2548
f 7540 2548 7541
f 7541 2548 2550
f 7541 2550 7542
f 7542 2550 2552
f 7542 2552 7543
f 7543 2552 2554
f 7543 2554 7544
f 7544 2554 2556
f 7544 2556 7545
f 7545 2556 2558
f 7545 2558 7546
f 7546 2558 2411
f 7546 2411 7547
f 7547 2411 2413
f 7547 2413 7548
f 7548 2413 2415
f 7548 2415 7549
f 7549 2415 2417
f 7549 2417 7550
f 7550 2417 2419
f 7550 2419 7551
f 7551 2419 2421
f 7551 2421 7552
f 7552 2421 2423
f 7552 2423 7553
f 7553 2423 2425
f 7553 2425 7554
f 7554 2425 2427
f 7554 2427 7555
f 7555 2427 2429
f 7555 2429 7556
f 7556 2429 2431
f 7556 2431 7557
f 7557 2431 2433
f 7557 2433 7558
f 7558 2433 2435
f 7558 2435 7559
f 7559 2435 2437
f 7559 2437 7560
f 7560 2437 2439
f 7560 2439 7561
f 7561 2439 2441
f 7561 2441 7562
f 7562 2441 2443
f 7562 2443 7563
f 7563 2443 2445
f 7563 2445 7564
f 7564 2445 2447
f 7564 2447 7565
f 7565 2447 2449
f 7565 2449 7492
f 7492 2449 2451
f 7566 5332 7567
f 7567 5332 5331
f 7567 5331 7568
f 7568 5331 5330
f 7568 5330 7569
f 7569 5330 5420
f 7569 5420 7570
f 7570 5420 5419
f 7570 5419 7571
f 7571 5419 5418
f 7571 5418 7572
f 7572 5418 5439
f 7572 5439 7573
f 7573 5439 5438
f 7573 5438 7574
f 7574 5438 5417
f 7574 5417 7575
f 7575 5417 5416
f 7575 5416 7576
f 7576 5416 5415
f 7576 5415 7577
f 7577 5415 5414
f 7577 5414 7578
f 7578 5414 5457
f 7578 5457 7579
f 7579 5457 5456
f 7579 5456 7580
f 7580 5456 5455
f 7580 5455 7581
f 7581 5455 5461
f 7581 5461 7582
f 7582 5461 5460
f 7582 5460 7583
f 7583 5460 5452
f 7583 5452 7584
f 7584 5452 5453
f 7584 5453 7585
f 7585 5453 5454
f 7585 5454 7586
f 7586 5454 5451
f 7586 5451 7587
f 7587 5451 5450
f 7587 5450 7588
f 7588 5450 5449
f 7588 5449 7589
f 7589 5449 5459
f 7589 5459 7590
f 7590 5459 5458
f 7590 5458 7591
f 7591 5458 5445
f 7591 5445 7592
f 7592 5445 5444
f 7592 5444 7593
f 7593 5444 5443
f 7593 5443 7594
f 7594 5443 5375
f 7594 5375 7595
f 7595 5375 5374
f 7595 5374 7596
f 7596 5374 5373
f 7596 5373 7597
f 7597 5373 5357
f 7597 5357 7598
f 7598 5357 5356
f 7598 5356 7599
f 7599 5356 5355
f 7599 5355 7600
f 7600 5355 5354
f 7600 5354 7601
f 7601 5354 5353
f 7601 5353 7602
f 7602 5353 5372
f 7602 5372 7603
f 7603 5372 5371
f 7603 5371 7604
f 7604 5371 5370
f 7604 5370 7605
f 7605 5370 5369
f 7605 5369 7606
f 7606 5369 5399
f 7606 5399 7607
f 7607 5399 5398
f 7607 5398 7608
f 7608 5398 5397
f 7608 5397 7609
f 7609 5397 5396
f 7609 5396 7610
f 7610 5396 5395
f 7610 5395 7611
f 7611 5395 5352
f 7611 5352 7612
f 7612 5352 5351
f 7612 5351 7613
f 7613 5351 5413
f 7613 5413 7614
f 7614 5413 5412
f 7614 5412 7615
f 7615 5412 5394
f 7615 5394 7616
f 7616 5394 5393
f 7616 5393 7617
f 7617 5393 5392
f 7617 5392 7618
f 7618 5392 5391
f 7618 5391 7619
f 7619 5391 5390
f 7619 5390 7620
f 7620 5390 5389
f 7620 5389 7621
f 7621 5389 5388
f 7621 5388 7622
f 7622 5388 5387
f 7622 5387 7623
f 7623 5387 5386
f 7623 5386 7624
f 7624 5386 5385
f 7624 5385 7625
f 7625 5385 5384
f 7625 5384 7626
f 7626 5384 5383
f 7626 5383 7627
f 7627 5383 5382
f 7627 5382 7628
f 7628 5382 5336
f 7628 5336 7629
f 7629 5336 5335
f 7629 5335 7630
f 7630 5335 5334
f 7630 5334 7631
f 7631 5334 5320
f 7631 5320 7632
f 7632 5320 5319
f 7632 5319 7633
f 7633 5319 5350
f 7633 5350 7634
f 7634 5350 5349
f 7634 5349 7635
f 7635 5349 5329
f 7635 5329 7636
f 7636 5329 5328
f 7636 5328 7637
f 7637 5328 5333
f 7637 5333 7566
f 7566 5333 5332
f 7634 7635 7607
f 7569 7570 7571
f 7606 7607 7605
f 7605 7607 7567
f 7605 7567 7604
f 7604 7567 7603
f 7628 7629 7630
f 7599 7567 7568
f 7592 7593 7594
f 7602 7603 7601
f 7601 7603 7567
f 7601 7567 7600
f 7600 7567 7599
f 7608 7609 7610
f 7566 7567 7637
f 7637 7567 7607
f 7637 7607 7636
f 7636 7607 7635
f 7626 7627 7628
f 7633 7634 7632
f 7632 7634 7607
f 7632 7607 7631
f 7631 7607 7630
f 7572 7594 7571
f 7571 7594 7595
f 7571 7595 7596
f 7568 7569 7599
f 7599 7569 7571
f 7599 7571 7598
f 7598 7571 7596
f 7598 7596 7597
f 7575 7594 7574
f 7574 7594 7572
f 7574 7572 7573
f 7590 7591 7592
f 7607 7608 7630
f 7630 7608 7610
f 7630 7610 7628
f 7628 7610 7611
f 7575 7576 7577
f 7575 7577 7594
f 7594 7577 7578
f 7594 7578 7592
f 7622 7623 7614
f 7614 7623 7624
f 7614 7624 7625
f 7578 7579 7592
f 7592 7579 7580
f 7592 7580 7581
f 7617 7618 7616
f 7616 7618 7619
f 7621 7622 7620
f 7620 7622 7614
f 7620 7614 7619
f 7619 7614 7615
f 7619 7615 7616
f 7625 7626 7614
f 7614 7626 7628
f 7614 7628 7613
f 7613 7628 7611
f 7613 7611 7612
f 7584 7592 7583
f 7583 7592 7581
f 7583 7581 7582
f 7587 7588 7589
f 7589 7590 7587
f 7587 7590 7592
f 7587 7592 7586
f 7586 7592 7584
f 7586 7584 7585
f 1135 7638 7639
f 1135 7640 7641
f 7642 7640 1135
f 7639 7642 1135
f 1135 7643 7644
f 7645 7643 1135
f 7641 7645 1135
f 1135 7646 7647
f 7648 7646 1135
f 7644 7648 1135
f 1135 7649 2623
f 7650 7649 1135
f 7647 7650 1135
f 2622 2621 7651
f 2620 2619 7652
f 2612 2611 7653
f 7653 2611 7654
f 7655 7656 7657
f 7657 7656 7658
f 7657 7658 7654
f 7654 7658 7659
f 7654 7659 7653
f 7660 7661 7655
f 7655 7661 7662
f 7655 7662 7656
f 7663 7664 7660
f 7660 7664 7665
f 7660 7665 7661
f 7666 7667 7663
f 7663 7667 7668
f 7663 7668 7664
f 7669 7670 7671
f 7671 7670 7672
f 7671 7672 7666
f 7666 7672 7673
f 7666 7673 7667
f 7674 7675 7676
f 7676 7675 7677
f 7676 7677 7678
f 7678 7677 7679
f 7678 7679 7669
f 7669 7679 7680
f 7669 7680 7670
f 7681 7682 7674
f 7674 7682 7683
f 7674 7683 7675
f 7684 7685 7686
f 7686 7685 7687
f 7686 7687 7681
f 7681 7687 7688
f 7681 7688 7682
f 7689 7690 7684
f 7690 7689 7691
f 3705 7692 3703
f 3703 7692 7691
f 7693 7686 7694
f 7694 7686 7681
f 7694 7681 7695
f 7695 7681 7674
f 7695 7674 7696
f 7696 7674 7676
f 7696 7676 7697
f 7697 7676 7678
f 7697 7678 7698
f 7698 7678 7669
f 7698 7669 7699
f 7699 7669 7671
f 7699 7671 7700
f 7700 7671 7666
f 7700 7666 7701
f 7701 7666 7663
f 7701 7663 7702
f 7702 7663 7660
f 7702 7660 7703
f 7703 7660 7655
f 7703 7655 7704
f 7704 7655 7657
f 7704 7657 7652
f 7652 7657 7654
f 7652 7654 2620
f 2620 7654 2611
f 3695 3697 7705
f 7705 3697 3699
f 7705 3699 7706
f 7706 3699 3700
f 7706 3700 7691
f 7691 3700 3702
f 7691 3702 3703
f 7707 7693 7708
f 7708 7693 7694
f 7708 7694 7709
f 7709 7694 7695
f 7709 7695 7710
f 7710 7695 7696
f 7710 7696 7711
f 7711 7696 7697
f 7711 7697 7712
f 7712 7697 7698
f 7712 7698 7713
f 7713 7698 7699
f 7713 7699 7714
f 7714 7699 7700
f 7714 7700 7715
f 7715 7700 7701
f 7715 7701 7716
f 7716 7701 7702
f 7716 7702 7717
f 7717 7702 7703
f 7717 7703 7718
f 7718 7703 7704
f 7718 7704 7719
f 7719 7704 7652
f 7719 7652 2618
f 2618 7652 2619
f 3695 7705 3693
f 3693 7705 7720
f 3693 7720 3689
f 7721 7707 7722
f 7722 7707 7708
f 7722 7708 7723
f 7723 7708 7709
f 7723 7709 7724
f 7724 7709 7710
f 7724 7710 7725
f 7725 7710 7711
f 7725 7711 7726
f 7726 7711 7712
f 7726 7712 7727
f 7727 7712 7713
f 7727 7713 7728
f 7728 7713 7714
f 7728 7714 7729
f 7729 7714 7715
f 7729 7715 7730
f 7730 7715 7716
f 7730 7716 7731
f 7731 7716 7717
f 7731 7717 7732
f 7732 7717 7718
f 7732 7718 7733
f 7733 7718 7719
f 7733 7719 2617
f 2617 7719 2618
f 3688 3687 7734
f 7734 3687 3686
f 7734 3686 7720
f 7720 3686 3690
f 7720 3690 3689
f 7735 7721 7736
f 7736 7721 7722
f 7736 7722 7737
f 7737 7722 7723
f 7737 7723 7738
f 7738 7723 7724
f 7738 7724 7739
f 7739 7724 7725
f 7739 7725 7740
f 7740 7725 7726
f 7740 7726 7741
f 7741 7726 7727
f 7741 7727 7742
f 7742 7727 7728
f 7742 7728 7743
f 7743 7728 7729
f 7743 7729 7744
f 7744 7729 7730
f 7744 7730 7745
f 7745 7730 7731
f 7745 7731 7746
f 7746 7731 7732
f 7746 7732 7651
f 7651 7732 7733
f 7651 7733 2622
f 2622 7733 2617
f 3688 7734 3680
f 3680 7734 7747
f 3680 7747 3682
f 7748 7735 7749
f 7749 7735 7736
f 7749 7736 7750
f 7750 7736 7737
f 7750 7737 7751
f 7751 7737 7738
f 7751 7738 7752
f 7752 7738 7739
f 7752 7739 7753
f 7753 7739 7740
f 7753 7740 7754
f 7754 7740 7741
f 7754 7741 7755
f 7755 7741 7742
f 7755 7742 7756
f 7756 7742 7743
f 7756 7743 7757
f 7757 7743 7744
f 7757 7744 7758
f 7758 7744 7745
f 7758 7745 7759
f 7759 7745 7746
f 7759 7746 7760
f 7760 7746 7651
f 7760 7651 2624
f 2624 7651 2621
f 3682 7747 3684
f 3684 7747 7761
f 3684 7761 3685
f 7638 7748 7639
f 7639 7748 7749
f 7639 7749 7642
f 7642 7749 7750
f 7642 7750 7640
f 7640 7750 7751
f 7640 7751 7641
f 7641 7751 7752
f 7641 7752 7645
f 7645 7752 7753
f 7645 7753 7643
f 7643 7753 7754
f 7643 7754 7644
f 7644 7754 7755
f 7644 7755 7648
f 7648 7755 7756
f 7648 7756 7646
f 7646 7756 7757
f 7646 7757 7647
f 7647 7757 7758
f 7647 7758 7650
f 7650 7758 7759
f 7650 7759 7649
f 7649 7759 7760
f 7649 7760 2623
f 2623 7760 2624
f 7762 3676 7761
f 7761 3676 3678
f 7761 3678 3685
f 1135 3673 7762
f 7762 3673 3674
f 7762 3674 3676
f 7691 7689 7706
f 7706 7689 7763
f 7706 7763 7705
f 7705 7763 7764
f 7705 7764 7720
f 7720 7764 7765
f 7720 7765 7734
f 7734 7765 7766
f 7734 7766 7747
f 7747 7766 7767
f 7747 7767 7761
f 7761 7767 7768
f 7761 7768 7762
f 7762 7768 1135
f 7684 7686 7689
f 7689 7686 7693
f 7689 7693 7763
f 7763 7693 7707
f 7763 7707 7764
f 7764 7707 7721
f 7764 7721 7765
f 7765 7721 7735
f 7765 7735 7766
f 7766 7735 7748
f 7766 7748 7767
f 7767 7748 7638
f 7767 7638 7768
f 7768 7638 1135
f 7769 7770 7771
f 7772 7773 7774
f 7775 7776 7777
f 7778 2615 2616
f 7779 7780 7781
f 7782 7783 7784
f 7777 7776 7785
f 7785 7776 7786
f 7785 7786 7787
f 7787 7786 7788
f 7787 7788 7789
f 7789 7788 7790
f 7789 7790 7791
f 7792 7793 7794
f 2176 7795 7796
f 7797 7781 7798
f 7798 7781 7780
f 7798 7780 7778
f 7799 7784 7800
f 7800 7784 7783
f 7800 7783 7801
f 7802 7790 7803
f 7803 7790 7788
f 7803 7788 7804
f 7804 7788 7786
f 7804 7786 7805
f 7805 7786 7776
f 7805 7776 7806
f 7806 7776 7775
f 7806 7775 7807
f 7808 7794 7809
f 7809 7794 7793
f 7809 7793 7791
f 7810 7769 7811
f 7811 7769 7771
f 7811 7771 7812
f 7812 7771 7795
f 7813 3901 7796
f 7796 3901 3900
f 7796 3900 2176
f 7778 2616 7798
f 7798 2616 2613
f 7798 2613 7797
f 7797 2613 2612
f 7797 2612 7653
f 7653 7659 7797
f 7797 7659 7814
f 7797 7814 7781
f 7781 7814 7815
f 7781 7815 7779
f 7779 7815 7816
f 7659 7658 7814
f 7814 7658 7772
f 7814 7772 7815
f 7815 7772 7774
f 7815 7774 7816
f 7816 7774 7801
f 7658 7656 7772
f 7772 7656 7662
f 7772 7662 7773
f 7773 7662 7661
f 7773 7661 7665
f 7801 7774 7800
f 7800 7774 7773
f 7800 7773 7799
f 7799 7773 7665
f 7799 7665 7664
f 7664 7668 7799
f 7799 7668 7817
f 7799 7817 7784
f 7784 7817 7818
f 7784 7818 7782
f 7782 7818 7819
f 7668 7667 7817
f 7817 7667 7807
f 7817 7807 7818
f 7818 7807 7775
f 7818 7775 7819
f 7819 7775 7777
f 7667 7673 7807
f 7807 7673 7672
f 7807 7672 7806
f 7806 7672 7670
f 7806 7670 7805
f 7805 7670 7680
f 7805 7680 7804
f 7804 7680 7679
f 7804 7679 7803
f 7803 7679 7677
f 7803 7677 7802
f 7802 7677 7675
f 7802 7675 7683
f 7791 7790 7809
f 7809 7790 7802
f 7809 7802 7808
f 7808 7802 7683
f 7808 7683 7682
f 7682 7688 7808
f 7808 7688 7810
f 7808 7810 7794
f 7794 7810 7811
f 7794 7811 7792
f 7792 7811 7812
f 7688 7687 7810
f 7810 7687 7685
f 7810 7685 7769
f 7769 7685 7684
f 7769 7684 7770
f 7770 7684 7690
f 7770 7690 7691
f 7795 7771 7796
f 7796 7771 7770
f 7796 7770 7813
f 7813 7770 7691
f 7813 7691 7692
f 3705 3896 7692
f 7692 3896 3898
f 7692 3898 7813
f 7813 3898 3902
f 7813 3902 3901
f 2614 2615 7778
f 2614 7778 7820
f 7820 7778 7780
f 7820 7780 7821
f 7821 7780 7779
f 7821 7779 7822
f 7822 7779 7816
f 7822 7816 7823
f 7823 7816 7801
f 7823 7801 7824
f 7824 7801 7783
f 7824 7783 7825
f 7825 7783 7782
f 7825 7782 7826
f 7826 7782 7819
f 7826 7819 7827
f 7827 7819 7777
f 7827 7777 7828
f 7828 7777 7785
f 7828 7785 7829
f 7829 7785 7787
f 7829 7787 7830
f 7830 7787 7789
f 7830 7789 7831
f 7831 7789 7791
f 7831 7791 7832
f 7832 7791 7793
f 7832 7793 7833
f 7833 7793 7792
f 7833 7792 7834
f 7834 7792 7812
f 7834 7812 7835
f 7835 7812 7795
f 7835 7795 7836
f 7836 7795 2176
f 7836 2176 2175
f 2086 2084 7837
f 2088 2086 7838
f 2103 2088 7839
f 2105 2103 7840
f 2107 2105 7841
f 2109 2107 7842
f 2111 2109 7843
f 2113 2111 7844
f 2170 2113 7845
f 2169 2170 7846
f 2167 2169 7847
f 2165 2167 7848
f 2137 2165 7849
f 2175 2137 7850
f 2175 7850 7836
f 7836 7850 7851
f 7836 7851 7835
f 7835 7851 7852
f 7835 7852 7834
f 7834 7852 7853
f 7834 7853 7833
f 7833 7853 7854
f 7833 7854 7832
f 7832 7854 7855
f 7832 7855 7831
f 7831 7855 7856
f 7831 7856 7830
f 7830 7856 7857
f 7830 7857 7829
f 7829 7857 7858
f 7829 7858 7828
f 7828 7858 7859
f 7828 7859 7827
f 7827 7859 7860
f 7827 7860 7826
f 7826 7860 7861
f 7826 7861 7825
f 7825 7861 7862
f 7825 7862 7824
f 7824 7862 7863
f 7824 7863 7823
f 7823 7863 7864
f 7823 7864 7822
f 7822 7864 7865
f 7822 7865 7821
f 7821 7865 7866
f 7821 7866 7820
f 7820 7866 5217
f 7820 5217 2614
f 2137 7849 7850
f 7850 7849 7867
f 7850 7867 7851
f 7851 7867 7868
f 7851 7868 7852
f 7852 7868 7869
f 7852 7869 7853
f 7853 7869 7870
f 7853 7870 7854
f 7854 7870 7871
f 7854 7871 7855
f 7855 7871 7872
f 7855 7872 7856
f 7856 7872 7873
f 7856 7873 7857
f 7857 7873 7874
f 7857 7874 7858
f 7858 7874 7875
f 7858 7875 7859
f 7859 7875 7876
f 7859 7876 7860
f 7860 7876 7877
f 7860 7877 7861
f 7861 7877 7878
f 7861 7878 7862
f 7862 7878 7879
f 7862 7879 7863
f 7863 7879 7880
f 7863 7880 7864
f 7864 7880 7881
f 7864 7881 7865
f 7865 7881 7882
f 7865 7882 7866
f 7866 7882 5218
f 7866 5218 5217
f 2165 7848 7849
f 7849 7848 7883
f 7849 7883 7867
f 7867 7883 7884
f 7867 7884 7868
f 7868 7884 7885
f 7868 7885 7869
f 7869 7885 7886
f 7869 7886 7870
f 7870 7886 7887
f 7870 7887 7871
f 7871 7887 7888
f 7871 7888 7872
f 7872 7888 7889
f 7872 7889 7873
f 7873 7889 7890
f 7873 7890 7874
f 7874 7890 7891
f 7874 7891 7875
f 7875 7891 7892
f 7875 7892 7876
f 7876 7892 7893
f 7876 7893 7877
f 7877 7893 7894
f 7877 7894 7878
f 7878 7894 7895
f 7878 7895 7879
f 7879 7895 7896
f 7879 7896 7880
f 7880 7896 7897
f 7880 7897 7881
f 7881 7897 7898
f 7881 7898 7882
f 7882 7898 5219
f 7882 5219 5218
f 2167 7847 7848
f 7848 7847 7899
f 7848 7899 7883
f 7883 7899 7900
f 7883 7900 7884
f 7884 7900 7901
f 7884 7901 7885
f 7885 7901 7902
f 7885 7902 7886
f 7886 7902 7903
f 7886 7903 7887
f 7887 7903 7904
f 7887 7904 7888
f 7888 7904 7905
f 7888 7905 7889
f 7889 7905 7906
f 7889 7906 7890
f 7890 7906 7907
f 7890 7907 7891
f 7891 7907 7908
f 7891 7908 7892
f 7892 7908 7909
f 7892 7909 7893
f 7893 7909 7910
f 7893 7910 7894
f 7894 7910 7911
f 7894 7911 7895
f 7895 7911 7912
f 7895 7912 7896
f 7896 7912 7913
f 7896 7913 7897
f 7897 7913 7914
f 7897 7914 7898
f 7898 7914 5220
f 7898 5220 5219
f 2169 7846 7847
f 7847 7846 7915
f 7847 7915 7899
f 7899 7915 7916
f 7899 7916 7900
f 7900 7916 7917
f 7900 7917 7901
f 7901 7917 7918
f 7901 7918 7902
f 7902 7918 7919
f 7902 7919 7903
f 7903 7919 7920
f 7903 7920 7904
f 7904 7920 7921
f 7904 7921 7905
f 7905 7921 7922
f 7905 7922 7906
f 7906 7922 7923
f 7906 7923 7907
f 7907 7923 7924
f 7907 7924 7908
f 7908 7924 7925
f 7908 7925 7909
f 7909 7925 7926
f 7909 7926 7910
f 7910 7926 7927
f 7910 7927 7911
f 7911 7927 7928
f 7911 7928 7912
f 7912 7928 7929
f 7912 7929 7913
f 7913 7929 7930
f 7913 7930 7914
f 7914 7930 5221
f 7914 5221 5220
f 2170 7845 7846
f 7846 7845 7931
f 7846 7931 7915
f 7915 7931 7932
f 7915 7932 7916
f 7916 7932 7933
f 7916 7933 7917
f 7917 7933 7934
f 7917 7934 7918
f 7918 7934 7935
f 7918 7935 7919
f 7919 7935 7936
f 7919 7936 7920
f 7920 7936 7937
f 7920 7937 7921
f 7921 7937 7938
f 7921 7938 7922
f 7922 7938 7939
f 7922 7939 7923
f 7923 7939 7940
f 7923 7940 7924
f 7924 7940 7941
f 7924 7941 7925
f 7925 7941 7942
f 7925 7942 7926
f 7926 7942 7943
f 7926 7943 7927
f 7927 7943 7944
f 7927 7944 7928
f 7928 7944 7945
f 7928 7945 7929
f 7929 7945 7946
f 7929 7946 7930
f 7930 7946 5222
f 7930 5222 5221
f 2113 7844 7845
f 7845 7844 7947
f 7845 7947 7931
f 7931 7947 7948
f 7931 7948 7932
f 7932 7948 7949
f 7932 7949 7933
f 7933 7949 7950
f 7933 7950 7934
f 7934 7950 7951
f 7934 7951 7935
f 7935 7951 7952
f 7935 7952 7936
f 7936 7952 7953
f 7936 7953 7937
f 7937 7953 7954
f 7937 7954 7938
f 7938 7954 7955
f 7938 7955 7939
f 7939 7955 7956
f 7939 7956 7940
f 7940 7956 7957
f 7940 7957 7941
f 7941 7957 7958
f 7941 7958 7942
f 7942 7958 7959
f 7942 7959 7943
f 7943 7959 7960
f 7943 7960 7944
f 7944 7960 7961
f 7944 7961 7945
f 7945 7961 7962
f 7945 7962 7946
f 7946 7962 5223
f 7946 5223 5222
f 2111 7843 7844
f 7844 7843 7963
f 7844 7963 7947
f 7947 7963 7964
f 7947 7964 7948
f 7948 7964 7965
f 7948 7965 7949
f 7949 7965 7966
f 7949 7966 7950
f 7950 7966 7967
f 7950 7967 7951
f 7951 7967 7968
f 7951 7968 7952
f 7952 7968 7969
f 7952 7969 7953
f 7953 7969 7970
f 7953 7970 7954
f 7954 7970 7971
f 7954 7971 7955
f 7955 7971 7972
f 7955 7972 7956
f 7956 7972 7973
f 7956 7973 7957
f 7957 7973 7974
f 7957 7974 7958
f 7958 7974 7975
f 7958 7975 7959
f 7959 7975 7976
f 7959 7976 7960
f 7960 7976 7977
f 7960 7977 7961
f 7961 7977 7978
f 7961 7978 7962
f 7962 7978 5224
f 7962 5224 5223
f 2109 7842 7843
f 7843 7842 7979
f 7843 7979 7963
f 7963 7979 7980
f 7963 7980 7964
f 7964 7980 7981
f 7964 7981 7965
f 7965 7981 7982
f 7965 7982 7966
f 7966 7982 7983
f 7966 7983 7967
f 7967 7983 7984
f 7967 7984 7968
f 7968 7984 7985
f 7968 7985 7969
f 7969 7985 7986
f 7969 7986 7970
f 7970 7986 7987
f 7970 7987 7971
f 7971 7987 7988
f 7971 7988 7972
f 7972 7988 7989
f 7972 7989 7973
f 7973 7989 7990
f 7973 7990 7974
f 7974 7990 7991
f 7974 7991 7975
f 7975 7991 7992
f 7975 7992 7976
f 7976 7992 7993
f 7976 7993 7977
f 7977 7993 7994
f 7977 7994 7978
f 7978 7994 5225
f 7978 5225 5224
f 2107 7841 7842
f 7842 7841 7995
f 7842 7995 7979
f 7979 7995 7996
f 7979 7996 7980
f 7980 7996 7997
f 7980 7997 7981
f 7981 7997 7998
f 7981 7998 7982
f 7982 7998 7999
f 7982 7999 7983
f 7983 7999 8000
f 7983 8000 7984
f 7984 8000 8001
f 7984 8001 7985
f 7985 8001 8002
f 7985 8002 7986
f 7986 8002 8003
f 7986 8003 7987
f 7987 8003 8004
f 7987 8004 7988
f 7988 8004 8005
f 7988 8005 7989
f 7989 8005 8006
f 7989 8006 7990
f 7990 8006 8007
f 7990 8007 7991
f 7991 8007 8008
f 7991 8008 7992
f 7992 8008 8009
f 7992 8009 7993
f 7993 8009 8010
f 7993 8010 7994
f 7994 8010 5226
f 7994 5226 5225
f 2105 7840 7841
f 7841 7840 8011
f 7841 8011 7995
f 7995 8011 8012
f 7995 8012 7996
f 7996 8012 8013
f 7996 8013 7997
f 7997 8013 8014
f 7997 8014 7998
f 7998 8014 8015
f 7998 8015 7999
f 7999 8015 8016
f 7999 8016 8000
f 8000 8016 8017
f 8000 8017 8001
f 8001 8017 8018
f 8001 8018 8002
f 8002 8018 8019
f 8002 8019 8003
f 8003 8019 8020
f 8003 8020 8004
f 8004 8020 8021
f 8004 8021 8005
f 8005 8021 8022
f 8005 8022 8006
f 8006 8022 8023
f 8006 8023 8007
f 8007 8023 8024
f 8007 8024 8008
f 8008 8024 8025
f 8008 8025 8009
f 8009 8025 8026
f 8009 8026 8010
f 8010 8026 5227
f 8010 5227 5226
f 2103 7839 7840
f 7840 7839 8027
f 7840 8027 8011
f 8011 8027 8028
f 8011 8028 8012
f 8012 8028 8029
f 8012 8029 8013
f 8013 8029 8030
f 8013 8030 8014
f 8014 8030 8031
f 8014 8031 8015
f 8015 8031 8032
f 8015 8032 8016
f 8016 8032 8033
f 8016 8033 8017
f 8017 8033 8034
f 8017 8034 8018
f 8018 8034 8035
f 8018 8035 8019
f 8019 8035 8036
f 8019 8036 8020
f 8020 8036 8037
f 8020 8037 8021
f 8021 8037 8038
f 8021 8038 8022
f 8022 8038 8039
f 8022 8039 8023
f 8023 8039 8040
f 8023 8040 8024
f 8024 8040 8041
f 8024 8041 8025
f 8025 8041 8042
f 8025 8042 8026
f 8026 8042 5228
f 8026 5228 5227
f 2088 7838 7839
f 7839 7838 8043
f 7839 8043 8027
f 8027 8043 8044
f 8027 8044 8028
f 8028 8044 8045
f 8028 8045 8029
f 8029 8045 8046
f 8029 8046 8030
f 8030 8046 8047
f 8030 8047 8031
f 8031 8047 8048
f 8031 8048 8032
f 8032 8048 8049
f 8032 8049 8033
f 8033 8049 8050
f 8033 8050 8034
f 8034 8050 8051
f 8034 8051 8035
f 8035 8051 8052
f 8035 8052 8036
f 8036 8052 8053
f 8036 8053 8037
f 8037 8053 8054
f 8037 8054 8038
f 8038 8054 8055
f 8038 8055 8039
f 8039 8055 8056
f 8039 8056 8040
f 8040 8056 8057
f 8040 8057 8041
f 8041 8057 8058
f 8041 8058 8042
f 8042 8058 5229
f 8042 5229 5228
f 2086 7837 7838
f 7838 7837 8059
f 7838 8059 8043
f 8043 8059 8060
f 8043 8060 8044
f 8044 8060 8061
f 8044 8061 8045
f 8045 8061 8062
f 8045 8062 8046
f 8046 8062 8063
f 8046 8063 8047
f 8047 8063 8064
f 8047 8064 8048
f 8048 8064 8065
f 8048 8065 8049
f 8049 8065 8066
f 8049 8066 8050
f 8050 8066 8067
f 8050 8067 8051
f 8051 8067 8068
f 8051 8068 8052
f 8052 8068 8069
f 8052 8069 8053
f 8053 8069 8070
f 8053 8070 8054
f 8054 8070 8071
f 8054 8071 8055
f 8055 8071 8072
f 8055 8072 8056
f 8056 8072 8073
f 8056 8073 8057
f 8057 8073 8074
f 8057 8074 8058
f 8058 8074 2288
f 8058 2288 5229
f 2084 2068 8075
f 2139 8076 2093
f 2093 8076 8077
f 8076 8078 8077
f 8077 8078 8079
f 8077 8079 8080
f 8080 8079 8081
f 8080 8081 8082
f 8082 8081 8083
f 8082 8083 8084
f 8084 8083 8085
f 8084 8085 8086
f 8085 8087 8086
f 8086 8087 8088
f 8086 8088 8089
f 8088 8090 8089
f 8089 8090 8091
f 8089 8091 8092
f 8091 8093 8092
f 8092 8093 8094
f 8092 8094 8095
f 8094 8096 8095
f 8095 8096 8097
f 8095 8097 8098
f 8097 8099 8098
f 8098 8099 8100
f 8098 8100 8101
f 8100 8102 8101
f 8101 8102 8103
f 8101 8103 8104
f 8103 8105 8104
f 8104 8105 8106
f 8104 8106 8107
f 8106 8108 8107
f 8107 8108 8109
f 8107 8109 8110
f 8109 8111 8110
f 8110 8111 8112
f 8110 8112 8113
f 2084 8075 7837
f 7837 8075 8114
f 7837 8114 8059
f 8059 8114 8115
f 8059 8115 8060
f 8060 8115 8116
f 8060 8116 8061
f 8061 8116 8117
f 8061 8117 8062
f 8062 8117 8118
f 8062 8118 8063
f 8063 8118 8119
f 8063 8119 8064
f 8064 8119 8120
f 8064 8120 8065
f 8065 8120 8121
f 8065 8121 8066
f 8066 8121 8122
f 8066 8122 8067
f 8067 8122 8123
f 8067 8123 8068
f 8068 8123 8124
f 8068 8124 8069
f 8069 8124 8125
f 8069 8125 8070
f 8070 8125 8126
f 8070 8126 8071
f 8071 8126 8127
f 8071 8127 8072
f 8128 8127 8129
f 8129 8127 8126
f 8129 8126 8113
f 8113 8126 8125
f 8113 8125 8110
f 8110 8125 8124
f 8110 8124 8107
f 8107 8124 8123
f 8107 8123 8104
f 8104 8123 8122
f 8104 8122 8101
f 8101 8122 8121
f 8101 8121 8098
f 8098 8121 8120
f 8098 8120 8095
f 8095 8120 8119
f 8095 8119 8092
f 8092 8119 8118
f 8092 8118 8089
f 8089 8118 8117
f 8089 8117 8086
f 8086 8117 8116
f 8086 8116 8084
f 8084 8116 8115
f 8084 8115 8082
f 8082 8115 8114
f 8082 8114 8080
f 8080 8114 8075
f 8080 8075 8077
f 8077 8075 2068
f 8077 2068 2093
f 8130 8073 8072
f 8131 8128 8132
f 8132 8128 8129
f 8132 8129 8133
f 8133 8129 8113
f 8133 8113 8134
f 8134 8113 8112
f 8074 8073 8135
f 8135 8073 8130
f 8135 8130 8136
f 8136 2290 8135
f 8135 2290 2289
f 8135 2289 8074
f 8074 2289 2288
f 8072 8127 8130
f 8130 8127 8128
f 8130 8128 8136
f 8136 8128 8131
f 8136 8131 2290
f 2290 8131 8137
f 2290 8137 2291
f 4326 4327 8138
f 4329 4331 8139
f 4330 1387 1938
f 8140 1848 1368
f 1368 1848 1369
f 8141 1845 8142
f 8142 1845 1906
f 8142 1906 8140
f 8140 1906 1849
f 8140 1849 1848
f 8143 8144 1915
f 1915 1843 8143
f 8143 1843 1842
f 8143 1842 8141
f 8141 1842 1846
f 8141 1846 1845
f 8145 1921 8146
f 8146 1921 1920
f 8146 1920 8147
f 8147 1920 1919
f 8147 1919 8148
f 8148 1919 1918
f 8148 1918 8149
f 8149 1918 1917
f 8149 1917 8144
f 8144 1917 1916
f 8144 1916 1915
f 8150 1839 8151
f 8151 1839 1926
f 8151 1926 8145
f 8145 1926 1925
f 8145 1925 1921
f 8152 8153 1933
f 1933 1837 8152
f 8152 1837 1836
f 8152 1836 8150
f 8150 1836 1840
f 8150 1840 1839
f 8154 1936 8155
f 8155 1936 1935
f 8155 1935 8153
f 8153 1935 1934
f 8153 1934 1933
f 4331 4330 8139
f 8139 4330 1938
f 8139 1938 8154
f 8154 1938 1937
f 8154 1937 1936
f 4327 4329 8138
f 8138 4329 8139
f 8138 8139 8156
f 8156 8139 8154
f 8156 8154 8157
f 8157 8154 8155
f 8157 8155 8158
f 8158 8155 8153
f 8158 8153 8159
f 8159 8153 8152
f 8159 8152 8160
f 8160 8152 8150
f 8160 8150 8161
f 8161 8150 8151
f 8161 8151 8162
f 8162 8151 8145
f 8162 8145 8163
f 8163 8145 8146
f 8163 8146 8164
f 8164 8146 8147
f 8164 8147 8165
f 8165 8147 8148
f 8165 8148 8166
f 8166 8148 8149
f 8166 8149 8167
f 8167 8149 8144
f 8167 8144 8168
f 8168 8144 8143
f 8168 8143 8169
f 8169 8143 8141
f 8169 8141 8170
f 8170 8141 8142
f 8170 8142 8171
f 8171 8142 8140
f 8171 8140 1365
f 1365 8140 1368
f 2123 4326 8172
f 8172 4326 8138
f 8172 8138 8173
f 8173 8138 8156
f 8173 8156 8174
f 8174 8156 8157
f 8174 8157 8175
f 8175 8157 8158
f 8175 8158 8176
f 8176 8158 8159
f 8176 8159 8177
f 8177 8159 8160
f 8177 8160 8178
f 8178 8160 8161
f 8178 8161 8179
f 8179 8161 8162
f 8179 8162 8180
f 8180 8162 8163
f 8180 8163 8181
f 8181 8163 8164
f 8181 8164 8182
f 8182 8164 8165
f 8182 8165 8183
f 8183 8165 8166
f 8183 8166 8184
f 8184 8166 8167
f 8184 8167 8185
f 8185 8167 8168
f 8185 8168 8186
f 8186 8168 8169
f 8186 8169 8187
f 8187 8169 8170
f 8187 8170 8188
f 8188 8170 8171
f 8188 8171 1366
f 1366 8171 1365
f 8189 8190 8191
f 8131 8132 8192
f 8193 8194 8195
f 8196 8197 8198
f 8199 8200 8201
f 8202 8203 8204
f 8111 8109 8205
f 8206 8207 8208
f 8108 8106 8209
f 8210 8211 8212
f 8105 8103 8213
f 8214 8215 8216
f 8102 8100 8217
f 8218 8219 8220
f 8099 8097 8221
f 8222 8223 8224
f 8096 8094 8225
f 8226 8227 8228
f 8093 8091 8229
f 8230 8231 8232
f 8090 8088 8233
f 8234 8235 8236
f 8087 8085 8237
f 8238 8239 8240
f 8241 8242 8243
f 8244 8245 8246
f 8247 8248 8249
f 8078 8076 8250
f 2078 8251 2096
f 2096 8251 8252
f 2096 8252 2098
f 2098 8252 8253
f 2098 8253 2164
f 2164 8253 8254
f 2164 8254 2163
f 2163 8254 8255
f 2163 8255 2161
f 2161 8255 8256
f 2161 8256 2159
f 2159 8256 8257
f 2159 8257 2157
f 2157 8257 8258
f 2157 8258 2155
f 2155 8258 8259
f 2155 8259 2153
f 2153 8259 8260
f 2153 8260 2151
f 2151 8260 8261
f 2151 8261 2149
f 2149 8261 8262
f 2149 8262 2146
f 2146 8262 8263
f 2146 8263 2144
f 2144 8263 8250
f 2144 8250 2139
f 2139 8250 8076
f 8251 8247 8252
f 8252 8247 8249
f 8252 8249 8253
f 8253 8249 8264
f 8253 8264 8254
f 8254 8264 8265
f 8254 8265 8255
f 8255 8265 8266
f 8255 8266 8256
f 8256 8266 8267
f 8256 8267 8257
f 8257 8267 8268
f 8257 8268 8258
f 8258 8268 8269
f 8258 8269 8259
f 8259 8269 8270
f 8259 8270 8260
f 8260 8270 8271
f 8260 8271 8261
f 8261 8271 8272
f 8261 8272 8262
f 8262 8272 8273
f 8262 8273 8263
f 8263 8273 8274
f 8263 8274 8250
f 8250 8274 8275
f 8250 8275 8078
f 8078 8275 8079
f 8248 8244 8249
f 8249 8244 8246
f 8249 8246 8264
f 8264 8246 8276
f 8264 8276 8265
f 8265 8276 8277
f 8265 8277 8266
f 8266 8277 8278
f 8266 8278 8267
f 8267 8278 8279
f 8267 8279 8268
f 8268 8279 8280
f 8268 8280 8269
f 8269 8280 8281
f 8269 8281 8270
f 8270 8281 8282
f 8270 8282 8271
f 8271 8282 8283
f 8271 8283 8272
f 8272 8283 8284
f 8272 8284 8273
f 8273 8284 8285
f 8273 8285 8274
f 8274 8285 8286
f 8274 8286 8275
f 8275 8286 8287
f 8275 8287 8079
f 8079 8287 8081
f 8245 8241 8246
f 8246 8241 8243
f 8246 8243 8276
f 8276 8243 8288
f 8276 8288 8277
f 8277 8288 8289
f 8277 8289 8278
f 8278 8289 8290
f 8278 8290 8279
f 8279 8290 8291
f 8279 8291 8280
f 8280 8291 8292
f 8280 8292 8281
f 8281 8292 8293
f 8281 8293 8282
f 8282 8293 8294
f 8282 8294 8283
f 8283 8294 8295
f 8283 8295 8284
f 8284 8295 8296
f 8284 8296 8285
f 8285 8296 8297
f 8285 8297 8286
f 8286 8297 8298
f 8286 8298 8287
f 8287 8298 8299
f 8287 8299 8081
f 8081 8299 8083
f 8242 8238 8243
f 8243 8238 8240
f 8243 8240 8288
f 8288 8240 8300
f 8288 8300 8289
f 8289 8300 8301
f 8289 8301 8290
f 8290 8301 8302
f 8290 8302 8291
f 8291 8302 8303
f 8291 8303 8292
f 8292 8303 8304
f 8292 8304 8293
f 8293 8304 8305
f 8293 8305 8294
f 8294 8305 8306
f 8294 8306 8295
f 8295 8306 8307
f 8295 8307 8296
f 8296 8307 8308
f 8296 8308 8297
f 8297 8308 8309
f 8297 8309 8298
f 8298 8309 8310
f 8298 8310 8299
f 8299 8310 8237
f 8299 8237 8083
f 8083 8237 8085
f 8239 8234 8240
f 8240 8234 8236
f 8240 8236 8300
f 8300 8236 8311
f 8300 8311 8301
f 8301 8311 8312
f 8301 8312 8302
f 8302 8312 8313
f 8302 8313 8303
f 8303 8313 8314
f 8303 8314 8304
f 8304 8314 8315
f 8304 8315 8305
f 8305 8315 8316
f 8305 8316 8306
f 8306 8316 8317
f 8306 8317 8307
f 8307 8317 8318
f 8307 8318 8308
f 8308 8318 8319
f 8308 8319 8309
f 8309 8319 8320
f 8309 8320 8310
f 8310 8320 8321
f 8310 8321 8237
f 8237 8321 8233
f 8237 8233 8087
f 8087 8233 8088
f 8235 8230 8236
f 8236 8230 8232
f 8236 8232 8311
f 8311 8232 8322
f 8311 8322 8312
f 8312 8322 8323
f 8312 8323 8313
f 8313 8323 8324
f 8313 8324 8314
f 8314 8324 8325
f 8314 8325 8315
f 8315 8325 8326
f 8315 8326 8316
f 8316 8326 8327
f 8316 8327 8317
f 8317 8327 8328
f 8317 8328 8318
f 8318 8328 8329
f 8318 8329 8319
f 8319 8329 8330
f 8319 8330 8320
f 8320 8330 8331
f 8320 8331 8321
f 8321 8331 8332
f 8321 8332 8233
f 8233 8332 8229
f 8233 8229 8090
f 8090 8229 8091
f 8231 8226 8232
f 8232 8226 8228
f 8232 8228 8322
f 8322 8228 8333
f 8322 8333 8323
f 8323 8333 8334
f 8323 8334 8324
f 8324 8334 8335
f 8324 8335 8325
f 8325 8335 8336
f 8325 8336 8326
f 8326 8336 8337
f 8326 8337 8327
f 8327 8337 8338
f 8327 8338 8328
f 8328 8338 8339
f 8328 8339 8329
f 8329 8339 8340
f 8329 8340 8330
f 8330 8340 8341
f 8330 8341 8331
f 8331 8341 8342
f 8331 8342 8332
f 8332 8342 8343
f 8332 8343 8229
f 8229 8343 8225
f 8229 8225 8093
f 8093 8225 8094
f 8227 8222 8228
f 8228 8222 8224
f 8228 8224 8333
f 8333 8224 8344
f 8333 8344 8334
f 8334 8344 8345
f 8334 8345 8335
f 8335 8345 8346
f 8335 8346 8336
f 8336 8346 8347
f 8336 8347 8337
f 8337 8347 8348
f 8337 8348 8338
f 8338 8348 8349
f 8338 8349 8339
f 8339 8349 8350
f 8339 8350 8340
f 8340 8350 8351
f 8340 8351 8341
f 8341 8351 8352
f 8341 8352 8342
f 8342 8352 8353
f 8342 8353 8343
f 8343 8353 8354
f 8343 8354 8225
f 8225 8354 8221
f 8225 8221 8096
f 8096 8221 8097
f 8223 8218 8224
f 8224 8218 8220
f 8224 8220 8344
f 8344 8220 8355
f 8344 8355 8345
f 8345 8355 8356
f 8345 8356 8346
f 8346 8356 8357
f 8346 8357 8347
f 8347 8357 8358
f 8347 8358 8348
f 8348 8358 8359
f 8348 8359 8349
f 8349 8359 8360
f 8349 8360 8350
f 8350 8360 8361
f 8350 8361 8351
f 8351 8361 8362
f 8351 8362 8352
f 8352 8362 8363
f 8352 8363 8353
f 8353 8363 8364
f 8353 8364 8354
f 8354 8364 8365
f 8354 8365 8221
f 8221 8365 8217
f 8221 8217 8099
f 8099 8217 8100
f 8219 8214 8220
f 8220 8214 8216
f 8220 8216 8355
f 8355 8216 8366
f 8355 8366 8356
f 8356 8366 8367
f 8356 8367 8357
f 8357 8367 8368
f 8357 8368 8358
f 8358 8368 8369
f 8358 8369 8359
f 8359 8369 8370
f 8359 8370 8360
f 8360 8370 8371
f 8360 8371 8361
f 8361 8371 8372
f 8361 8372 8362
f 8362 8372 8373
f 8362 8373 8363
f 8363 8373 8374
f 8363 8374 8364
f 8364 8374 8375
f 8364 8375 8365
f 8365 8375 8376
f 8365 8376 8217
f 8217 8376 8213
f 8217 8213 8102
f 8102 8213 8103
f 8215 8210 8216
f 8216 8210 8212
f 8216 8212 8366
f 8366 8212 8377
f 8366 8377 8367
f 8367 8377 8378
f 8367 8378 8368
f 8368 8378 8379
f 8368 8379 8369
f 8369 8379 8380
f 8369 8380 8370
f 8370 8380 8381
f 8370 8381 8371
f 8371 8381 8382
f 8371 8382 8372
f 8372 8382 8383
f 8372 8383 8373
f 8373 8383 8384
f 8373 8384 8374
f 8374 8384 8385
f 8374 8385 8375
f 8375 8385 8386
f 8375 8386 8376
f 8376 8386 8387
f 8376 8387 8213
f 8213 8387 8209
f 8213 8209 8105
f 8105 8209 8106
f 8211 8206 8212
f 8212 8206 8208
f 8212 8208 8377
f 8377 8208 8388
f 8377 8388 8378
f 8378 8388 8389
f 8378 8389 8379
f 8379 8389 8390
f 8379 8390 8380
f 8380 8390 8391
f 8380 8391 8381
f 8381 8391 8392
f 8381 8392 8382
f 8382 8392 8393
f 8382 8393 8383
f 8383 8393 8394
f 8383 8394 8384
f 8384 8394 8395
f 8384 8395 8385
f 8385 8395 8396
f 8385 8396 8386
f 8386 8396 8397
f 8386 8397 8387
f 8387 8397 8398
f 8387 8398 8209
f 8209 8398 8205
f 8209 8205 8108
f 8108 8205 8109
f 8207 8202 8208
f 8208 8202 8204
f 8208 8204 8388
f 8388 8204 8399
f 8388 8399 8389
f 8389 8399 8400
f 8389 8400 8390
f 8390 8400 8401
f 8390 8401 8391
f 8391 8401 8402
f 8391 8402 8392
f 8392 8402 8403
f 8392 8403 8393
f 8393 8403 8404
f 8393 8404 8394
f 8394 8404 8405
f 8394 8405 8395
f 8395 8405 8406
f 8395 8406 8396
f 8396 8406 8407
f 8396 8407 8397
f 8397 8407 8408
f 8397 8408 8398
f 8398 8408 8409
f 8398 8409 8205
f 8205 8409 8410
f 8205 8410 8111
f 8111 8410 8112
f 8203 8199 8204
f 8204 8199 8201
f 8204 8201 8399
f 8399 8201 8411
f 8399 8411 8400
f 8400 8411 8412
f 8400 8412 8401
f 8401 8412 8413
f 8401 8413 8402
f 8402 8413 8414
f 8402 8414 8403
f 8403 8414 8415
f 8403 8415 8404
f 8404 8415 8416
f 8404 8416 8405
f 8405 8416 8417
f 8405 8417 8406
f 8406 8417 8418
f 8406 8418 8407
f 8407 8418 8419
f 8407 8419 8408
f 8408 8419 8420
f 8408 8420 8409
f 8409 8420 8421
f 8409 8421 8410
f 8410 8421 8422
f 8410 8422 8112
f 8112 8422 8134
f 8200 8196 8201
f 8201 8196 8198
f 8201 8198 8411
f 8411 8198 8423
f 8411 8423 8412
f 8412 8423 8424
f 8412 8424 8413
f 8413 8424 8425
f 8413 8425 8414
f 8414 8425 8426
f 8414 8426 8415
f 8415 8426 8427
f 8415 8427 8416
f 8416 8427 8428
f 8416 8428 8417
f 8417 8428 8429
f 8417 8429 8418
f 8418 8429 8430
f 8418 8430 8419
f 8419 8430 8431
f 8419 8431 8420
f 8420 8431 8432
f 8420 8432 8421
f 8421 8432 8433
f 8421 8433 8422
f 8422 8433 8434
f 8422 8434 8134
f 8134 8434 8133
f 8197 8193 8198
f 8198 8193 8195
f 8198 8195 8423
f 8423 8195 8435
f 8423 8435 8424
f 8424 8435 8436
f 8424 8436 8425
f 8425 8436 8437
f 8425 8437 8426
f 8426 8437 8438
f 8426 8438 8427
f 8427 8438 8439
f 8427 8439 8428
f 8428 8439 8440
f 8428 8440 8429
f 8429 8440 8441
f 8429 8441 8430
f 8430 8441 8442
f 8430 8442 8431
f 8431 8442 8443
f 8431 8443 8432
f 8432 8443 8444
f 8432 8444 8433
f 8433 8444 8445
f 8433 8445 8434
f 8434 8445 8192
f 8434 8192 8133
f 8133 8192 8132
f 8194 8189 8195
f 8195 8189 8191
f 8195 8191 8435
f 8435 8191 8446
f 8435 8446 8436
f 8436 8446 8447
f 8436 8447 8437
f 8437 8447 8448
f 8437 8448 8438
f 8438 8448 8449
f 8438 8449 8439
f 8439 8449 8450
f 8439 8450 8440
f 8440 8450 8451
f 8440 8451 8441
f 8441 8451 8452
f 8441 8452 8442
f 8442 8452 8453
f 8442 8453 8443
f 8443 8453 8454
f 8443 8454 8444
f 8444 8454 8455
f 8444 8455 8445
f 8445 8455 8456
f 8445 8456 8192
f 8192 8456 8457
f 8192 8457 8131
f 8131 8457 8137
f 8190 1367 8191
f 8191 1367 5243
f 8191 5243 8446
f 8446 5243 5244
f 8446 5244 8447
f 8447 5244 5245
f 8447 5245 8448
f 8448 5245 5246
f 8448 5246 8449
f 8449 5246 5247
f 8449 5247 8450
f 8450 5247 5248
f 8450 5248 8451
f 8451 5248 5249
f 8451 5249 8452
f 8452 5249 5250
f 8452 5250 8453
f 8453 5250 5251
f 8453 5251 8454
f 8454 5251 5252
f 8454 5252 8455
f 8455 5252 5253
f 8455 5253 8456
f 8456 5253 5254
f 8456 5254 8457
f 8457 5254 5255
f 8457 5255 8137
f 8137 5255 2291
f 8188 1366 1367
f 1367 8190 8188
f 8188 8190 8189
f 8188 8189 8187
f 8189 8194 8187
f 8187 8194 8193
f 8187 8193 8186
f 8193 8197 8186
f 8186 8197 8196
f 8186 8196 8185
f 8196 8200 8185
f 8185 8200 8199
f 8185 8199 8184
f 8199 8203 8184
f 8184 8203 8202
f 8184 8202 8183
f 8202 8207 8183
f 8183 8207 8206
f 8183 8206 8182
f 8206 8211 8182
f 8182 8211 8210
f 8182 8210 8181
f 8210 8215 8181
f 8181 8215 8214
f 8181 8214 8180
f 8214 8219 8180
f 8180 8219 8218
f 8180 8218 8179
f 8218 8223 8179
f 8179 8223 8222
f 8179 8222 8178
f 8178 8222 8227
f 8227 8226 8178
f 8178 8226 8231
f 8178 8231 8177
f 8231 8230 8177
f 8177 8230 8235
f 8177 8235 8176
f 8235 8234 8176
f 8176 8234 8239
f 8176 8239 8175
f 8239 8238 8175
f 8175 8238 8242
f 8175 8242 8174
f 8242 8241 8174
f 8174 8241 8245
f 8174 8245 8173
f 8245 8244 8173
f 8173 8244 8248
f 8173 8248 8172
f 8172 8248 8247
f 8172 8247 2123
f 2123 8247 8251
f 2123 8251 2078
f 5026 5027 8458
f 8459 8460 8461
f 5048 1006 8462
f 1006 8463 8464
f 8464 8463 8465
f 1006 8466 8467
f 8467 8466 8468
f 8469 5052 8462
f 8462 5052 5050
f 8462 5050 5048
f 1006 2599 8463
f 8463 2599 2598
f 8463 2598 8465
f 8465 2598 2597
f 1006 8470 8466
f 8466 8470 8471
f 8466 8471 8468
f 8468 8471 8472
f 8473 5047 8469
f 8469 5047 5053
f 8469 5053 5052
f 8474 2597 2600
f 1006 8475 8470
f 8470 8475 8476
f 8470 8476 8471
f 8471 8476 8477
f 8471 8477 8472
f 8472 8477 8478
f 5040 5039 8479
f 8479 5039 5043
f 8479 5043 8473
f 8473 5043 5045
f 8473 5045 5047
f 8474 2600 8480
f 8480 2600 2601
f 8480 2601 8481
f 1006 8482 8475
f 8475 8482 8483
f 8475 8483 8476
f 8476 8483 8484
f 8476 8484 8477
f 8477 8484 8485
f 8477 8485 8478
f 8478 8485 8486
f 5040 8479 5035
f 5035 8479 8487
f 5035 8487 5036
f 1006 8488 8482
f 8482 8488 8489
f 8482 8489 8483
f 8483 8489 8490
f 8483 8490 8484
f 8484 8490 8491
f 8484 8491 8485
f 8485 8491 8492
f 8485 8492 8486
f 8486 8492 8493
f 5036 8487 5038
f 5038 8487 8494
f 5038 8494 5034
f 2609 8495 2610
f 2610 8495 8496
f 2610 8496 2603
f 2603 8496 8481
f 2603 8481 2602
f 2602 8481 2601
f 8497 8474 8498
f 8498 8474 8480
f 8498 8480 8499
f 8499 8480 8481
f 8499 8481 8500
f 8500 8481 8496
f 8500 8496 8501
f 8501 8496 8495
f 8501 8495 8502
f 1006 8503 8504
f 8504 8503 8505
f 8504 8505 8506
f 8506 8505 8507
f 8506 8507 8508
f 8508 8507 8509
f 8508 8509 8510
f 8510 8509 8511
f 8510 8511 8512
f 8512 8511 8513
f 8512 8513 8514
f 8514 8513 8515
f 8514 8515 8516
f 1006 8517 8488
f 8488 8517 8518
f 8488 8518 8489
f 8489 8518 8519
f 8489 8519 8490
f 8490 8519 8520
f 8490 8520 8491
f 8491 8520 8521
f 8491 8521 8492
f 8492 8521 8522
f 8492 8522 8493
f 8493 8522 8523
f 8524 8460 8525
f 8525 8460 8459
f 8525 8459 8526
f 8527 8528 8529
f 8529 8528 8530
f 8529 8530 8531
f 8531 8530 8532
f 8531 8532 8533
f 8533 8532 8534
f 8533 8534 8535
f 8535 8534 8536
f 8535 8536 8537
f 8537 8536 8538
f 8537 8538 8539
f 1006 8540 8462
f 8462 8540 8541
f 8462 8541 8469
f 8469 8541 8542
f 8469 8542 8473
f 8473 8542 8543
f 8473 8543 8479
f 8479 8543 8544
f 8479 8544 8487
f 8487 8544 8545
f 8487 8545 8494
f 8494 8545 8546
f 8494 8546 8458
f 5027 5029 8458
f 8458 5029 5031
f 8458 5031 8494
f 8494 5031 5030
f 8494 5030 5034
f 2609 2608 8547
f 2609 8547 8495
f 8495 8547 8548
f 8495 8548 8502
f 8502 8548 8549
f 8502 8549 8550
f 8503 8497 8505
f 8505 8497 8498
f 8505 8498 8507
f 8507 8498 8499
f 8507 8499 8509
f 8509 8499 8500
f 8509 8500 8511
f 8511 8500 8501
f 8511 8501 8513
f 8513 8501 8502
f 8513 8502 8515
f 8515 8502 8550
f 8550 8551 8515
f 8515 8551 8552
f 8515 8552 8516
f 8516 8552 8553
f 8516 8553 8554
f 1006 8504 8517
f 8517 8504 8506
f 8517 8506 8518
f 8518 8506 8508
f 8518 8508 8519
f 8519 8508 8510
f 8519 8510 8520
f 8520 8510 8512
f 8520 8512 8521
f 8521 8512 8514
f 8521 8514 8522
f 8522 8514 8516
f 8522 8516 8523
f 8523 8516 8554
f 8523 8554 8555
f 2597 8474 8465
f 8465 8474 8497
f 8465 8497 8464
f 8464 8497 8503
f 8464 8503 1006
f 8556 8557 8558
f 8558 8557 8559
f 8558 8559 8560
f 8560 8559 8561
f 8560 8561 8562
f 8562 8561 8563
f 8562 8563 8564
f 8564 8563 8565
f 8564 8565 8566
f 8557 8567 8559
f 8559 8567 8526
f 8559 8526 8561
f 8561 8526 8459
f 8561 8459 8563
f 8563 8459 8461
f 8563 8461 8565
f 8567 8568 8526
f 8526 8568 8569
f 8526 8569 8525
f 8525 8569 8570
f 8525 8570 8524
f 8524 8570 8571
f 8524 8571 8572
f 8528 8566 8530
f 8530 8566 8565
f 8530 8565 8532
f 8532 8565 8461
f 8532 8461 8534
f 8534 8461 8460
f 8534 8460 8536
f 8536 8460 8524
f 8536 8524 8538
f 8538 8524 8572
f 8572 8573 8538
f 8538 8573 8574
f 8538 8574 8539
f 8539 8574 8575
f 8539 8575 8576
f 1006 8527 8577
f 8577 8527 8529
f 8577 8529 8578
f 8578 8529 8531
f 8578 8531 8579
f 8579 8531 8533
f 8579 8533 8580
f 8580 8533 8535
f 8580 8535 8581
f 8581 8535 8537
f 8581 8537 8582
f 8582 8537 8539
f 8582 8539 8583
f 8583 8539 8576
f 8583 8576 8584
f 8584 8546 8583
f 8583 8546 8545
f 8583 8545 8582
f 8582 8545 8544
f 8582 8544 8581
f 8581 8544 8543
f 8581 8543 8580
f 8580 8543 8542
f 8580 8542 8579
f 8579 8542 8541
f 8579 8541 8578
f 8578 8541 8540
f 8578 8540 8577
f 8577 8540 1006
f 8555 8556 8523
f 8523 8556 8558
f 8523 8558 8493
f 8493 8558 8560
f 8493 8560 8486
f 8486 8560 8562
f 8486 8562 8478
f 8478 8562 8564
f 8478 8564 8472
f 8472 8564 8566
f 8472 8566 8468
f 8468 8566 8528
f 8468 8528 8467
f 8467 8528 8527
f 8467 8527 1006
f 5022 8585 5023
f 5023 8585 8586
f 5023 8586 4877
f 5022 5026 8585
f 8585 5026 8458
f 8585 8458 8587
f 8587 8458 8546
f 8587 8546 8588
f 8588 8546 8584
f 4872 4873 8589
f 4875 4879 8590
f 4878 4877 8586
f 8591 8547 2607
f 2607 8547 2608
f 8592 8550 8593
f 8593 8550 8549
f 8593 8549 8591
f 8591 8549 8548
f 8591 8548 8547
f 8594 8595 8554
f 8554 8553 8594
f 8594 8553 8552
f 8594 8552 8592
f 8592 8552 8551
f 8592 8551 8550
f 8596 8569 8597
f 8597 8569 8568
f 8597 8568 8598
f 8598 8568 8567
f 8598 8567 8599
f 8599 8567 8557
f 8599 8557 8600
f 8600 8557 8556
f 8600 8556 8595
f 8595 8556 8555
f 8595 8555 8554
f 8601 8572 8602
f 8602 8572 8571
f 8602 8571 8596
f 8596 8571 8570
f 8596 8570 8569
f 8603 8604 8576
f 8576 8575 8603
f 8603 8575 8574
f 8603 8574 8601
f 8601 8574 8573
f 8601 8573 8572
f 8605 8587 8606
f 8606 8587 8588
f 8606 8588 8604
f 8604 8588 8584
f 8604 8584 8576
f 4879 4878 8590
f 8590 4878 8586
f 8590 8586 8605
f 8605 8586 8585
f 8605 8585 8587
f 4873 4875 8589
f 8589 4875 8590
f 8589 8590 8607
f 8607 8590 8605
f 8607 8605 8608
f 8608 8605 8606
f 8608 8606 8609
f 8609 8606 8604
f 8609 8604 8610
f 8610 8604 8603
f 8610 8603 8611
f 8611 8603 8601
f 8611 8601 8612
f 8612 8601 8602
f 8612 8602 8613
f 8613 8602 8596
f 8613 8596 8614
f 8614 8596 8597
f 8614 8597 8615
f 8615 8597 8598
f 8615 8598 8616
f 8616 8598 8599
f 8616 8599 8617
f 8617 8599 8600
f 8617 8600 8618
f 8618 8600 8595
f 8618 8595 8619
f 8619 8595 8594
f 8619 8594 8620
f 8620 8594 8592
f 8620 8592 8621
f 8621 8592 8593
f 8621 8593 8622
f 8622 8593 8591
f 8622 8591 2606
f 2606 8591 2607
f 2369 4872 8623
f 8623 4872 8589
f 8623 8589 8624
f 8624 8589 8607
f 8624 8607 8625
f 8625 8607 8608
f 8625 8608 8626
f 8626 8608 8609
f 8626 8609 8627
f 8627 8609 8610
f 8627 8610 8628
f 8628 8610 8611
f 8628 8611 8629
f 8629 8611 8612
f 8629 8612 8630
f 8630 8612 8613
f 8630 8613 8631
f 8631 8613 8614
f 8631 8614 8632
f 8632 8614 8615
f 8632 8615 8633
f 8633 8615 8616
f 8633 8616 8634
f 8634 8616 8617
f 8634 8617 8635
f 8635 8617 8618
f 8635 8618 8636
f 8636 8618 8619
f 8636 8619 8637
f 8637 8619 8620
f 8637 8620 8638
f 8638 8620 8621
f 8638 8621 8639
f 8639 8621 8622
f 8639 8622 2605
f 2605 8622 2606
f 2605 2604 8640
f 2605 8640 8639
f 8639 8640 8641
f 8639 8641 8638
f 8638 8641 8642
f 8638 8642 8637
f 8637 8642 8643
f 8637 8643 8636
f 8636 8643 8644
f 8636 8644 8635
f 8635 8644 8645
f 8635 8645 8634
f 8634 8645 8646
f 8634 8646 8633
f 8633 8646 8647
f 8633 8647 8632
f 8632 8647 8648
f 8632 8648 8631
f 8631 8648 8649
f 8631 8649 8630
f 8630 8649 8650
f 8630 8650 8629
f 8629 8650 8651
f 8629 8651 8628
f 8628 8651 8652
f 8628 8652 8627
f 8627 8652 8653
f 8627 8653 8626
f 8626 8653 8654
f 8626 8654 8625
f 8625 8654 8655
f 8625 8655 8624
f 8624 8655 8656
f 8624 8656 8623
f 8623 8656 2367
f 8623 2367 2369
f 2395 2367 8656
f 2393 2395 8657
f 2392 2393 8658
f 2390 2392 8659
f 2388 2390 8660
f 2386 2388 8661
f 2384 2386 8662
f 2382 2384 8663
f 2380 2382 8664
f 2378 2380 8665
f 2376 2378 8666
f 2361 2376 8667
f 2359 2361 8668
f 2321 2359 8669
f 2321 8669 8670
f 8670 8669 8671
f 8670 8671 8672
f 8672 8671 8673
f 8672 8673 8674
f 8674 8673 8675
f 8674 8675 8676
f 8676 8675 8677
f 8676 8677 8678
f 8678 8677 8679
f 8678 8679 8680
f 8680 8679 8681
f 8680 8681 8682
f 8682 8681 8683
f 8682 8683 8684
f 8684 8683 8685
f 8684 8685 8686
f 8686 8685 8687
f 8686 8687 8688
f 8688 8687 8689
f 8688 8689 8690
f 8690 8689 8691
f 8690 8691 8692
f 8692 8691 8693
f 8692 8693 8694
f 8694 8693 8695
f 8694 8695 8696
f 8696 8695 8697
f 8696 8697 8698
f 8698 8697 8699
f 8698 8699 8700
f 8700 8699 8701
f 8700 8701 8702
f 8702 8701 5281
f 8702 5281 2409
f 2359 8668 8669
f 8669 8668 8703
f 8669 8703 8671
f 8671 8703 8704
f 8671 8704 8673
f 8673 8704 8705
f 8673 8705 8675
f 8675 8705 8706
f 8675 8706 8677
f 8677 8706 8707
f 8677 8707 8679
f 8679 8707 8708
f 8679 8708 8681
f 8681 8708 8709
f 8681 8709 8683
f 8683 8709 8710
f 8683 8710 8685
f 8685 8710 8711
f 8685 8711 8687
f 8687 8711 8712
f 8687 8712 8689
f 8689 8712 8713
f 8689 8713 8691
f 8691 8713 8714
f 8691 8714 8693
f 8693 8714 8715
f 8693 8715 8695
f 8695 8715 8716
f 8695 8716 8697
f 8697 8716 8717
f 8697 8717 8699
f 8699 8717 8718
f 8699 8718 8701
f 8701 8718 5280
f 8701 5280 5281
f 2361 8667 8668
f 8668 8667 8719
f 8668 8719 8703
f 8703 8719 8720
f 8703 8720 8704
f 8704 8720 8721
f 8704 8721 8705
f 8705 8721 8722
f 8705 8722 8706
f 8706 8722 8723
f 8706 8723 8707
f 8707 8723 8724
f 8707 8724 8708
f 8708 8724 8725
f 8708 8725 8709
f 8709 8725 8726
f 8709 8726 8710
f 8710 8726 8727
f 8710 8727 8711
f 8711 8727 8728
f 8711 8728 8712
f 8712 8728 8729
f 8712 8729 8713
f 8713 8729 8730
f 8713 8730 8714
f 8714 8730 8731
f 8714 8731 8715
f 8715 8731 8732
f 8715 8732 8716
f 8716 8732 8733
f 8716 8733 8717
f 8717 8733 8734
f 8717 8734 8718
f 8718 8734 5279
f 8718 5279 5280
f 2376 8666 8667
f 8667 8666 8735
f 8667 8735 8719
f 8719 8735 8736
f 8719 8736 8720
f 8720 8736 8737
f 8720 8737 8721
f 8721 8737 8738
f 8721 8738 8722
f 8722 8738 8739
f 8722 8739 8723
f 8723 8739 8740
f 8723 8740 8724
f 8724 8740 8741
f 8724 8741 8725
f 8725 8741 8742
f 8725 8742 8726
f 8726 8742 8743
f 8726 8743 8727
f 8727 8743 8744
f 8727 8744 8728
f 8728 8744 8745
f 8728 8745 8729
f 8729 8745 8746
f 8729 8746 8730
f 8730 8746 8747
f 8730 8747 8731
f 8731 8747 8748
f 8731 8748 8732
f 8732 8748 8749
f 8732 8749 8733
f 8733 8749 8750
f 8733 8750 8734
f 8734 8750 5278
f 8734 5278 5279
f 2378 8665 8666
f 8666 8665 8751
f 8666 8751 8735
f 8735 8751 8752
f 8735 8752 8736
f 8736 8752 8753
f 8736 8753 8737
f 8737 8753 8754
f 8737 8754 8738
f 8738 8754 8755
f 8738 8755 8739
f 8739 8755 8756
f 8739 8756 8740
f 8740 8756 8757
f 8740 8757 8741
f 8741 8757 8758
f 8741 8758 8742
f 8742 8758 8759
f 8742 8759 8743
f 8743 8759 8760
f 8743 8760 8744
f 8744 8760 8761
f 8744 8761 8745
f 8745 8761 8762
f 8745 8762 8746
f 8746 8762 8763
f 8746 8763 8747
f 8747 8763 8764
f 8747 8764 8748
f 8748 8764 8765
f 8748 8765 8749
f 8749 8765 8766
f 8749 8766 8750
f 8750 8766 5277
f 8750 5277 5278
f 2380 8664 8665
f 8665 8664 8767
f 8665 8767 8751
f 8751 8767 8768
f 8751 8768 8752
f 8752 8768 8769
f 8752 8769 8753
f 8753 8769 8770
f 8753 8770 8754
f 8754 8770 8771
f 8754 8771 8755
f 8755 8771 8772
f 8755 8772 8756
f 8756 8772 8773
f 8756 8773 8757
f 8757 8773 8774
f 8757 8774 8758
f 8758 8774 8775
f 8758 8775 8759
f 8759 8775 8776
f 8759 8776 8760
f 8760 8776 8777
f 8760 8777 8761
f 8761 8777 8778
f 8761 8778 8762
f 8762 8778 8779
f 8762 8779 8763
f 8763 8779 8780
f 8763 8780 8764
f 8764 8780 8781
f 8764 8781 8765
f 8765 8781 8782
f 8765 8782 8766
f 8766 8782 5276
f 8766 5276 5277
f 2382 8663 8664
f 8664 8663 8783
f 8664 8783 8767
f 8767 8783 8784
f 8767 8784 8768
f 8768 8784 8785
f 8768 8785 8769
f 8769 8785 8786
f 8769 8786 8770
f 8770 8786 8787
f 8770 8787 8771
f 8771 8787 8788
f 8771 8788 8772
f 8772 8788 8789
f 8772 8789 8773
f 8773 8789 8790
f 8773 8790 8774
f 8774 8790 8791
f 8774 8791 8775
f 8775 8791 8792
f 8775 8792 8776
f 8776 8792 8793
f 8776 8793 8777
f 8777 8793 8794
f 8777 8794 8778
f 8778 8794 8795
f 8778 8795 8779
f 8779 8795 8796
f 8779 8796 8780
f 8780 8796 8797
f 8780 8797 8781
f 8781 8797 8798
f 8781 8798 8782
f 8782 8798 5275
f 8782 5275 5276
f 2384 8662 8663
f 8663 8662 8799
f 8663 8799 8783
f 8783 8799 8800
f 8783 8800 8784
f 8784 8800 8801
f 8784 8801 8785
f 8785 8801 8802
f 8785 8802 8786
f 8786 8802 8803
f 8786 8803 8787
f 8787 8803 8804
f 8787 8804 8788
f 8788 8804 8805
f 8788 8805 8789
f 8789 8805 8806
f 8789 8806 8790
f 8790 8806 8807
f 8790 8807 8791
f 8791 8807 8808
f 8791 8808 8792
f 8792 8808 8809
f 8792 8809 8793
f 8793 8809 8810
f 8793 8810 8794
f 8794 8810 8811
f 8794 8811 8795
f 8795 8811 8812
f 8795 8812 8796
f 8796 8812 8813
f 8796 8813 8797
f 8797 8813 8814
f 8797 8814 8798
f 8798 8814 5274
f 8798 5274 5275
f 2386 8661 8662
f 8662 8661 8815
f 8662 8815 8799
f 8799 8815 8816
f 8799 8816 8800
f 8800 8816 8817
f 8800 8817 8801
f 8801 8817 8818
f 8801 8818 8802
f 8802 8818 8819
f 8802 8819 8803
f 8803 8819 8820
f 8803 8820 8804
f 8804 8820 8821
f 8804 8821 8805
f 8805 8821 8822
f 8805 8822 8806
f 8806 8822 8823
f 8806 8823 8807
f 8807 8823 8824
f 8807 8824 8808
f 8808 8824 8825
f 8808 8825 8809
f 8809 8825 8826
f 8809 8826 8810
f 8810 8826 8827
f 8810 8827 8811
f 8811 8827 8828
f 8811 8828 8812
f 8812 8828 8829
f 8812 8829 8813
f 8813 8829 8830
f 8813 8830 8814
f 8814 8830 5273
f 8814 5273 5274
f 2388 8660 8661
f 8661 8660 8831
f 8661 8831 8815
f 8815 8831 8832
f 8815 8832 8816
f 8816 8832 8833
f 8816 8833 8817
f 8817 8833 8834
f 8817 8834 8818
f 8818 8834 8835
f 8818 8835 8819
f 8819 8835 8836
f 8819 8836 8820
f 8820 8836 8837
f 8820 8837 8821
f 8821 8837 8838
f 8821 8838 8822
f 8822 8838 8839
f 8822 8839 8823
f 8823 8839 8840
f 8823 8840 8824
f 8824 8840 8841
f 8824 8841 8825
f 8825 8841 8842
f 8825 8842 8826
f 8826 8842 8843
f 8826 8843 8827
f 8827 8843 8844
f 8827 8844 8828
f 8828 8844 8845
f 8828 8845 8829
f 8829 8845 8846
f 8829 8846 8830
f 8830 8846 5272
f 8830 5272 5273
f 2390 8659 8660
f 8660 8659 8847
f 8660 8847 8831
f 8831 8847 8848
f 8831 8848 8832
f 8832 8848 8849
f 8832 8849 8833
f 8833 8849 8850
f 8833 8850 8834
f 8834 8850 8851
f 8834 8851 8835
f 8835 8851 8852
f 8835 8852 8836
f 8836 8852 8853
f 8836 8853 8837
f 8837 8853 8854
f 8837 8854 8838
f 8838 8854 8855
f 8838 8855 8839
f 8839 8855 8856
f 8839 8856 8840
f 8840 8856 8857
f 8840 8857 8841
f 8841 8857 8858
f 8841 8858 8842
f 8842 8858 8859
f 8842 8859 8843
f 8843 8859 8860
f 8843 8860 8844
f 8844 8860 8861
f 8844 8861 8845
f 8845 8861 8862
f 8845 8862 8846
f 8846 8862 5271
f 8846 5271 5272
f 2392 8658 8659
f 8659 8658 8863
f 8659 8863 8847
f 8847 8863 8864
f 8847 8864 8848
f 8848 8864 8865
f 8848 8865 8849
f 8849 8865 8866
f 8849 8866 8850
f 8850 8866 8867
f 8850 8867 8851
f 8851 8867 8868
f 8851 8868 8852
f 8852 8868 8869
f 8852 8869 8853
f 8853 8869 8870
f 8853 8870 8854
f 8854 8870 8871
f 8854 8871 8855
f 8855 8871 8872
f 8855 8872 8856
f 8856 8872 8873
f 8856 8873 8857
f 8857 8873 8874
f 8857 8874 8858
f 8858 8874 8875
f 8858 8875 8859
f 8859 8875 8876
f 8859 8876 8860
f 8860 8876 8877
f 8860 8877 8861
f 8861 8877 8878
f 8861 8878 8862
f 8862 8878 5270
f 8862 5270 5271
f 2393 8657 8658
f 8658 8657 8879
f 8658 8879 8863
f 8863 8879 8880
f 8863 8880 8864
f 8864 8880 8881
f 8864 8881 8865
f 8865 8881 8882
f 8865 8882 8866
f 8866 8882 8883
f 8866 8883 8867
f 8867 8883 8884
f 8867 8884 8868
f 8868 8884 8885
f 8868 8885 8869
f 8869 8885 8886
f 8869 8886 8870
f 8870 8886 8887
f 8870 8887 8871
f 8871 8887 8888
f 8871 8888 8872
f 8872 8888 8889
f 8872 8889 8873
f 8873 8889 8890
f 8873 8890 8874
f 8874 8890 8891
f 8874 8891 8875
f 8875 8891 8892
f 8875 8892 8876
f 8876 8892 8893
f 8876 8893 8877
f 8877 8893 8894
f 8877 8894 8878
f 8878 8894 5269
f 8878 5269 5270
f 2395 8656 8657
f 8657 8656 8655
f 8657 8655 8879
f 8879 8655 8654
f 8879 8654 8880
f 8880 8654 8653
f 8880 8653 8881
f 8881 8653 8652
f 8881 8652 8882
f 8882 8652 8651
f 8882 8651 8883
f 8883 8651 8650
f 8883 8650 8884
f 8884 8650 8649
f 8884 8649 8885
f 8885 8649 8648
f 8885 8648 8886
f 8886 8648 8647
f 8886 8647 8887
f 8887 8647 8646
f 8887 8646 8888
f 8888 8646 8645
f 8888 8645 8889
f 8889 8645 8644
f 8889 8644 8890
f 8890 8644 8643
f 8890 8643 8891
f 8891 8643 8642
f 8891 8642 8892
f 8892 8642 8641
f 8892 8641 8893
f 8893 8641 8640
f 8893 8640 8894
f 8894 8640 2604
f 8894 2604 5269
f 2311 2321 8670
f 2296 2311 8895
f 2308 2296 8896
f 2308 8896 8897
f 8897 8896 8898
f 8897 8898 8899
f 8899 8898 8900
f 8899 8900 8901
f 8901 8900 8902
f 8901 8902 8903
f 8903 8902 8904
f 8903 8904 8905
f 8905 8904 8906
f 8905 8906 8907
f 8907 8906 8908
f 8907 8908 8909
f 8909 8908 8910
f 8909 8910 8911
f 8911 8910 8912
f 8911 8912 8913
f 8913 8912 8914
f 8913 8914 8915
f 8915 8914 8916
f 8915 8916 8917
f 8917 8916 8918
f 8917 8918 8919
f 8919 8918 8920
f 8919 8920 8921
f 8921 8920 8922
f 8921 8922 8923
f 8923 8922 8924
f 8923 8924 8925
f 8925 8924 8926
f 8925 8926 8927
f 8927 8926 8928
f 8927 8928 8929
f 8929 8928 2408
f 8929 2408 2407
f 2296 8895 8896
f 8896 8895 8930
f 8896 8930 8898
f 8898 8930 8931
f 8898 8931 8900
f 8900 8931 8932
f 8900 8932 8902
f 8902 8932 8933
f 8902 8933 8904
f 8904 8933 8934
f 8904 8934 8906
f 8906 8934 8935
f 8906 8935 8908
f 8908 8935 8936
f 8908 8936 8910
f 8910 8936 8937
f 8910 8937 8912
f 8912 8937 8938
f 8912 8938 8914
f 8914 8938 8939
f 8914 8939 8916
f 8916 8939 8940
f 8916 8940 8918
f 8918 8940 8941
f 8918 8941 8920
f 8920 8941 8942
f 8920 8942 8922
f 8922 8942 8943
f 8922 8943 8924
f 8924 8943 8944
f 8924 8944 8926
f 8926 8944 8945
f 8926 8945 8928
f 8928 8945 2410
f 8928 2410 2408
f 2311 8670 8895
f 8895 8670 8672
f 8895 8672 8930
f 8930 8672 8674
f 8930 8674 8931
f 8931 8674 8676
f 8931 8676 8932
f 8932 8676 8678
f 8932 8678 8933
f 8933 8678 8680
f 8933 8680 8934
f 8934 8680 8682
f 8934 8682 8935
f 8935 8682 8684
f 8935 8684 8936
f 8936 8684 8686
f 8936 8686 8937
f 8937 8686 8688
f 8937 8688 8938
f 8938 8688 8690
f 8938 8690 8939
f 8939 8690 8692
f 8939 8692 8940
f 8940 8692 8694
f 8940 8694 8941
f 8941 8694 8696
f 8941 8696 8942
f 8942 8696 8698
f 8942 8698 8943
f 8943 8698 8700
f 8943 8700 8944
f 8944 8700 8702
f 8944 8702 8945
f 8945 8702 2409
f 8945 2409 2410
f 2331 2308 8897
f 2303 2331 8946
f 2345 2303 8947
f 2347 2345 8948
f 2349 2347 8949
f 2351 2349 8950
f 2353 2351 8951
f 2355 2353 8952
f 2356 2355 8953
f 2338 2356 8954
f 2340 2338 8955
f 2342 2340 8956
f 2370 2342 8957
f 2362 2370 8958
f 2362 8958 8959
f 8959 8958 8960
f 8959 8960 8961
f 8961 8960 8962
f 8961 8962 8963
f 8963 8962 8964
f 8963 8964 8965
f 8965 8964 8966
f 8965 8966 8967
f 8967 8966 8968
f 8967 8968 8969
f 8969 8968 8970
f 8969 8970 8971
f 8971 8970 8972
f 8971 8972 8973
f 8973 8972 8974
f 8973 8974 8975
f 8975 8974 8976
f 8975 8976 8977
f 8977 8976 8978
f 8977 8978 8979
f 8979 8978 8980
f 8979 8980 8981
f 8981 8980 8982
f 8981 8982 8983
f 8983 8982 8984
f 8983 8984 8985
f 8985 8984 8986
f 8985 8986 8987
f 8987 8986 8988
f 8987 8988 8989
f 8989 8988 8990
f 8989 8990 8991
f 8991 8990 5282
f 8991 5282 1269
f 2370 8957 8958
f 8958 8957 8992
f 8958 8992 8960
f 8960 8992 8993
f 8960 8993 8962
f 8962 8993 8994
f 8962 8994 8964
f 8964 8994 8995
f 8964 8995 8966
f 8966 8995 8996
f 8966 8996 8968
f 8968 8996 8997
f 8968 8997 8970
f 8970 8997 8998
f 8970 8998 8972
f 8972 8998 8999
f 8972 8999 8974
f 8974 8999 9000
f 8974 9000 8976
f 8976 9000 9001
f 8976 9001 8978
f 8978 9001 9002
f 8978 9002 8980
f 8980 9002 9003
f 8980 9003 8982
f 8982 9003 9004
f 8982 9004 8984
f 8984 9004 9005
f 8984 9005 8986
f 8986 9005 9006
f 8986 9006 8988
f 8988 9006 9007
f 8988 9007 8990
f 8990 9007 5283
f 8990 5283 5282
f 2342 8956 8957
f 8957 8956 9008
f 8957 9008 8992
f 8992 9008 9009
f 8992 9009 8993
f 8993 9009 9010
f 8993 9010 8994
f 8994 9010 9011
f 8994 9011 8995
f 8995 9011 9012
f 8995 9012 8996
f 8996 9012 9013
f 8996 9013 8997
f 8997 9013 9014
f 8997 9014 8998
f 8998 9014 9015
f 8998 9015 8999
f 8999 9015 9016
f 8999 9016 9000
f 9000 9016 9017
f 9000 9017 9001
f 9001 9017 9018
f 9001 9018 9002
f 9002 9018 9019
f 9002 9019 9003
f 9003 9019 9020
f 9003 9020 9004
f 9004 9020 9021
f 9004 9021 9005
f 9005 9021 9022
f 9005 9022 9006
f 9006 9022 9023
f 9006 9023 9007
f 9007 9023 5284
f 9007 5284 5283
f 2340 8955 8956
f 8956 8955 9024
f 8956 9024 9008
f 9008 9024 9025
f 9008 9025 9009
f 9009 9025 9026
f 9009 9026 9010
f 9010 9026 9027
f 9010 9027 9011
f 9011 9027 9028
f 9011 9028 9012
f 9012 9028 9029
f 9012 9029 9013
f 9013 9029 9030
f 9013 9030 9014
f 9014 9030 9031
f 9014 9031 9015
f 9015 9031 9032
f 9015 9032 9016
f 9016 9032 9033
f 9016 9033 9017
f 9017 9033 9034
f 9017 9034 9018
f 9018 9034 9035
f 9018 9035 9019
f 9019 9035 9036
f 9019 9036 9020
f 9020 9036 9037
f 9020 9037 9021
f 9021 9037 9038
f 9021 9038 9022
f 9022 9038 9039
f 9022 9039 9023
f 9023 9039 5285
f 9023 5285 5284
f 2338 8954 8955
f 8955 8954 9040
f 8955 9040 9024
f 9024 9040 9041
f 9024 9041 9025
f 9025 9041 9042
f 9025 9042 9026
f 9026 9042 9043
f 9026 9043 9027
f 9027 9043 9044
f 9027 9044 9028
f 9028 9044 9045
f 9028 9045 9029
f 9029 9045 9046
f 9029 9046 9030
f 9030 9046 9047
f 9030 9047 9031
f 9031 9047 9048
f 9031 9048 9032
f 9032 9048 9049
f 9032 9049 9033
f 9033 9049 9050
f 9033 9050 9034
f 9034 9050 9051
f 9034 9051 9035
f 9035 9051 9052
f 9035 9052 9036
f 9036 9052 9053
f 9036 9053 9037
f 9037 9053 9054
f 9037 9054 9038
f 9038 9054 9055
f 9038 9055 9039
f 9039 9055 5286
f 9039 5286 5285
f 2356 8953 8954
f 8954 8953 9056
f 8954 9056 9040
f 9040 9056 9057
f 9040 9057 9041
f 9041 9057 9058
f 9041 9058 9042
f 9042 9058 9059
f 9042 9059 9043
f 9043 9059 9060
f 9043 9060 9044
f 9044 9060 9061
f 9044 9061 9045
f 9045 9061 9062
f 9045 9062 9046
f 9046 9062 9063
f 9046 9063 9047
f 9047 9063 9064
f 9047 9064 9048
f 9048 9064 9065
f 9048 9065 9049
f 9049 9065 9066
f 9049 9066 9050
f 9050 9066 9067
f 9050 9067 9051
f 9051 9067 9068
f 9051 9068 9052
f 9052 9068 9069
f 9052 9069 9053
f 9053 9069 9070
f 9053 9070 9054
f 9054 9070 9071
f 9054 9071 9055
f 9055 9071 5287
f 9055 5287 5286
f 2355 8952 8953
f 8953 8952 9072
f 8953 9072 9056
f 9056 9072 9073
f 9056 9073 9057
f 9057 9073 9074
f 9057 9074 9058
f 9058 9074 9075
f 9058 9075 9059
f 9059 9075 9076
f 9059 9076 9060
f 9060 9076 9077
f 9060 9077 9061
f 9061 9077 9078
f 9061 9078 9062
f 9062 9078 9079
f 9062 9079 9063
f 9063 9079 9080
f 9063 9080 9064
f 9064 9080 9081
f 9064 9081 9065
f 9065 9081 9082
f 9065 9082 9066
f 9066 9082 9083
f 9066 9083 9067
f 9067 9083 9084
f 9067 9084 9068
f 9068 9084 9085
f 9068 9085 9069
f 9069 9085 9086
f 9069 9086 9070
f 9070 9086 9087
f 9070 9087 9071
f 9071 9087 5288
f 9071 5288 5287
f 2353 8951 8952
f 8952 8951 9088
f 8952 9088 9072
f 9072 9088 9089
f 9072 9089 9073
f 9073 9089 9090
f 9073 9090 9074
f 9074 9090 9091
f 9074 9091 9075
f 9075 9091 9092
f 9075 9092 9076
f 9076 9092 9093
f 9076 9093 9077
f 9077 9093 9094
f 9077 9094 9078
f 9078 9094 9095
f 9078 9095 9079
f 9079 9095 9096
f 9079 9096 9080
f 9080 9096 9097
f 9080 9097 9081
f 9081 9097 9098
f 9081 9098 9082
f 9082 9098 9099
f 9082 9099 9083
f 9083 9099 9100
f 9083 9100 9084
f 9084 9100 9101
f 9084 9101 9085
f 9085 9101 9102
f 9085 9102 9086
f 9086 9102 9103
f 9086 9103 9087
f 9087 9103 5289
f 9087 5289 5288
f 2351 8950 8951
f 8951 8950 9104
f 8951 9104 9088
f 9088 9104 9105
f 9088 9105 9089
f 9089 9105 9106
f 9089 9106 9090
f 9090 9106 9107
f 9090 9107 9091
f 9091 9107 9108
f 9091 9108 9092
f 9092 9108 9109
f 9092 9109 9093
f 9093 9109 9110
f 9093 9110 9094
f 9094 9110 9111
f 9094 9111 9095
f 9095 9111 9112
f 9095 9112 9096
f 9096 9112 9113
f 9096 9113 9097
f 9097 9113 9114
f 9097 9114 9098
f 9098 9114 9115
f 9098 9115 9099
f 9099 9115 9116
f 9099 9116 9100
f 9100 9116 9117
f 9100 9117 9101
f 9101 9117 9118
f 9101 9118 9102
f 9102 9118 9119
f 9102 9119 9103
f 9103 9119 5290
f 9103 5290 5289
f 2349 8949 8950
f 8950 8949 9120
f 8950 9120 9104
f 9104 9120 9121
f 9104 9121 9105
f 9105 9121 9122
f 9105 9122 9106
f 9106 9122 9123
f 9106 9123 9107
f 9107 9123 9124
f 9107 9124 9108
f 9108 9124 9125
f 9108 9125 9109
f 9109 9125 9126
f 9109 9126 9110
f 9110 9126 9127
f 9110 9127 9111
f 9111 9127 9128
f 9111 9128 9112
f 9112 9128 9129
f 9112 9129 9113
f 9113 9129 9130
f 9113 9130 9114
f 9114 9130 9131
f 9114 9131 9115
f 9115 9131 9132
f 9115 9132 9116
f 9116 9132 9133
f 9116 9133 9117
f 9117 9133 9134
f 9117 9134 9118
f 9118 9134 9135
f 9118 9135 9119
f 9119 9135 5291
f 9119 5291 5290
f 2347 8948 8949
f 8949 8948 9136
f 8949 9136 9120
f 9120 9136 9137
f 9120 9137 9121
f 9121 9137 9138
f 9121 9138 9122
f 9122 9138 9139
f 9122 9139 9123
f 9123 9139 9140
f 9123 9140 9124
f 9124 9140 9141
f 9124 9141 9125
f 9125 9141 9142
f 9125 9142 9126
f 9126 9142 9143
f 9126 9143 9127
f 9127 9143 9144
f 9127 9144 9128
f 9128 9144 9145
f 9128 9145 9129
f 9129 9145 9146
f 9129 9146 9130
f 9130 9146 9147
f 9130 9147 9131
f 9131 9147 9148
f 9131 9148 9132
f 9132 9148 9149
f 9132 9149 9133
f 9133 9149 9150
f 9133 9150 9134
f 9134 9150 9151
f 9134 9151 9135
f 9135 9151 5292
f 9135 5292 5291
f 2345 8947 8948
f 8948 8947 9152
f 8948 9152 9136
f 9136 9152 9153
f 9136 9153 9137
f 9137 9153 9154
f 9137 9154 9138
f 9138 9154 9155
f 9138 9155 9139
f 9139 9155 9156
f 9139 9156 9140
f 9140 9156 9157
f 9140 9157 9141
f 9141 9157 9158
f 9141 9158 9142
f 9142 9158 9159
f 9142 9159 9143
f 9143 9159 9160
f 9143 9160 9144
f 9144 9160 9161
f 9144 9161 9145
f 9145 9161 9162
f 9145 9162 9146
f 9146 9162 9163
f 9146 9163 9147
f 9147 9163 9164
f 9147 9164 9148
f 9148 9164 9165
f 9148 9165 9149
f 9149 9165 9166
f 9149 9166 9150
f 9150 9166 9167
f 9150 9167 9151
f 9151 9167 5293
f 9151 5293 5292
f 2303 8946 8947
f 8947 8946 9168
f 8947 9168 9152
f 9152 9168 9169
f 9152 9169 9153
f 9153 9169 9170
f 9153 9170 9154
f 9154 9170 9171
f 9154 9171 9155
f 9155 9171 9172
f 9155 9172 9156
f 9156 9172 9173
f 9156 9173 9157
f 9157 9173 9174
f 9157 9174 9158
f 9158 9174 9175
f 9158 9175 9159
f 9159 9175 9176
f 9159 9176 9160
f 9160 9176 9177
f 9160 9177 9161
f 9161 9177 9178
f 9161 9178 9162
f 9162 9178 9179
f 9162 9179 9163
f 9163 9179 9180
f 9163 9180 9164
f 9164 9180 9181
f 9164 9181 9165
f 9165 9181 9182
f 9165 9182 9166
f 9166 9182 9183
f 9166 9183 9167
f 9167 9183 5294
f 9167 5294 5293
f 2331 8897 8946
f 8946 8897 8899
f 8946 8899 9168
f 9168 8899 8901
f 9168 8901 9169
f 9169 8901 8903
f 9169 8903 9170
f 9170 8903 8905
f 9170 8905 9171
f 9171 8905 8907
f 9171 8907 9172
f 9172 8907 8909
f 9172 8909 9173
f 9173 8909 8911
f 9173 8911 9174
f 9174 8911 8913
f 9174 8913 9175
f 9175 8913 8915
f 9175 8915 9176
f 9176 8915 8917
f 9176 8917 9177
f 9177 8917 8919
f 9177 8919 9178
f 9178 8919 8921
f 9178 8921 9179
f 9179 8921 8923
f 9179 8923 9180
f 9180 8923 8925
f 9180 8925 9181
f 9181 8925 8927
f 9181 8927 9182
f 9182 8927 8929
f 9182 8929 9183
f 9183 8929 2407
f 9183 2407 5294
f 1269 1268 9184
f 1269 9184 8991
f 8991 9184 9185
f 8991 9185 8989
f 8989 9185 9186
f 8989 9186 8987
f 8987 9186 9187
f 8987 9187 8985
f 8985 9187 9188
f 8985 9188 8983
f 8983 9188 9189
f 8983 9189 8981
f 8981 9189 9190
f 8981 9190 8979
f 8979 9190 9191
f 8979 9191 8977
f 8977 9191 9192
f 8977 9192 8975
f 8975 9192 9193
f 8975 9193 8973
f 8973 9193 9194
f 8973 9194 8971
f 8971 9194 9195
f 8971 9195 8969
f 8969 9195 9196
f 8969 9196 8967
f 8967 9196 9197
f 8967 9197 8965
f 8965 9197 9198
f 8965 9198 8963
f 8963 9198 9199
f 8963 9199 8961
f 8961 9199 9200
f 8961 9200 8959
f 8959 9200 2363
f 8959 2363 2362
f 9201 9202 9203
f 9204 9205 9206
f 9207 9208 9209
f 9209 9210 9190
f 9184 9211 9185
f 9185 9211 9212
f 9185 9212 9186
f 9186 9212 9213
f 9186 9213 9187
f 9189 9188 9214
f 9190 9210 9191
f 9191 9210 9215
f 9191 9215 9192
f 9192 9215 9216
f 9192 9216 9193
f 9193 9216 9217
f 9193 9217 9194
f 9194 9217 9218
f 9194 9218 9195
f 9199 9198 9219
f 9220 9213 9221
f 9221 9213 9212
f 9221 9212 9222
f 9222 9212 9211
f 9223 9214 9224
f 9224 9214 9188
f 9224 9188 9187
f 9209 9208 9210
f 9210 9208 9225
f 9210 9225 9215
f 9215 9225 9226
f 9215 9226 9216
f 9216 9226 9227
f 9216 9227 9217
f 9217 9227 9228
f 9217 9228 9218
f 9229 9219 9230
f 9230 9219 9198
f 9230 9198 9197
f 4460 4464 9202
f 9202 4464 4463
f 9202 4463 9203
f 9203 4463 4462
f 9203 4462 2363
f 1271 9222 1272
f 1272 9222 9211
f 1272 9211 1273
f 1273 9211 9184
f 1273 9184 1268
f 1271 1977 9222
f 9222 1977 1983
f 9222 1983 9221
f 9221 1983 1982
f 9221 1982 9220
f 9220 1982 1980
f 9220 1980 1986
f 9187 9213 9224
f 9224 9213 9220
f 9224 9220 9223
f 9223 9220 1986
f 9223 1986 1985
f 1985 1989 9223
f 9223 1989 9207
f 9223 9207 9214
f 9214 9207 9209
f 9214 9209 9189
f 9189 9209 9190
f 1994 9228 1996
f 1996 9228 9227
f 1996 9227 1998
f 1998 9227 9226
f 1998 9226 1999
f 1999 9226 9225
f 1999 9225 1991
f 1991 9225 9208
f 1991 9208 1992
f 1992 9208 9207
f 1992 9207 1988
f 1988 9207 1989
f 1994 2004 9228
f 9228 2004 9231
f 9228 9231 9218
f 9218 9231 9232
f 9218 9232 9195
f 9195 9232 9196
f 2004 2003 9231
f 9231 2003 9204
f 9231 9204 9232
f 9232 9204 9206
f 9232 9206 9196
f 9196 9206 9197
f 2003 2001 9204
f 9204 2001 2007
f 9204 2007 9205
f 9205 2007 2006
f 9205 2006 2010
f 9197 9206 9230
f 9230 9206 9205
f 9230 9205 9229
f 9229 9205 2010
f 9229 2010 2009
f 2009 2013 9229
f 9229 2013 9233
f 9229 9233 9219
f 9219 9233 9234
f 9219 9234 9199
f 9199 9234 9200
f 2013 2012 9233
f 9233 2012 9201
f 9233 9201 9234
f 9234 9201 9203
f 9234 9203 9200
f 9200 9203 2363
f 2014 1699 4458
f 4458 4460 2014
f 2014 4460 9202
f 2014 9202 1945
f 1945 9202 9201
f 1945 9201 2011
f 2011 9201 2012
f 9235 9236 9237
f 9238 9239 9240
f 9241 9242 9243
f 3502 3500 9244
f 9244 3500 1135
f 1135 9245 9246
f 9246 9245 9247
f 3502 9244 3504
f 3504 9244 9248
f 3504 9248 3505
f 1135 9249 9245
f 9245 9249 9250
f 9245 9250 9247
f 9247 9250 9251
f 3505 9248 3499
f 3499 9248 9252
f 3499 9252 3497
f 1135 9253 9249
f 9249 9253 9254
f 9249 9254 9250
f 9250 9254 9255
f 9250 9255 9251
f 9251 9255 9256
f 3497 9252 3495
f 3495 9252 9257
f 3495 9257 3491
f 1135 2625 9258
f 9258 2625 2629
f 9258 2629 9259
f 9259 2629 2628
f 9259 2628 9260
f 9260 2628 2627
f 9260 2627 9261
f 9261 2627 2626
f 9261 2626 9262
f 1135 9263 9253
f 9253 9263 9264
f 9253 9264 9254
f 9254 9264 9265
f 9254 9265 9255
f 9255 9265 9266
f 9255 9266 9256
f 9256 9266 9267
f 9268 3487 9257
f 9257 3487 3492
f 9257 3492 3491
f 1135 9269 9263
f 9263 9269 9270
f 9263 9270 9264
f 9264 9270 9271
f 9264 9271 9265
f 9265 9271 9272
f 9265 9272 9266
f 9266 9272 9273
f 9266 9273 9267
f 9267 9273 9274
f 3482 3486 9275
f 9275 3486 3490
f 9275 3490 9268
f 9268 3490 3488
f 9268 3488 3487
f 1135 9276 9277
f 9277 9276 9278
f 9277 9278 9279
f 9279 9278 9280
f 9279 9280 9281
f 9281 9280 9282
f 9281 9282 9283
f 9283 9282 9284
f 9283 9284 9285
f 9285 9284 9286
f 9285 9286 9287
f 9287 9286 9288
f 9287 9288 9289
f 1135 9290 9291
f 9291 9290 9292
f 9291 9292 9293
f 9293 9292 9294
f 9293 9294 9295
f 9295 9294 9296
f 9295 9296 9297
f 9297 9296 9298
f 9297 9298 9299
f 9299 9298 9300
f 9299 9300 9301
f 9301 9300 9302
f 9301 9302 9303
f 1135 9304 9269
f 9269 9304 9305
f 9269 9305 9270
f 9270 9305 9306
f 9270 9306 9271
f 9271 9306 9307
f 9271 9307 9272
f 9272 9307 9308
f 9272 9308 9273
f 9273 9308 9309
f 9273 9309 9274
f 9274 9309 9310
f 9311 9242 9312
f 9312 9242 9241
f 9312 9241 9313
f 9314 9315 9316
f 9316 9315 9317
f 9316 9317 9318
f 9318 9317 9319
f 9318 9319 9320
f 9320 9319 9321
f 9320 9321 9322
f 9322 9321 9323
f 9322 9323 9324
f 3482 9275 3483
f 3483 9275 9325
f 3483 9325 3481
f 2636 9238 2637
f 2637 9238 9240
f 2637 9240 2638
f 2638 9240 9326
f 2638 9326 2631
f 2631 9326 9262
f 2631 9262 2630
f 2630 9262 2626
f 9239 9288 9240
f 9240 9288 9286
f 9240 9286 9326
f 9326 9286 9284
f 9326 9284 9262
f 9262 9284 9282
f 9262 9282 9261
f 9261 9282 9280
f 9261 9280 9260
f 9260 9280 9278
f 9260 9278 9259
f 9259 9278 9276
f 9259 9276 9258
f 9258 9276 1135
f 9239 9327 9288
f 9288 9327 9328
f 9288 9328 9289
f 9289 9328 9329
f 9289 9329 9330
f 9330 9302 9289
f 9289 9302 9300
f 9289 9300 9287
f 9287 9300 9298
f 9287 9298 9285
f 9285 9298 9296
f 9285 9296 9283
f 9283 9296 9294
f 9283 9294 9281
f 9281 9294 9292
f 9281 9292 9279
f 9279 9292 9290
f 9279 9290 9277
f 9277 9290 1135
f 9330 9331 9302
f 9302 9331 9332
f 9302 9332 9303
f 9303 9332 9333
f 9303 9333 9334
f 9334 9310 9303
f 9303 9310 9309
f 9303 9309 9301
f 9301 9309 9308
f 9301 9308 9299
f 9299 9308 9307
f 9299 9307 9297
f 9297 9307 9306
f 9297 9306 9295
f 9295 9306 9305
f 9295 9305 9293
f 9293 9305 9304
f 9293 9304 9291
f 9291 9304 1135
f 9335 9336 9337
f 9337 9336 9313
f 9337 9313 9338
f 9338 9313 9241
f 9338 9241 9339
f 9339 9241 9243
f 9339 9243 9340
f 9336 9341 9313
f 9313 9341 9342
f 9313 9342 9312
f 9312 9342 9343
f 9312 9343 9311
f 9311 9343 9344
f 9311 9344 9345
f 9315 9340 9317
f 9317 9340 9243
f 9317 9243 9319
f 9319 9243 9242
f 9319 9242 9321
f 9321 9242 9311
f 9321 9311 9323
f 9323 9311 9345
f 9345 9346 9323
f 9323 9346 9347
f 9323 9347 9324
f 9324 9347 9348
f 9324 9348 9349
f 9350 9314 9351
f 9351 9314 9316
f 9351 9316 9352
f 9352 9316 9318
f 9352 9318 9353
f 9353 9318 9320
f 9353 9320 9354
f 9354 9320 9322
f 9354 9322 9355
f 9355 9322 9324
f 9355 9324 9356
f 9356 9324 9349
f 9356 9349 9357
f 1135 9350 9358
f 9358 9350 9351
f 9358 9351 9359
f 9359 9351 9352
f 9359 9352 9360
f 9360 9352 9353
f 9360 9353 9361
f 9361 9353 9354
f 9361 9354 9362
f 9362 9354 9355
f 9362 9355 9363
f 9363 9355 9356
f 9363 9356 9237
f 9237 9356 9357
f 9237 9357 9235
f 1135 9358 9244
f 9244 9358 9359
f 9244 9359 9248
f 9248 9359 9360
f 9248 9360 9252
f 9252 9360 9361
f 9252 9361 9257
f 9257 9361 9362
f 9257 9362 9268
f 9268 9362 9363
f 9268 9363 9275
f 9275 9363 9237
f 9275 9237 9325
f 9325 9237 9236
f 9325 9236 9364
f 9334 9335 9310
f 9310 9335 9337
f 9310 9337 9274
f 9274 9337 9338
f 9274 9338 9267
f 9267 9338 9339
f 9267 9339 9256
f 9256 9339 9340
f 9256 9340 9251
f 9251 9340 9315
f 9251 9315 9247
f 9247 9315 9314
f 9247 9314 9246
f 9246 9314 9350
f 9246 9350 1135
f 3329 3475 9365
f 9365 3475 9364
f 3475 3474 9364
f 9364 3474 3478
f 9364 3478 9325
f 9325 3478 3479
f 9325 3479 3481
f 3324 3325 9366
f 3327 3331 9367
f 3330 3329 9365
f 9368 9238 2635
f 2635 9238 2636
f 9369 9328 9370
f 9370 9328 9327
f 9370 9327 9368
f 9368 9327 9239
f 9368 9239 9238
f 9371 9372 9332
f 9332 9331 9371
f 9371 9331 9330
f 9371 9330 9369
f 9369 9330 9329
f 9369 9329 9328
f 9373 9342 9374
f 9374 9342 9341
f 9374 9341 9375
f 9375 9341 9336
f 9375 9336 9376
f 9376 9336 9335
f 9376 9335 9377
f 9377 9335 9334
f 9377 9334 9372
f 9372 9334 9333
f 9372 9333 9332
f 9378 9345 9379
f 9379 9345 9344
f 9379 9344 9373
f 9373 9344 9343
f 9373 9343 9342
f 9380 9381 9349
f 9349 9348 9380
f 9380 9348 9347
f 9380 9347 9378
f 9378 9347 9346
f 9378 9346 9345
f 9382 9236 9383
f 9383 9236 9235
f 9383 9235 9381
f 9381 9235 9357
f 9381 9357 9349
f 3331 3330 9367
f 9367 3330 9365
f 9367 9365 9382
f 9382 9365 9364
f 9382 9364 9236
f 3325 3327 9366
f 9366 3327 9367
f 9366 9367 9384
f 9384 9367 9382
f 9384 9382 9385
f 9385 9382 9383
f 9385 9383 9386
f 9386 9383 9381
f 9386 9381 9387
f 9387 9381 9380
f 9387 9380 9388
f 9388 9380 9378
f 9388 9378 9389
f 9389 9378 9379
f 9389 9379 9390
f 9390 9379 9373
f 9390 9373 9391
f 9391 9373 9374
f 9391 9374 9392
f 9392 9374 9375
f 9392 9375 9393
f 9393 9375 9376
f 9393 9376 9394
f 9394 9376 9377
f 9394 9377 9395
f 9395 9377 9372
f 9395 9372 9396
f 9396 9372 9371
f 9396 9371 9397
f 9397 9371 9369
f 9397 9369 9398
f 9398 9369 9370
f 9398 9370 9399
f 9399 9370 9368
f 9399 9368 2634
f 2634 9368 2635
f 2286 3324 9400
f 9400 3324 9366
f 9400 9366 9401
f 9401 9366 9384
f 9401 9384 9402
f 9402 9384 9385
f 9402 9385 9403
f 9403 9385 9386
f 9403 9386 9404
f 9404 9386 9387
f 9404 9387 9405
f 9405 9387 9388
f 9405 9388 9406
f 9406 9388 9389
f 9406 9389 9407
f 9407 9389 9390
f 9407 9390 9408
f 9408 9390 9391
f 9408 9391 9409
f 9409 9391 9392
f 9409 9392 9410
f 9410 9392 9393
f 9410 9393 9411
f 9411 9393 9394
f 9411 9394 9412
f 9412 9394 9395
f 9412 9395 9413
f 9413 9395 9396
f 9413 9396 9414
f 9414 9396 9397
f 9414 9397 9415
f 9415 9397 9398
f 9415 9398 9416
f 9416 9398 9399
f 9416 9399 2633
f 2633 9399 2634
f 2633 2632 9417
f 2633 9417 9416
f 9416 9417 9418
f 9416 9418 9415
f 9415 9418 9419
f 9415 9419 9414
f 9414 9419 9420
f 9414 9420 9413
f 9413 9420 9421
f 9413 9421 9412
f 9412 9421 9422
f 9412 9422 9411
f 9411 9422 9423
f 9411 9423 9410
f 9410 9423 9424
f 9410 9424 9409
f 9409 9424 9425
f 9409 9425 9408
f 9408 9425 9426
f 9408 9426 9407
f 9407 9426 9427
f 9407 9427 9406
f 9406 9427 9428
f 9406 9428 9405
f 9405 9428 9429
f 9405 9429 9404
f 9404 9429 9430
f 9404 9430 9403
f 9403 9430 9431
f 9403 9431 9402
f 9402 9431 9432
f 9402 9432 9401
f 9401 9432 9433
f 9401 9433 9400
f 9400 9433 2235
f 9400 2235 2286
f 2233 2235 9433
f 2220 2233 9434
f 2254 2220 9435
f 2255 2254 9436
f 2257 2255 9437
f 2259 2257 9438
f 2261 2259 9439
f 2263 2261 9440
f 2265 2263 9441
f 2267 2265 9442
f 2269 2267 9443
f 2217 2269 9444
f 2215 2217 9445
f 2210 2215 9446
f 2210 9446 9447
f 9447 9446 9448
f 9447 9448 9449
f 9449 9448 9450
f 9449 9450 9451
f 9451 9450 9452
f 9451 9452 9453
f 9453 9452 9454
f 9453 9454 9455
f 9455 9454 9456
f 9455 9456 9457
f 9457 9456 9458
f 9457 9458 9459
f 9459 9458 9460
f 9459 9460 9461
f 9461 9460 9462
f 9461 9462 9463
f 9463 9462 9464
f 9463 9464 9465
f 9465 9464 9466
f 9465 9466 9467
f 9467 9466 9468
f 9467 9468 9469
f 9469 9468 9470
f 9469 9470 9471
f 9471 9470 9472
f 9471 9472 9473
f 9473 9472 9474
f 9473 9474 9475
f 9475 9474 9476
f 9475 9476 9477
f 9477 9476 9478
f 9477 9478 9479
f 9479 9478 5242
f 9479 5242 2292
f 2215 9445 9446
f 9446 9445 9480
f 9446 9480 9448
f 9448 9480 9481
f 9448 9481 9450
f 9450 9481 9482
f 9450 9482 9452
f 9452 9482 9483
f 9452 9483 9454
f 9454 9483 9484
f 9454 9484 9456
f 9456 9484 9485
f 9456 9485 9458
f 9458 9485 9486
f 9458 9486 9460
f 9460 9486 9487
f 9460 9487 9462
f 9462 9487 9488
f 9462 9488 9464
f 9464 9488 9489
f 9464 9489 9466
f 9466 9489 9490
f 9466 9490 9468
f 9468 9490 9491
f 9468 9491 9470
f 9470 9491 9492
f 9470 9492 9472
f 9472 9492 9493
f 9472 9493 9474
f 9474 9493 9494
f 9474 9494 9476
f 9476 9494 9495
f 9476 9495 9478
f 9478 9495 5241
f 9478 5241 5242
f 2217 9444 9445
f 9445 9444 9496
f 9445 9496 9480
f 9480 9496 9497
f 9480 9497 9481
f 9481 9497 9498
f 9481 9498 9482
f 9482 9498 9499
f 9482 9499 9483
f 9483 9499 9500
f 9483 9500 9484
f 9484 9500 9501
f 9484 9501 9485
f 9485 9501 9502
f 9485 9502 9486
f 9486 9502 9503
f 9486 9503 9487
f 9487 9503 9504
f 9487 9504 9488
f 9488 9504 9505
f 9488 9505 9489
f 9489 9505 9506
f 9489 9506 9490
f 9490 9506 9507
f 9490 9507 9491
f 9491 9507 9508
f 9491 9508 9492
f 9492 9508 9509
f 9492 9509 9493
f 9493 9509 9510
f 9493 9510 9494
f 9494 9510 9511
f 9494 9511 9495
f 9495 9511 5240
f 9495 5240 5241
f 2269 9443 9444
f 9444 9443 9512
f 9444 9512 9496
f 9496 9512 9513
f 9496 9513 9497
f 9497 9513 9514
f 9497 9514 9498
f 9498 9514 9515
f 9498 9515 9499
f 9499 9515 9516
f 9499 9516 9500
f 9500 9516 9517
f 9500 9517 9501
f 9501 9517 9518
f 9501 9518 9502
f 9502 9518 9519
f 9502 9519 9503
f 9503 9519 9520
f 9503 9520 9504
f 9504 9520 9521
f 9504 9521 9505
f 9505 9521 9522
f 9505 9522 9506
f 9506 9522 9523
f 9506 9523 9507
f 9507 9523 9524
f 9507 9524 9508
f 9508 9524 9525
f 9508 9525 9509
f 9509 9525 9526
f 9509 9526 9510
f 9510 9526 9527
f 9510 9527 9511
f 9511 9527 5239
f 9511 5239 5240
f 2267 9442 9443
f 9443 9442 9528
f 9443 9528 9512
f 9512 9528 9529
f 9512 9529 9513
f 9513 9529 9530
f 9513 9530 9514
f 9514 9530 9531
f 9514 9531 9515
f 9515 9531 9532
f 9515 9532 9516
f 9516 9532 9533
f 9516 9533 9517
f 9517 9533 9534
f 9517 9534 9518
f 9518 9534 9535
f 9518 9535 9519
f 9519 9535 9536
f 9519 9536 9520
f 9520 9536 9537
f 9520 9537 9521
f 9521 9537 9538
f 9521 9538 9522
f 9522 9538 9539
f 9522 9539 9523
f 9523 9539 9540
f 9523 9540 9524
f 9524 9540 9541
f 9524 9541 9525
f 9525 9541 9542
f 9525 9542 9526
f 9526 9542 9543
f 9526 9543 9527
f 9527 9543 5238
f 9527 5238 5239
f 2265 9441 9442
f 9442 9441 9544
f 9442 9544 9528
f 9528 9544 9545
f 9528 9545 9529
f 9529 9545 9546
f 9529 9546 9530
f 9530 9546 9547
f 9530 9547 9531
f 9531 9547 9548
f 9531 9548 9532
f 9532 9548 9549
f 9532 9549 9533
f 9533 9549 9550
f 9533 9550 9534
f 9534 9550 9551
f 9534 9551 9535
f 9535 9551 9552
f 9535 9552 9536
f 9536 9552 9553
f 9536 9553 9537
f 9537 9553 9554
f 9537 9554 9538
f 9538 9554 9555
f 9538 9555 9539
f 9539 9555 9556
f 9539 9556 9540
f 9540 9556 9557
f 9540 9557 9541
f 9541 9557 9558
f 9541 9558 9542
f 9542 9558 9559
f 9542 9559 9543
f 9543 9559 5237
f 9543 5237 5238
f 2263 9440 9441
f 9441 9440 9560
f 9441 9560 9544
f 9544 9560 9561
f 9544 9561 9545
f 9545 9561 9562
f 9545 9562 9546
f 9546 9562 9563
f 9546 9563 9547
f 9547 9563 9564
f 9547 9564 9548
f 9548 9564 9565
f 9548 9565 9549
f 9549 9565 9566
f 9549 9566 9550
f 9550 9566 9567
f 9550 9567 9551
f 9551 9567 9568
f 9551 9568 9552
f 9552 9568 9569
f 9552 9569 9553
f 9553 9569 9570
f 9553 9570 9554
f 9554 9570 9571
f 9554 9571 9555
f 9555 9571 9572
f 9555 9572 9556
f 9556 9572 9573
f 9556 9573 9557
f 9557 9573 9574
f 9557 9574 9558
f 9558 9574 9575
f 9558 9575 9559
f 9559 9575 5236
f 9559 5236 5237
f 2261 9439 9440
f 9440 9439 9576
f 9440 9576 9560
f 9560 9576 9577
f 9560 9577 9561
f 9561 9577 9578
f 9561 9578 9562
f 9562 9578 9579
f 9562 9579 9563
f 9563 9579 9580
f 9563 9580 9564
f 9564 9580 9581
f 9564 9581 9565
f 9565 9581 9582
f 9565 9582 9566
f 9566 9582 9583
f 9566 9583 9567
f 9567 9583 9584
f 9567 9584 9568
f 9568 9584 9585
f 9568 9585 9569
f 9569 9585 9586
f 9569 9586 9570
f 9570 9586 9587
f 9570 9587 9571
f 9571 9587 9588
f 9571 9588 9572
f 9572 9588 9589
f 9572 9589 9573
f 9573 9589 9590
f 9573 9590 9574
f 9574 9590 9591
f 9574 9591 9575
f 9575 9591 5235
f 9575 5235 5236
f 2259 9438 9439
f 9439 9438 9592
f 9439 9592 9576
f 9576 9592 9593
f 9576 9593 9577
f 9577 9593 9594
f 9577 9594 9578
f 9578 9594 9595
f 9578 9595 9579
f 9579 9595 9596
f 9579 9596 9580
f 9580 9596 9597
f 9580 9597 9581
f 9581 9597 9598
f 9581 9598 9582
f 9582 9598 9599
f 9582 9599 9583
f 9583 9599 9600
f 9583 9600 9584
f 9584 9600 9601
f 9584 9601 9585
f 9585 9601 9602
f 9585 9602 9586
f 9586 9602 9603
f 9586 9603 9587
f 9587 9603 9604
f 9587 9604 9588
f 9588 9604 9605
f 9588 9605 9589
f 9589 9605 9606
f 9589 9606 9590
f 9590 9606 9607
f 9590 9607 9591
f 9591 9607 5234
f 9591 5234 5235
f 2257 9437 9438
f 9438 9437 9608
f 9438 9608 9592
f 9592 9608 9609
f 9592 9609 9593
f 9593 9609 9610
f 9593 9610 9594
f 9594 9610 9611
f 9594 9611 9595
f 9595 9611 9612
f 9595 9612 9596
f 9596 9612 9613
f 9596 9613 9597
f 9597 9613 9614
f 9597 9614 9598
f 9598 9614 9615
f 9598 9615 9599
f 9599 9615 9616
f 9599 9616 9600
f 9600 9616 9617
f 9600 9617 9601
f 9601 9617 9618
f 9601 9618 9602
f 9602 9618 9619
f 9602 9619 9603
f 9603 9619 9620
f 9603 9620 9604
f 9604 9620 9621
f 9604 9621 9605
f 9605 9621 9622
f 9605 9622 9606
f 9606 9622 9623
f 9606 9623 9607
f 9607 9623 5233
f 9607 5233 5234
f 2255 9436 9437
f 9437 9436 9624
f 9437 9624 9608
f 9608 9624 9625
f 9608 9625 9609
f 9609 9625 9626
f 9609 9626 9610
f 9610 9626 9627
f 9610 9627 9611
f 9611 9627 9628
f 9611 9628 9612
f 9612 9628 9629
f 9612 9629 9613
f 9613 9629 9630
f 9613 9630 9614
f 9614 9630 9631
f 9614 9631 9615
f 9615 9631 9632
f 9615 9632 9616
f 9616 9632 9633
f 9616 9633 9617
f 9617 9633 9634
f 9617 9634 9618
f 9618 9634 9635
f 9618 9635 9619
f 9619 9635 9636
f 9619 9636 9620
f 9620 9636 9637
f 9620 9637 9621
f 9621 9637 9638
f 9621 9638 9622
f 9622 9638 9639
f 9622 9639 9623
f 9623 9639 5232
f 9623 5232 5233
f 2254 9435 9436
f 9436 9435 9640
f 9436 9640 9624
f 9624 9640 9641
f 9624 9641 9625
f 9625 9641 9642
f 9625 9642 9626
f 9626 9642 9643
f 9626 9643 9627
f 9627 9643 9644
f 9627 9644 9628
f 9628 9644 9645
f 9628 9645 9629
f 9629 9645 9646
f 9629 9646 9630
f 9630 9646 9647
f 9630 9647 9631
f 9631 9647 9648
f 9631 9648 9632
f 9632 9648 9649
f 9632 9649 9633
f 9633 9649 9650
f 9633 9650 9634
f 9634 9650 9651
f 9634 9651 9635
f 9635 9651 9652
f 9635 9652 9636
f 9636 9652 9653
f 9636 9653 9637
f 9637 9653 9654
f 9637 9654 9638
f 9638 9654 9655
f 9638 9655 9639
f 9639 9655 5231
f 9639 5231 5232
f 2220 9434 9435
f 9435 9434 9656
f 9435 9656 9640
f 9640 9656 9657
f 9640 9657 9641
f 9641 9657 9658
f 9641 9658 9642
f 9642 9658 9659
f 9642 9659 9643
f 9643 9659 9660
f 9643 9660 9644
f 9644 9660 9661
f 9644 9661 9645
f 9645 9661 9662
f 9645 9662 9646
f 9646 9662 9663
f 9646 9663 9647
f 9647 9663 9664
f 9647 9664 9648
f 9648 9664 9665
f 9648 9665 9649
f 9649 9665 9666
f 9649 9666 9650
f 9650 9666 9667
f 9650 9667 9651
f 9651 9667 9668
f 9651 9668 9652
f 9652 9668 9669
f 9652 9669 9653
f 9653 9669 9670
f 9653 9670 9654
f 9654 9670 9671
f 9654 9671 9655
f 9655 9671 5230
f 9655 5230 5231
f 2233 9433 9434
f 9434 9433 9432
f 9434 9432 9656
f 9656 9432 9431
f 9656 9431 9657
f 9657 9431 9430
f 9657 9430 9658
f 9658 9430 9429
f 9658 9429 9659
f 9659 9429 9428
f 9659 9428 9660
f 9660 9428 9427
f 9660 9427 9661
f 9661 9427 9426
f 9661 9426 9662
f 9662 9426 9425
f 9662 9425 9663
f 9663 9425 9424
f 9663 9424 9664
f 9664 9424 9423
f 9664 9423 9665
f 9665 9423 9422
f 9665 9422 9666
f 9666 9422 9421
f 9666 9421 9667
f 9667 9421 9420
f 9667 9420 9668
f 9668 9420 9419
f 9668 9419 9669
f 9669 9419 9418
f 9669 9418 9670
f 9670 9418 9417
f 9670 9417 9671
f 9671 9417 2632
f 9671 2632 5230
f 2184 2210 9447
f 2181 2184 9672
f 2200 2181 9673
f 2200 9673 9674
f 9674 9673 9675
f 9674 9675 9676
f 9676 9675 9677
f 9676 9677 9678
f 9678 9677 9679
f 9678 9679 9680
f 9680 9679 9681
f 9680 9681 9682
f 9682 9681 9683
f 9682 9683 9684
f 9684 9683 9685
f 9684 9685 9686
f 9686 9685 9687
f 9686 9687 9688
f 9688 9687 9689
f 9688 9689 9690
f 9690 9689 9691
f 9690 9691 9692
f 9692 9691 9693
f 9692 9693 9694
f 9694 9693 9695
f 9694 9695 9696
f 9696 9695 9697
f 9696 9697 9698
f 9698 9697 9699
f 9698 9699 9700
f 9700 9699 9701
f 9700 9701 9702
f 9702 9701 9703
f 9702 9703 9704
f 9704 9703 9705
f 9704 9705 9706
f 9706 9705 2295
f 9706 2295 2294
f 2181 9672 9673
f 9673 9672 9707
f 9673 9707 9675
f 9675 9707 9708
f 9675 9708 9677
f 9677 9708 9709
f 9677 9709 9679
f 9679 9709 9710
f 9679 9710 9681
f 9681 9710 9711
f 9681 9711 9683
f 9683 9711 9712
f 9683 9712 9685
f 9685 9712 9713
f 9685 9713 9687
f 9687 9713 9714
f 9687 9714 9689
f 9689 9714 9715
f 9689 9715 9691
f 9691 9715 9716
f 9691 9716 9693
f 9693 9716 9717
f 9693 9717 9695
f 9695 9717 9718
f 9695 9718 9697
f 9697 9718 9719
f 9697 9719 9699
f 9699 9719 9720
f 9699 9720 9701
f 9701 9720 9721
f 9701 9721 9703
f 9703 9721 9722
f 9703 9722 9705
f 9705 9722 2293
f 9705 2293 2295
f 2184 9447 9672
f 9672 9447 9449
f 9672 9449 9707
f 9707 9449 9451
f 9707 9451 9708
f 9708 9451 9453
f 9708 9453 9709
f 9709 9453 9455
f 9709 9455 9710
f 9710 9455 9457
f 9710 9457 9711
f 9711 9457 9459
f 9711 9459 9712
f 9712 9459 9461
f 9712 9461 9713
f 9713 9461 9463
f 9713 9463 9714
f 9714 9463 9465
f 9714 9465 9715
f 9715 9465 9467
f 9715 9467 9716
f 9716 9467 9469
f 9716 9469 9717
f 9717 9469 9471
f 9717 9471 9718
f 9718 9471 9473
f 9718 9473 9719
f 9719 9473 9475
f 9719 9475 9720
f 9720 9475 9477
f 9720 9477 9721
f 9721 9477 9479
f 9721 9479 9722
f 9722 9479 2292
f 9722 2292 2293
f 2202 2200 9674
f 2204 2202 9723
f 2242 2204 9724
f 2244 2242 9725
f 2246 2244 9726
f 2248 2246 9727
f 2250 2248 9728
f 2252 2250 9729
f 2282 2252 9730
f 2281 2282 9731
f 2279 2281 9732
f 2277 2279 9733
f 2238 2277 9734
f 2273 2238 9735
f 2273 9735 9736
f 9736 9735 9737
f 9736 9737 9738
f 9738 9737 9739
f 9738 9739 9740
f 9740 9739 9741
f 9740 9741 9742
f 9742 9741 9743
f 9742 9743 9744
f 9744 9743 9745
f 9744 9745 9746
f 9746 9745 9747
f 9746 9747 9748
f 9748 9747 9749
f 9748 9749 9750
f 9750 9749 9751
f 9750 9751 9752
f 9752 9751 9753
f 9752 9753 9754
f 9754 9753 9755
f 9754 9755 9756
f 9756 9755 9757
f 9756 9757 9758
f 9758 9757 9759
f 9758 9759 9760
f 9760 9759 9761
f 9760 9761 9762
f 9762 9761 9763
f 9762 9763 9764
f 9764 9763 9765
f 9764 9765 9766
f 9766 9765 9767
f 9766 9767 9768
f 9768 9767 5256
f 9768 5256 2586
f 2238 9734 9735
f 9735 9734 9769
f 9735 9769 9737
f 9737 9769 9770
f 9737 9770 9739
f 9739 9770 9771
f 9739 9771 9741
f 9741 9771 9772
f 9741 9772 9743
f 9743 9772 9773
f 9743 9773 9745
f 9745 9773 9774
f 9745 9774 9747
f 9747 9774 9775
f 9747 9775 9749
f 9749 9775 9776
f 9749 9776 9751
f 9751 9776 9777
f 9751 9777 9753
f 9753 9777 9778
f 9753 9778 9755
f 9755 9778 9779
f 9755 9779 9757
f 9757 9779 9780
f 9757 9780 9759
f 9759 9780 9781
f 9759 9781 9761
f 9761 9781 9782
f 9761 9782 9763
f 9763 9782 9783
f 9763 9783 9765
f 9765 9783 9784
f 9765 9784 9767
f 9767 9784 5257
f 9767 5257 5256
f 2277 9733 9734
f 9734 9733 9785
f 9734 9785 9769
f 9769 9785 9786
f 9769 9786 9770
f 9770 9786 9787
f 9770 9787 9771
f 9771 9787 9788
f 9771 9788 9772
f 9772 9788 9789
f 9772 9789 9773
f 9773 9789 9790
f 9773 9790 9774
f 9774 9790 9791
f 9774 9791 9775
f 9775 9791 9792
f 9775 9792 9776
f 9776 9792 9793
f 9776 9793 9777
f 9777 9793 9794
f 9777 9794 9778
f 9778 9794 9795
f 9778 9795 9779
f 9779 9795 9796
f 9779 9796 9780
f 9780 9796 9797
f 9780 9797 9781
f 9781 9797 9798
f 9781 9798 9782
f 9782 9798 9799
f 9782 9799 9783
f 9783 9799 9800
f 9783 9800 9784
f 9784 9800 5258
f 9784 5258 5257
f 2279 9732 9733
f 9733 9732 9801
f 9733 9801 9785
f 9785 9801 9802
f 9785 9802 9786
f 9786 9802 9803
f 9786 9803 9787
f 9787 9803 9804
f 9787 9804 9788
f 9788 9804 9805
f 9788 9805 9789
f 9789 9805 9806
f 9789 9806 9790
f 9790 9806 9807
f 9790 9807 9791
f 9791 9807 9808
f 9791 9808 9792
f 9792 9808 9809
f 9792 9809 9793
f 9793 9809 9810
f 9793 9810 9794
f 9794 9810 9811
f 9794 9811 9795
f 9795 9811 9812
f 9795 9812 9796
f 9796 9812 9813
f 9796 9813 9797
f 9797 9813 9814
f 9797 9814 9798
f 9798 9814 9815
f 9798 9815 9799
f 9799 9815 9816
f 9799 9816 9800
f 9800 9816 5259
f 9800 5259 5258
f 2281 9731 9732
f 9732 9731 9817
f 9732 9817 9801
f 9801 9817 9818
f 9801 9818 9802
f 9802 9818 9819
f 9802 9819 9803
f 9803 9819 9820
f 9803 9820 9804
f 9804 9820 9821
f 9804 9821 9805
f 9805 9821 9822
f 9805 9822 9806
f 9806 9822 9823
f 9806 9823 9807
f 9807 9823 9824
f 9807 9824 9808
f 9808 9824 9825
f 9808 9825 9809
f 9809 9825 9826
f 9809 9826 9810
f 9810 9826 9827
f 9810 9827 9811
f 9811 9827 9828
f 9811 9828 9812
f 9812 9828 9829
f 9812 9829 9813
f 9813 9829 9830
f 9813 9830 9814
f 9814 9830 9831
f 9814 9831 9815
f 9815 9831 9832
f 9815 9832 9816
f 9816 9832 5260
f 9816 5260 5259
f 2282 9730 9731
f 9731 9730 9833
f 9731 9833 9817
f 9817 9833 9834
f 9817 9834 9818
f 9818 9834 9835
f 9818 9835 9819
f 9819 9835 9836
f 9819 9836 9820
f 9820 9836 9837
f 9820 9837 9821
f 9821 9837 9838
f 9821 9838 9822
f 9822 9838 9839
f 9822 9839 9823
f 9823 9839 9840
f 9823 9840 9824
f 9824 9840 9841
f 9824 9841 9825
f 9825 9841 9842
f 9825 9842 9826
f 9826 9842 9843
f 9826 9843 9827
f 9827 9843 9844
f 9827 9844 9828
f 9828 9844 9845
f 9828 9845 9829
f 9829 9845 9846
f 9829 9846 9830
f 9830 9846 9847
f 9830 9847 9831
f 9831 9847 9848
f 9831 9848 9832
f 9832 9848 5261
f 9832 5261 5260
f 2252 9729 9730
f 9730 9729 9849
f 9730 9849 9833
f 9833 9849 9850
f 9833 9850 9834
f 9834 9850 9851
f 9834 9851 9835
f 9835 9851 9852
f 9835 9852 9836
f 9836 9852 9853
f 9836 9853 9837
f 9837 9853 9854
f 9837 9854 9838
f 9838 9854 9855
f 9838 9855 9839
f 9839 9855 9856
f 9839 9856 9840
f 9840 9856 9857
f 9840 9857 9841
f 9841 9857 9858
f 9841 9858 9842
f 9842 9858 9859
f 9842 9859 9843
f 9843 9859 9860
f 9843 9860 9844
f 9844 9860 9861
f 9844 9861 9845
f 9845 9861 9862
f 9845 9862 9846
f 9846 9862 9863
f 9846 9863 9847
f 9847 9863 9864
f 9847 9864 9848
f 9848 9864 5262
f 9848 5262 5261
f 2250 9728 9729
f 9729 9728 9865
f 9729 9865 9849
f 9849 9865 9866
f 9849 9866 9850
f 9850 9866 9867
f 9850 9867 9851
f 9851 9867 9868
f 9851 9868 9852
f 9852 9868 9869
f 9852 9869 9853
f 9853 9869 9870
f 9853 9870 9854
f 9854 9870 9871
f 9854 9871 9855
f 9855 9871 9872
f 9855 9872 9856
f 9856 9872 9873
f 9856 9873 9857
f 9857 9873 9874
f 9857 9874 9858
f 9858 9874 9875
f 9858 9875 9859
f 9859 9875 9876
f 9859 9876 9860
f 9860 9876 9877
f 9860 9877 9861
f 9861 9877 9878
f 9861 9878 9862
f 9862 9878 9879
f 9862 9879 9863
f 9863 9879 9880
f 9863 9880 9864
f 9864 9880 5263
f 9864 5263 5262
f 2248 9727 9728
f 9728 9727 9881
f 9728 9881 9865
f 9865 9881 9882
f 9865 9882 9866
f 9866 9882 9883
f 9866 9883 9867
f 9867 9883 9884
f 9867 9884 9868
f 9868 9884 9885
f 9868 9885 9869
f 9869 9885 9886
f 9869 9886 9870
f 9870 9886 9887
f 9870 9887 9871
f 9871 9887 9888
f 9871 9888 9872
f 9872 9888 9889
f 9872 9889 9873
f 9873 9889 9890
f 9873 9890 9874
f 9874 9890 9891
f 9874 9891 9875
f 9875 9891 9892
f 9875 9892 9876
f 9876 9892 9893
f 9876 9893 9877
f 9877 9893 9894
f 9877 9894 9878
f 9878 9894 9895
f 9878 9895 9879
f 9879 9895 9896
f 9879 9896 9880
f 9880 9896 5264
f 9880 5264 5263
f 2246 9726 9727
f 9727 9726 9897
f 9727 9897 9881
f 9881 9897 9898
f 9881 9898 9882
f 9882 9898 9899
f 9882 9899 9883
f 9883 9899 9900
f 9883 9900 9884
f 9884 9900 9901
f 9884 9901 9885
f 9885 9901 9902
f 9885 9902 9886
f 9886 9902 9903
f 9886 9903 9887
f 9887 9903 9904
f 9887 9904 9888
f 9888 9904 9905
f 9888 9905 9889
f 9889 9905 9906
f 9889 9906 9890
f 9890 9906 9907
f 9890 9907 9891
f 9891 9907 9908
f 9891 9908 9892
f 9892 9908 9909
f 9892 9909 9893
f 9893 9909 9910
f 9893 9910 9894
f 9894 9910 9911
f 9894 9911 9895
f 9895 9911 9912
f 9895 9912 9896
f 9896 9912 5265
f 9896 5265 5264
f 2244 9725 9726
f 9726 9725 9913
f 9726 9913 9897
f 9897 9913 9914
f 9897 9914 9898
f 9898 9914 9915
f 9898 9915 9899
f 9899 9915 9916
f 9899 9916 9900
f 9900 9916 9917
f 9900 9917 9901
f 9901 9917 9918
f 9901 9918 9902
f 9902 9918 9919
f 9902 9919 9903
f 9903 9919 9920
f 9903 9920 9904
f 9904 9920 9921
f 9904 9921 9905
f 9905 9921 9922
f 9905 9922 9906
f 9906 9922 9923
f 9906 9923 9907
f 9907 9923 9924
f 9907 9924 9908
f 9908 9924 9925
f 9908 9925 9909
f 9909 9925 9926
f 9909 9926 9910
f 9910 9926 9927
f 9910 9927 9911
f 9911 9927 9928
f 9911 9928 9912
f 9912 9928 5266
f 9912 5266 5265
f 2242 9724 9725
f 9725 9724 9929
f 9725 9929 9913
f 9913 9929 9930
f 9913 9930 9914
f 9914 9930 9931
f 9914 9931 9915
f 9915 9931 9932
f 9915 9932 9916
f 9916 9932 9933
f 9916 9933 9917
f 9917 9933 9934
f 9917 9934 9918
f 9918 9934 9935
f 9918 9935 9919
f 9919 9935 9936
f 9919 9936 9920
f 9920 9936 9937
f 9920 9937 9921
f 9921 9937 9938
f 9921 9938 9922
f 9922 9938 9939
f 9922 9939 9923
f 9923 9939 9940
f 9923 9940 9924
f 9924 9940 9941
f 9924 9941 9925
f 9925 9941 9942
f 9925 9942 9926
f 9926 9942 9943
f 9926 9943 9927
f 9927 9943 9944
f 9927 9944 9928
f 9928 9944 5267
f 9928 5267 5266
f 2204 9723 9724
f 9724 9723 9945
f 9724 9945 9929
f 9929 9945 9946
f 9929 9946 9930
f 9930 9946 9947
f 9930 9947 9931
f 9931 9947 9948
f 9931 9948 9932
f 9932 9948 9949
f 9932 9949 9933
f 9933 9949 9950
f 9933 9950 9934
f 9934 9950 9951
f 9934 9951 9935
f 9935 9951 9952
f 9935 9952 9936
f 9936 9952 9953
f 9936 9953 9937
f 9937 9953 9954
f 9937 9954 9938
f 9938 9954 9955
f 9938 9955 9939
f 9939 9955 9956
f 9939 9956 9940
f 9940 9956 9957
f 9940 9957 9941
f 9941 9957 9958
f 9941 9958 9942
f 9942 9958 9959
f 9942 9959 9943
f 9943 9959 9960
f 9943 9960 9944
f 9944 9960 5268
f 9944 5268 5267
f 2202 9674 9723
f 9723 9674 9676
f 9723 9676 9945
f 9945 9676 9678
f 9945 9678 9946
f 9946 9678 9680
f 9946 9680 9947
f 9947 9680 9682
f 9947 9682 9948
f 9948 9682 9684
f 9948 9684 9949
f 9949 9684 9686
f 9949 9686 9950
f 9950 9686 9688
f 9950 9688 9951
f 9951 9688 9690
f 9951 9690 9952
f 9952 9690 9692
f 9952 9692 9953
f 9953 9692 9694
f 9953 9694 9954
f 9954 9694 9696
f 9954 9696 9955
f 9955 9696 9698
f 9955 9698 9956
f 9956 9698 9700
f 9956 9700 9957
f 9957 9700 9702
f 9957 9702 9958
f 9958 9702 9704
f 9958 9704 9959
f 9959 9704 9706
f 9959 9706 9960
f 9960 9706 2294
f 9960 2294 5268
f 2586 2587 9961
f 2586 9961 9768
f 9768 9961 9962
f 9768 9962 9766
f 9766 9962 9963
f 9766 9963 9764
f 9764 9963 9964
f 9764 9964 9762
f 9762 9964 9965
f 9762 9965 9760
f 9760 9965 9966
f 9760 9966 9758
f 9758 9966 9967
f 9758 9967 9756
f 9756 9967 9968
f 9756 9968 9754
f 9754 9968 9969
f 9754 9969 9752
f 9752 9969 9970
f 9752 9970 9750
f 9750 9970 9971
f 9750 9971 9748
f 9748 9971 9972
f 9748 9972 9746
f 9746 9972 9973
f 9746 9973 9744
f 9744 9973 9974
f 9744 9974 9742
f 9742 9974 9975
f 9742 9975 9740
f 9740 9975 9976
f 9740 9976 9738
f 9738 9976 9977
f 9738 9977 9736
f 9736 9977 2274
f 9736 2274 2273
f 9978 9979 9980
f 9981 9982 9983
f 9984 9985 9986
f 9986 9987 9967
f 9961 9988 9962
f 9962 9988 9989
f 9962 9989 9963
f 9963 9989 9990
f 9963 9990 9964
f 9966 9965 9991
f 9967 9987 9968
f 9968 9987 9992
f 9968 9992 9969
f 9969 9992 9993
f 9969 9993 9970
f 9970 9993 9994
f 9970 9994 9971
f 9971 9994 9995
f 9971 9995 9972
f 9976 9975 9996
f 9997 9990 9998
f 9998 9990 9989
f 9998 9989 9999
f 9999 9989 9988
f 10000 9991 10001
f 10001 9991 9965
f 10001 9965 9964
f 9986 9985 9987
f 9987 9985 10002
f 9987 10002 9992
f 9992 10002 10003
f 9992 10003 9993
f 9993 10003 10004
f 9993 10004 9994
f 9994 10004 10005
f 9994 10005 9995
f 10006 9996 10007
f 10007 9996 9975
f 10007 9975 9974
f 2912 2916 9979
f 9979 2916 2915
f 9979 2915 9980
f 9980 2915 2914
f 9980 2914 2274
f 2584 9999 2585
f 2585 9999 9988
f 2585 9988 2588
f 2588 9988 9961
f 2588 9961 2587
f 2584 10008 9999
f 9999 10008 10009
f 9999 10009 9998
f 9998 10009 10010
f 9998 10010 9997
f 9997 10010 10011
f 9997 10011 10012
f 9964 9990 10001
f 10001 9990 9997
f 10001 9997 10000
f 10000 9997 10012
f 10000 10012 10013
f 10013 10014 10000
f 10000 10014 9984
f 10000 9984 9991
f 9991 9984 9986
f 9991 9986 9966
f 9966 9986 9967
f 10015 10005 10016
f 10016 10005 10004
f 10016 10004 10017
f 10017 10004 10003
f 10017 10003 10018
f 10018 10003 10002
f 10018 10002 10019
f 10019 10002 9985
f 10019 9985 10020
f 10020 9985 9984
f 10020 9984 10021
f 10021 9984 10014
f 10015 10022 10005
f 10005 10022 10023
f 10005 10023 9995
f 9995 10023 10024
f 9995 10024 9972
f 9972 10024 9973
f 10022 10025 10023
f 10023 10025 9981
f 10023 9981 10024
f 10024 9981 9983
f 10024 9983 9973
f 9973 9983 9974
f 10025 10026 9981
f 9981 10026 10027
f 9981 10027 9982
f 9982 10027 10028
f 9982 10028 10029
f 9974 9983 10007
f 10007 9983 9982
f 10007 9982 10006
f 10006 9982 10029
f 10006 10029 10030
f 10030 10031 10006
f 10006 10031 10032
f 10006 10032 9996
f 9996 10032 10033
f 9996 10033 9976
f 9976 10033 9977
f 10031 10034 10032
f 10032 10034 9978
f 10032 9978 10033
f 10033 9978 9980
f 10033 9980 9977
f 9977 9980 2274
f 10035 2719 2910
f 2910 2912 10035
f 10035 2912 9979
f 10035 9979 10036
f 10036 9979 9978
f 10036 9978 10037
f 10037 9978 10034
f 1006 10038 10039
f 1006 10040 10041
f 10042 10040 1006
f 10039 10042 1006
f 1006 10043 10044
f 10045 10043 1006
f 10041 10045 1006
f 1006 10046 10047
f 10048 10046 1006
f 10044 10048 1006
f 1006 10049 2593
f 10050 10049 1006
f 10047 10050 1006
f 2596 2595 10051
f 2592 2591 10052
f 2584 2583 10008
f 10008 2583 10053
f 10054 10011 10055
f 10055 10011 10010
f 10055 10010 10053
f 10053 10010 10009
f 10053 10009 10008
f 10056 10013 10054
f 10054 10013 10012
f 10054 10012 10011
f 10057 10021 10056
f 10056 10021 10014
f 10056 10014 10013
f 10058 10019 10057
f 10057 10019 10020
f 10057 10020 10021
f 10059 10015 10060
f 10060 10015 10016
f 10060 10016 10061
f 10061 10016 10017
f 10061 10017 10058
f 10058 10017 10018
f 10058 10018 10019
f 10062 10026 10063
f 10063 10026 10025
f 10063 10025 10059
f 10059 10025 10022
f 10059 10022 10015
f 10064 10028 10062
f 10062 10028 10027
f 10062 10027 10026
f 10034 10031 10065
f 10065 10031 10030
f 10065 10030 10064
f 10064 10030 10029
f 10064 10029 10028
f 10066 10037 10034
f 10037 10066 10036
f 2719 10035 2717
f 2717 10035 10036
f 10067 10065 10068
f 10068 10065 10064
f 10068 10064 10069
f 10069 10064 10062
f 10069 10062 10070
f 10070 10062 10063
f 10070 10063 10071
f 10071 10063 10059
f 10071 10059 10072
f 10072 10059 10060
f 10072 10060 10073
f 10073 10060 10061
f 10073 10061 10074
f 10074 10061 10058
f 10074 10058 10075
f 10075 10058 10057
f 10075 10057 10076
f 10076 10057 10056
f 10076 10056 10077
f 10077 10056 10054
f 10077 10054 10078
f 10078 10054 10055
f 10078 10055 10052
f 10052 10055 10053
f 10052 10053 2592
f 2592 10053 2583
f 2709 2711 10079
f 10079 2711 2713
f 10079 2713 10080
f 10080 2713 2714
f 10080 2714 10036
f 10036 2714 2716
f 10036 2716 2717
f 10081 10067 10082
f 10082 10067 10068
f 10082 10068 10083
f 10083 10068 10069
f 10083 10069 10084
f 10084 10069 10070
f 10084 10070 10085
f 10085 10070 10071
f 10085 10071 10086
f 10086 10071 10072
f 10086 10072 10087
f 10087 10072 10073
f 10087 10073 10088
f 10088 10073 10074
f 10088 10074 10089
f 10089 10074 10075
f 10089 10075 10090
f 10090 10075 10076
f 10090 10076 10091
f 10091 10076 10077
f 10091 10077 10092
f 10092 10077 10078
f 10092 10078 10093
f 10093 10078 10052
f 10093 10052 2590
f 2590 10052 2591
f 2709 10079 2707
f 2707 10079 10094
f 2707 10094 2703
f 10095 10081 10096
f 10096 10081 10082
f 10096 10082 10097
f 10097 10082 10083
f 10097 10083 10098
f 10098 10083 10084
f 10098 10084 10099
f 10099 10084 10085
f 10099 10085 10100
f 10100 10085 10086
f 10100 10086 10101
f 10101 10086 10087
f 10101 10087 10102
f 10102 10087 10088
f 10102 10088 10103
f 10103 10088 10089
f 10103 10089 10104
f 10104 10089 10090
f 10104 10090 10105
f 10105 10090 10091
f 10105 10091 10106
f 10106 10091 10092
f 10106 10092 10107
f 10107 10092 10093
f 10107 10093 2589
f 2589 10093 2590
f 2702 2701 10108
f 10108 2701 2700
f 10108 2700 10094
f 10094 2700 2704
f 10094 2704 2703
f 10109 10095 10110
f 10110 10095 10096
f 10110 10096 10111
f 10111 10096 10097
f 10111 10097 10112
f 10112 10097 10098
f 10112 10098 10113
f 10113 10098 10099
f 10113 10099 10114
f 10114 10099 10100
f 10114 10100 10115
f 10115 10100 10101
f 10115 10101 10116
f 10116 10101 10102
f 10116 10102 10117
f 10117 10102 10103
f 10117 10103 10118
f 10118 10103 10104
f 10118 10104 10119
f 10119 10104 10105
f 10119 10105 10120
f 10120 10105 10106
f 10120 10106 10051
f 10051 10106 10107
f 10051 10107 2596
f 2596 10107 2589
f 2702 10108 2694
f 2694 10108 10121
f 2694 10121 2696
f 10122 10109 10123
f 10123 10109 10110
f 10123 10110 10124
f 10124 10110 10111
f 10124 10111 10125
f 10125 10111 10112
f 10125 10112 10126
f 10126 10112 10113
f 10126 10113 10127
f 10127 10113 10114
f 10127 10114 10128
f 10128 10114 10115
f 10128 10115 10129
f 10129 10115 10116
f 10129 10116 10130
f 10130 10116 10117
f 10130 10117 10131
f 10131 10117 10118
f 10131 10118 10132
f 10132 10118 10119
f 10132 10119 10133
f 10133 10119 10120
f 10133 10120 10134
f 10134 10120 10051
f 10134 10051 2594
f 2594 10051 2595
f 2696 10121 2698
f 2698 10121 10135
f 2698 10135 2699
f 10038 10122 10039
f 10039 10122 10123
f 10039 10123 10042
f 10042 10123 10124
f 10042 10124 10040
f 10040 10124 10125
f 10040 10125 10041
f 10041 10125 10126
f 10041 10126 10045
f 10045 10126 10127
f 10045 10127 10043
f 10043 10127 10128
f 10043 10128 10044
f 10044 10128 10129
f 10044 10129 10048
f 10048 10129 10130
f 10048 10130 10046
f 10046 10130 10131
f 10046 10131 10047
f 10047 10131 10132
f 10047 10132 10050
f 10050 10132 10133
f 10050 10133 10049
f 10049 10133 10134
f 10049 10134 2593
f 2593 10134 2594
f 10136 2690 10135
f 10135 2690 2692
f 10135 2692 2699
f 1006 2687 10136
f 10136 2687 2688
f 10136 2688 2690
f 10036 10066 10080
f 10080 10066 10137
f 10080 10137 10079
f 10079 10137 10138
f 10079 10138 10094
f 10094 10138 10139
f 10094 10139 10108
f 10108 10139 10140
f 10108 10140 10121
f 10121 10140 10141
f 10121 10141 10135
f 10135 10141 10142
f 10135 10142 10136
f 10136 10142 1006
f 10034 10065 10066
f 10066 10065 10067
f 10066 10067 10137
f 10137 10067 10081
f 10137 10081 10138
f 10138 10081 10095
f 10138 10095 10139
f 10139 10095 10109
f 10139 10109 10140
f 10140 10109 10122
f 10140 10122 10141
f 10141 10122 10038
f 10141 10038 10142
f 10142 10038 1006
f 5316 2057 10143
f 10143 2057 425
f 10143 425 5463
f 5463 425 424
f 10144 5342 10143
f 10143 5342 5316
f 5462 363 10144
f 10144 363 362
f 10144 362 5342
f 5342 362 5343
f 10144 10143 5462
f 5462 10143 5463
f 174 278 692
f 174 692 5310
f 5310 692 691
f 5310 691 5311
f 5311 691 706
f 5311 706 5312
f 5312 706 683
f 5312 683 5313
f 5313 683 682
f 5313 682 5337
f 5337 682 718
f 5337 718 5338
f 5338 718 717
f 5338 717 5339
f 5339 717 705
f 5339 705 5358
f 5358 705 704
f 5358 704 5359
f 5359 704 703
f 5359 703 5360
f 5360 703 716
f 5360 716 5340
f 5340 716 715
f 5340 715 5341
f 5341 715 702
f 5341 702 5361
f 5361 702 701
f 5361 701 5362
f 5362 701 714
f 5362 714 5363
f 5363 714 713
f 5363 713 5314
f 5314 713 712
f 5314 712 5315
f 5315 712 711
f 5315 711 5376
f 5376 711 710
f 5376 710 5377
f 5377 710 700
f 5377 700 5378
f 5378 700 699
f 5378 699 5379
f 5379 699 721
f 5379 721 5344
f 5344 721 720
f 5344 720 5296
f 5326 388 387
f 5326 387 5327
f 5327 387 386
f 5327 386 5300
f 5300 386 385
f 5300 385 5301
f 5301 385 384
f 5301 384 5302
f 5302 384 395
f 5302 395 5317
f 5317 395 394
f 5317 394 5318
f 5318 394 393
f 5318 393 5303
f 5303 393 383
f 5303 383 5304
f 5304 383 381
f 5304 381 5307
f 5307 381 380
f 5307 380 5308
f 5308 380 420
f 5308 420 5309
f 5309 420 419
f 5309 419 5345
f 5345 419 411
f 5345 411 5346
f 5346 411 410
f 5346 410 5347
f 5347 410 418
f 5347 418 5348
f 5348 418 417
f 5348 417 5367
f 5367 417 409
f 5367 409 5368
f 5368 409 408
f 5368 408 5298
f 5298 408 407
f 5298 407 5299
f 5299 407 406
f 5299 406 5305
f 5305 406 405
f 5305 405 5306
f 5306 405 404
f 5306 404 5297
f 5297 404 14
f 5297 14 13
f 5295 852 851
f 5295 851 5427
f 5427 851 850
f 5427 850 5428
f 5428 850 840
f 5428 840 5429
f 5429 840 841
f 5429 841 5430
f 5430 841 842
f 5430 842 5431
f 5431 842 839
f 5431 839 5432
f 5432 839 838
f 5432 838 5446
f 5446 838 837
f 5446 837 5447
f 5447 837 836
f 5447 836 5448
f 5448 836 849
f 5448 849 5408
f 5408 849 848
f 5408 848 5409
f 5409 848 835
f 5409 835 5440
f 5440 835 834
f 5440 834 5441
f 5441 834 855
f 5441 855 5442
f 5442 855 854
f 5442 854 5410
f 5410 854 853
f 5410 853 5411
f 5411 853 847
f 5411 847 5433
f 5433 847 846
f 5433 846 5434
f 5434 846 844
f 5434 844 5435
f 5435 844 843
f 5435 843 5436
f 5436 843 830
f 5436 830 5437
f 5437 830 829
f 5437 829 5323
f 5323 829 8
f 5323 8 7
f 159 158 443
f 159 443 5364
f 5364 443 439
f 5364 439 5365
f 5365 439 438
f 5365 438 5366
f 5366 438 436
f 5366 436 5400
f 5400 436 435
f 5400 435 5401
f 5401 435 463
f 5401 463 5402
f 5402 463 462
f 5402 462 5403
f 5403 462 461
f 5403 461 5404
f 5404 461 455
f 5404 455 5380
f 5380 455 454
f 5380 454 5381
f 5381 454 453
f 5381 453 5321
f 5321 453 452
f 5321 452 5322
f 5322 452 460
f 5322 460 5405
f 5405 460 459
f 5405 459 5406
f 5406 459 434
f 5406 434 5407
f 5407 434 433
f 5407 433 5421
f 5421 433 451
f 5421 451 5422
f 5422 451 450
f 5422 450 5423
f 5423 450 449
f 5423 449 5424
f 5424 449 458
f 5424 458 5425
f 5425 458 457
f 5425 457 5426
f 5426 457 456
f 5426 456 5324
f 5324 456 432
f 5324 432 5325
f 1618 149 147
f 1618 147 1619
f 1619 147 145
f 1619 145 1621
f 143 1459 144
f 144 1459 1458
f 884 1617 885
f 885 1617 1616
f 885 1616 1736
f 1458 1463 144
f 144 1463 1461
f 144 1461 1460
f 1736 1621 885
f 885 1621 145
f 885 145 1263
f 1263 145 144
f 1263 144 1466
f 1466 144 1460
f 1973 1975 56
f 1963 1965 56
f 56 1965 1967
f 56 1967 1973
f 1973 1967 1969
f 1973 1969 1971
f 1315 57 1313
f 1313 57 56
f 1313 56 1976
f 1976 56 1975
f 1358 223 222
f 1358 222 1357
f 1357 222 221
f 1357 221 99
f 1329 357 4
f 4 357 5
f 1910 1914 104
f 104 1914 1865
f 104 1865 1864
f 467 1371 106
f 106 1371 1859
f 106 1859 104
f 1859 1884 104
f 104 1884 1877
f 104 1877 1910
f 1910 1877 1862
f 1910 1862 1861
f 224 223 1358
f 224 1358 183
f 1358 1359 183
f 183 1359 1356
f 183 1356 184
f 184 1356 185
f 1317 1353 188
f 188 1353 187
f 1356 1355 185
f 185 1355 1319
f 185 1319 188
f 188 1319 1318
f 188 1318 1317
f 197 186 1352
f 187 1353 186
f 186 1353 1354
f 186 1354 1352
f 192 195 1352
f 1352 195 196
f 1352 196 197
f 1352 1351 192
f 192 1351 1322
f 192 1322 193
f 193 1322 1321
f 193 1321 194
f 194 1321 1320
f 194 1320 198
f 198 1320 1347
f 198 1347 199
f 1347 1348 199
f 199 1348 1349
f 199 1349 189
f 189 1349 190
f 190 1349 1350
f 190 1350 191
f 191 1350 1345
f 191 1345 200
f 200 1345 1344
f 200 1344 201
f 201 1344 1340
f 201 1340 202
f 202 1340 1339
f 202 1339 203
f 203 1339 1338
f 203 1338 204
f 204 1338 1346
f 204 1346 210
f 1346 1341 210
f 210 1341 1342
f 210 1342 209
f 209 1342 208
f 208 1342 1343
f 208 1343 205
f 205 1343 1337
f 205 1337 206
f 206 1337 1336
f 206 1336 207
f 207 1336 1325
f 207 1325 211
f 211 1325 1324
f 211 1324 212
f 212 1324 1323
f 212 1323 216
f 1323 1332 216
f 216 1332 1333
f 216 1333 217
f 217 1333 1334
f 217 1334 218
f 218 1334 1335
f 1329 4 1328
f 1328 4 219
f 1328 219 1326
f 1326 219 215
f 1326 215 1330
f 1330 215 214
f 1330 214 1331
f 1331 214 213
f 1331 213 1335
f 1335 213 220
f 1335 220 218
f 98 97 1361
f 93 95 1363
f 57 1315 58
f 58 1315 1316
f 58 1316 59
f 1316 1312 59
f 59 1312 1311
f 59 1311 60
f 60 1311 1310
f 60 1310 61
f 1310 1309 61
f 61 1309 1308
f 61 1308 62
f 62 1308 1307
f 62 1307 63
f 63 1307 1306
f 63 1306 64
f 64 1306 1305
f 64 1305 65
f 65 1305 66
f 66 1305 1304
f 66 1304 67
f 67 1304 1303
f 67 1303 68
f 68 1303 1300
f 68 1300 69
f 69 1300 1301
f 69 1301 70
f 75 74 1297
f 1301 1302 70
f 70 1302 1299
f 70 1299 71
f 71 1299 1298
f 71 1298 72
f 72 1298 1297
f 72 1297 73
f 73 1297 74
f 1297 1296 75
f 75 1296 1295
f 75 1295 76
f 76 1295 1294
f 76 1294 77
f 77 1294 1284
f 77 1284 78
f 78 1284 1283
f 78 1283 79
f 85 86 1290
f 1283 1293 79
f 79 1293 1292
f 79 1292 80
f 80 1292 1291
f 80 1291 81
f 81 1291 1290
f 81 1290 82
f 82 1290 86
f 1290 1289 85
f 85 1289 1288
f 85 1288 83
f 83 1288 1287
f 83 1287 87
f 87 1287 1286
f 87 1286 88
f 88 1286 1285
f 88 1285 89
f 1285 1280 89
f 89 1280 1279
f 89 1279 90
f 90 1279 1281
f 90 1281 91
f 1363 95 1364
f 1364 95 96
f 1364 96 1282
f 1282 96 1281
f 1281 96 92
f 1281 92 91
f 93 1363 97
f 97 1363 1362
f 97 1362 1361
f 98 1361 99
f 99 1361 1360
f 99 1360 1357
f 108 1380 109
f 109 1380 1407
f 109 1407 110
f 1871 1870 100
f 1870 1930 100
f 100 1930 1873
f 100 1873 107
f 107 1873 1872
f 107 1872 108
f 108 1872 1381
f 108 1381 1380
f 104 1864 1868
f 104 1868 102
f 102 1868 1867
f 102 1867 100
f 100 1867 1880
f 100 1880 1871
f 1407 1406 110
f 110 1406 1413
f 110 1413 111
f 111 1413 1412
f 111 1412 112
f 112 1412 113
f 1412 1410 113
f 113 1410 1409
f 113 1409 114
f 114 1409 1415
f 114 1415 115
f 1415 1414 115
f 115 1414 1421
f 115 1421 116
f 116 1421 1420
f 116 1420 117
f 117 1420 1418
f 117 1418 118
f 118 1418 1417
f 118 1417 119
f 119 1417 1423
f 1426 122 1427
f 1427 122 121
f 1423 1422 119
f 119 1422 1427
f 119 1427 120
f 120 1427 121
f 1426 1425 122
f 122 1425 1378
f 122 1378 123
f 123 1378 1377
f 123 1377 124
f 124 1377 1431
f 124 1431 125
f 125 1431 1429
f 125 1429 126
f 126 1429 1428
f 1433 131 1435
f 1435 131 130
f 1428 1438 126
f 126 1438 1437
f 126 1437 127
f 127 1437 1436
f 127 1436 128
f 128 1436 1435
f 128 1435 129
f 129 1435 130
f 1433 1432 131
f 131 1432 1442
f 131 1442 132
f 132 1442 1440
f 132 1440 134
f 1440 1439 134
f 134 1439 1450
f 134 1450 135
f 135 1450 1449
f 135 1449 136
f 136 1449 137
f 137 1449 1448
f 137 1448 138
f 1446 1444 140
f 140 1444 141
f 1448 1447 138
f 138 1447 1446
f 138 1446 139
f 139 1446 140
f 1444 1443 141
f 141 1443 1456
f 141 1456 142
f 142 1456 151
f 1456 1455 151
f 151 1455 1454
f 151 1454 152
f 1451 1459 143
f 152 1454 143
f 143 1454 1452
f 143 1452 1451
f 1954 1955 54
f 52 51 1946
f 1946 51 50
f 1946 50 1674
f 1674 50 49
f 1674 49 1675
f 46 1612 47
f 47 1612 1671
f 47 1671 49
f 49 1671 1670
f 49 1670 1675
f 44 1669 45
f 45 1669 1667
f 45 1667 46
f 46 1667 1613
f 46 1613 1612
f 42 1660 1666
f 1666 1665 42
f 42 1665 1664
f 42 1664 43
f 43 1664 1662
f 43 1662 44
f 44 1662 1661
f 44 1661 1669
f 37 1656 38
f 38 1656 1655
f 38 1655 39
f 42 41 1660
f 1660 41 40
f 1660 40 1659
f 1659 40 39
f 1659 39 1654
f 1654 39 1655
f 35 1649 36
f 36 1649 1648
f 36 1648 37
f 37 1648 1657
f 37 1657 1656
f 30 1645 31
f 31 1645 1644
f 31 1644 32
f 32 1644 33
f 1644 1643 33
f 33 1643 1653
f 33 1653 34
f 34 1653 1651
f 34 1651 35
f 35 1651 1650
f 35 1650 1649
f 24 1633 1632
f 24 1632 25
f 25 1632 1630
f 25 1630 26
f 1630 1629 26
f 26 1629 1641
f 26 1641 27
f 27 1641 1642
f 27 1642 28
f 28 1642 1639
f 28 1639 29
f 29 1639 1638
f 29 1638 30
f 30 1638 1646
f 30 1646 1645
f 24 23 1633
f 1633 23 22
f 1633 22 1634
f 1634 22 21
f 1634 21 1635
f 1635 21 20
f 1635 20 1636
f 1636 20 19
f 1636 19 1622
f 1622 19 1623
f 16 1626 1625
f 1623 19 1625
f 1625 19 17
f 1625 17 16
f 1618 1628 149
f 149 1628 1627
f 1626 16 1627
f 1627 16 150
f 1627 150 149
f 1954 54 1952
f 52 1946 53
f 53 1946 1948
f 53 1948 54
f 54 1948 1949
f 54 1949 1952
f 1963 56 1961
f 1961 56 55
f 1961 55 1959
f 1959 55 54
f 1959 54 1957
f 1957 54 1955
